id_departamento,departamento,id_municipio,municipio,id_localidad,localidad,anio_servicio,mes_servicio,energia_activa,energia_reactiva,potencia_maxima,dia_demanda_max,fecha_demanda_max,promedio_horas,municipio_original
91,amazonas,91001,leticia,91001000,leticia (leticia - amazonas),2020,1,3930642,1251191,7768.76,lunes,2020-01-27 14:15:00,24.0,leticia
91,amazonas,91540,puerto nariño,91540000,puerto nariño (puerto nariño - amazonas),2020,1,103897,36304,227.04,miércoles,2020-01-22 19:15:00,24.0,puerto nariño
91,amazonas,91798,tarapacá (anm),91798000,tarapacá (tarapacá (anm) - amazonas),2020,1,22864,9277,88.96,jueves,2020-01-30 19:30:00,10.19,tarapacá (anm)
05,antioquia,05873,vigía del fuerte,05873001,san antonio de padua (vigía del fuerte - antioquia),2020,1,5617,1381,53.66,jueves,2020-01-23 19:45:00,4.13,vigía del fuerte
05,antioquia,05873,vigía del fuerte,05873002,vegáez (vigía del fuerte - antioquia),2020,1,2217,539,39.07,miércoles,2020-01-29 19:45:00,3.17,vigía del fuerte
05,antioquia,05873,vigía del fuerte,05873000,vigía del fuerte (vigía del fuerte - antioquia),2020,1,64137,28058,324.19,jueves,2020-01-23 21:45:00,8.11,vigía del fuerte
88,"archipiélago de san andrés, providencia y santa catalina",88564,providencia,88564000,providencia (providencia - archipiélago de san andrés y providencia),2020,1,982117,337077,1671.09,viernes,2020-01-03 19:30:00,24.0,providencia
88,"archipiélago de san andrés, providencia y santa catalina",88001,san andrés,88001000,san andrés (san andrés - archipiélago de san andrés y providencia),2020,1,16666323,4824581,28619.27,viernes,2020-01-03 15:45:00,24.0,san andrés
13,bolívar,13001,cartagena de indias,13001007,isla fuerte (cartagena de indias - bolívar),2020,1,16797,8887,135.85,sábado,2020-01-04 15:30:00,5.26,cartagena de indias
13,bolívar,13001,cartagena de indias,13001037,isla múcura (cartagena de indias - bolívar),2020,1,10188,4396,31.44,sábado,2020-01-04 21:45:00,14.6,cartagena de indias
13,bolívar,13001,cartagena de indias,13001017,santa cruz del islote (cartagena de indias - bolívar),2020,1,13187,4523,50.18,sábado,2020-01-11 22:15:00,12.23,cartagena de indias
18,caquetá,18150,cartagena del chairá,18150001,remolino del caguán (cartagena del chaira - caquetá),2020,1,15966,7544,87.13,sábado,2020-01-25 18:45:00,8.06,cartagena del chairá
18,caquetá,18753,san vicente del caguán,18753002,guacamayas (san vicente del caguán - caquetá),2020,1,12554,6147,39.26,viernes,2020-01-03 19:30:00,18.26,san vicente del caguán
85,casanare,85430,trinidad,85430001,bocas del pauto (trinidad - casanare),2020,1,13100,7330,107.65,jueves,2020-01-30 19:00:00,5.56,trinidad
19,cauca,19418,lópez (micay),19418011,dos quebradas río naya (lópez de micay - cauca),2020,1,2090,537,45.25,sábado,2020-01-04 18:45:00,1.47,lópez de micay
19,cauca,19418,lópez (micay),19418038,isla de gallo (lópez de micay - cauca),2020,1,2545,788,26.94,viernes,2020-01-10 18:45:00,3.54,lópez de micay
19,cauca,19418,lópez (micay),19418009,noanamito (lópez de micay - cauca),2020,1,4271,2127,32.0,viernes,2020-01-31 20:45:00,5.56,lópez de micay
19,cauca,19418,lópez (micay),19418012,san antonio de chuaré (lópez de micay - cauca),2020,1,6552,1861,60.74,lunes,2020-01-27 19:15:00,4.39,lópez de micay
19,cauca,19418,lópez (micay),19418019,zaragoza (lopez de micay - cauca),2020,1,5843,2375,57.31,martes,2020-01-21 19:15:00,5.02,lópez de micay
19,cauca,19809,timbiquí,19809014,chacón (timbiquí - cauca),2020,1,3530,625,30.06,miércoles,2020-01-15 18:45:00,5.03,timbiquí
19,cauca,19809,timbiquí,19809010,comunidad de chete (timbiquí - cauca),2020,1,2093,617,39.23,domingo,2020-01-19 19:30:00,2.05,timbiquí
19,cauca,19809,timbiquí,19809003,coteje (timbiquí - cauca),2020,1,5137,3129,34.04,sábado,2020-01-18 19:45:00,5.46,timbiquí
19,cauca,19809,timbiquí,19809026,los brazos (timbiquí - cauca),2020,1,9464,1581,51.77,miércoles,2020-01-29 19:45:00,6.5,timbiquí
19,cauca,19809,timbiquí,19809023,puerto saija (timbiquí - cauca),2020,1,30165,10630,168.08,domingo,2020-01-19 19:15:00,7.05,timbiquí
19,cauca,19809,timbiquí,19809007,san josé (timbiquí - cauca),2020,1,6346,3460,45.53,sábado,2020-01-25 20:30:00,5.46,timbiquí
19,cauca,19809,timbiquí,19809008,santa maría (timbiquí - cauca),2020,1,12368,4382,75.2,martes,2020-01-28 19:30:00,6.36,timbiquí
19,cauca,19809,timbiquí,19809009,santa rosa de saija (timbiquí - cauca),2020,1,2410,671,24.31,martes,2020-01-28 19:30:00,4.01,timbiquí
27,chocó,27006,acandí,27006000,acandí (acandí - chocó),2020,1,418615,191068,941.6,viernes,2020-01-17 20:45:00,19.23,acandí
27,chocó,27006,acandí,27006003,capurganá (acandí - choco),2020,1,296137,107670,833.89,viernes,2020-01-03 18:30:00,18.23,acandí
27,chocó,27025,alto baudó (pie de pato),27025000,ciudad baudó - pie de pato (alto baudó - chocó),2020,1,32654,8739,143.18,martes,2020-01-21 19:15:00,12.54,alto baudó (pie de pato)
27,chocó,27075,bahía solano (mutis),27075000,ciudad mutis (bahía solano - chocó),2020,1,611938,224941,1191.96,viernes,2020-01-17 20:15:00,23.56,bahía solano (mutis)
27,chocó,27075,bahía solano (mutis),27075002,el valle (bahía solano - chocó),2020,1,150660,70006,312.05,viernes,2020-01-31 19:15:00,23.52,bahía solano (mutis)
27,chocó,27075,bahía solano (mutis),27075001,cupica (bahía solano - chocó),2020,1,57963,25684,152.14,sábado,2020-01-04 19:15:00,20.58,bahía solano (mutis)
27,chocó,27077,bajo baudó (pizarro),27077000,pizarro (bajo baudó (pizarro) - chocó),2020,1,186716,83630,533.81,viernes,2020-01-17 19:30:00,20.54,bajo baudó (pizarro)
27,chocó,27099,bojayá (bellavista),27099000,bellavista (bojayá (bellavista) - chocó),2020,1,79288,28402,242.36,sábado,2020-01-18 19:45:00,14.56,bojayá (bellavista)
27,chocó,27099,bojayá (bellavista),27099002,la loma de bojayá (bojayá (bellavista) - chocó),2020,1,13519,5124,83.2,domingo,2020-01-19 19:15:00,7.42,bojayá (bellavista)
27,chocó,27099,bojayá (bellavista),27099008,puerto conto (bojayá (bellavista) - choco),2020,1,4355,1136,45.6,viernes,2020-01-31 20:45:00,3.35,bojayá (bellavista)
27,chocó,27250,el litoral del san juan,27250000,santa genoveva de docordó (el litoral del san juan - chocó),2020,1,70549,36589,186.25,lunes,2020-01-27 19:45:00,17.12,el litoral del san juan
27,chocó,27425,medio atrato (beté),27425000,beté (medio atrato (beté) - chocó),2020,1,7336,2747,84.0,viernes,2020-01-31 19:45:00,4.4,medio atrato (beté)
27,chocó,27495,nuquí,27495001,arusí (nuquí - choco),2020,1,10287,4875,51.2,lunes,2020-01-20 18:30:00,8.05,nuquí
27,chocó,27495,nuquí,27495912,comunidad indígena de panguí - el yucal (nuquí - chocó),2020,1,5875,1484,11.21,lunes,2020-01-20 00:00:00,19.12,nuquí
27,chocó,27495,nuquí,27495000,nuquí (nuquí - chocó),2020,1,198811,62901,482.24,lunes,2020-01-13 19:15:00,19.34,nuquí
27,chocó,27001,quibdó,27001029,tagachi (quibdó - chocó),2020,1,4956,1100,70.49,miércoles,2020-01-22 19:45:00,3.36,quibdó
27,chocó,27745,sipí,27745000,sipí (sipí - choco),2020,1,10872,3028,74.8,miércoles,2020-01-29 20:15:00,5.42,sipí
27,chocó,27800,unguía,27800001,balboa (unguía - chocó),2020,1,16481,6458,89.87,sábado,2020-01-11 19:30:00,7.41,unguía
27,chocó,27800,unguía,27800005,titumate (unguía - chocó),2020,1,9739,4014,69.78,miércoles,2020-01-08 19:15:00,5.4,unguía
27,chocó,27800,unguía,27800000,unguía (unguía - chocó),2020,1,257893,93064,779.24,sábado,2020-01-18 19:00:00,15.43,unguía
94,guainía,94343,barrancominas,94343000,barrancominas (barrancominas - guainía),2020,1,39131,13849,154.14,miércoles,2020-01-22 19:00:00,11.08,barrancominas
94,guainía,94001,inírida,94001000,inírida (inírida - guainía),2020,1,1643134,551952,3193.52,martes,2020-01-28 14:30:00,24.0,inírida
95,guaviare,95200,miraflores,95200000,miraflores (miraflores - guaviare),2020,1,78171,27605,201.08,miércoles,2020-01-29 19:15:00,17.36,miraflores
44,la guajira,44847,uribia,44847012,nazareth (uribia - la guajira),2020,1,15660,7303,213.98,miércoles,2020-01-08 18:30:00,3.51,uribia
47,magdalena,47189,ciénaga,47189018,palmor (ciénaga - magdalena),2020,1,95888,36336,188.48,sábado,2020-01-18 19:15:00,23.36,ciénaga
50,meta,50325,mapiripán,50325000,mapiripán (mapiripán - meta),2020,1,133744,56337,288.64,viernes,2020-01-31 18:45:00,23.37,mapiripán
52,nariño,52250,el charco,52250023,bazán (el charco - nariño),2020,1,16316,7561,105.6,viernes,2020-01-24 20:30:00,5.59,el charco
52,nariño,52250,el charco,52250022,el cuil pueblo nuevo (el charco - nariño),2020,1,5358,1798,35.28,sábado,2020-01-04 20:15:00,6.15,el charco
52,nariño,52250,el charco,52250007,san josé del tapaje (el charco - nariño),2020,1,13262,3324,96.0,jueves,2020-01-30 20:00:00,5.4,el charco
52,nariño,52390,la tola,52390013,amárales (la tola - nariño),2020,1,5064,1180,70.34,martes,2020-01-21 20:15:00,2.53,la tola
52,nariño,52390,la tola,52390003,la vigía de la mar (la tola - nariño),2020,1,4676,1440,31.96,lunes,2020-01-06 18:45:00,6.08,la tola
52,nariño,52390,la tola,52390009,mulatos (la tola - nariño),2020,1,4243,2448,37.7,martes,2020-01-14 19:30:00,5.56,la tola
52,nariño,52390,la tola,52390016,san pablo del mar (la tola - nariño),2020,1,4497,805,35.42,domingo,2020-01-19 19:00:00,5.34,la tola
52,nariño,52490,olaya herrera,52490913,boca de prieta (olaya herrera - nariño),2020,1,3143,624,21.84,miércoles,2020-01-29 18:00:00,5.33,olaya herrera
52,nariño,52490,olaya herrera,52490008,san josé calabazal (olaya herrera - nariño),2020,1,5320,1723,44.57,sábado,2020-01-11 19:00:00,4.3,olaya herrera
52,nariño,52835,san andrés de tumaco,52835055,bocas de curay (tumaco - nariño),2020,1,6548,1273,57.6,viernes,2020-01-24 19:00:00,4.37,san andrés de tumaco
52,nariño,52835,san andrés de tumaco,52835012,chajal (tumaco - nariño),2020,1,3350,902,145.55,lunes,2020-01-13 19:15:00,0.55,san andrés de tumaco
52,nariño,52835,san andrés de tumaco,52835016,pital de la costa (tumaco - nariño),2020,1,16992,9518,88.0,sábado,2020-01-18 19:30:00,8.36,san andrés de tumaco
52,nariño,52835,san andrés de tumaco,52835212,pueblo nuevo (tablón salado) (tumaco - nariño),2020,1,2339,798,20.8,martes,2020-01-07 19:45:00,4.47,san andrés de tumaco
52,nariño,52835,san andrés de tumaco,52835217,san juan de la costa (san andrés de tumaco - nariño),2020,1,19090,9321,153.6,martes,2020-01-14 19:15:00,5.54,san andrés de tumaco
52,nariño,52835,san andrés de tumaco,52835091,santa rosa (tumaco - nariño),2020,1,1250,328,31.81,martes,2020-01-14 19:30:00,1.33,san andrés de tumaco
52,nariño,52835,san andrés de tumaco,52835148,tablón dulce la pampa (tumaco - nariño),2020,1,1487,388,28.1,lunes,2020-01-20 20:15:00,2.19,san andrés de tumaco
52,nariño,52696,santa bárbara (iscuandé),52696014,la ensenada (santa bárbara (iscuandé) - nariño),2020,1,4466,5060,28.35,martes,2020-01-21 18:30:00,5.49,santa bárbara (iscuandé)
52,nariño,52696,santa bárbara (iscuandé),52696017,santa rita (santa barbara (iscuandé) - nariño),2020,1,2126,1005,37.76,jueves,2020-01-02 19:30:00,2.15,santa bárbara (iscuandé)
86,putumayo,86573,puerto leguízamo,86573009,piñuña negro (puerto leguízamo - putumayo),2020,1,3942,1771,28.8,domingo,2020-01-26 20:30:00,6.15,puerto leguízamo
86,putumayo,86573,puerto leguízamo,86573000,puerto leguízamo (puerto leguízamo - putumayo),2020,1,934496,349113,2149.84,martes,2020-01-28 19:30:00,23.57,puerto leguízamo
76,valle del cauca,76109,buenaventura,76109028,puerto merizalde (buenaventura - valle del cauca),2020,1,43466,13886,254.14,sábado,2020-01-18 19:30:00,6.29,buenaventura
76,valle del cauca,76109,buenaventura,76109032,san francisco naya (buenaventura - valle del cauca),2020,1,6560,2113,36.58,viernes,2020-01-10 21:15:00,7.0,buenaventura
97,vaupés,97161,carurú,97161000,carurú (carurú - vaupés),2020,1,26507,9259,97.68,viernes,2020-01-24 18:45:00,12.24,carurú
97,vaupés,97001,mitú,97001000,mitú (mitú - vaupés),2020,1,1242033,394710,2633.77,viernes,2020-01-31 23:45:00,23.58,mitú
97,vaupés,97666,taraira,97666000,taraira (taraira - vaupés),2020,1,26536,9370,97.24,miércoles,2020-01-29 18:15:00,11.17,taraira
99,vichada,99773,cumaribo,99773000,cumaribo (cumaribo - vichada),2020,1,269226,118700,579.92,martes,2020-01-28 18:15:00,21.49,cumaribo
99,vichada,99524,la primavera,99524000,la primavera (la primavera - vichada),2020,1,351440,182493,705.25,jueves,2020-01-30 19:45:00,24.0,la primavera
99,vichada,99001,puerto carreño,99001002,casuarito (puerto carreño - vichada),2020,1,26425,11216,129.36,lunes,2020-01-20 18:30:00,8.43,puerto carreño
99,vichada,99001,puerto carreño,99001000,puerto carreño (puerto carreño - vichada),2020,1,2346886,785884,4320.8,martes,2020-01-28 14:15:00,24.0,puerto carreño
99,vichada,99624,santa rosalía,99624000,santa rosalía (santa rosalía - vichada),2020,1,130724,68540,323.52,jueves,2020-01-23 19:15:00,18.0,santa rosalía
91,amazonas,91001,leticia,91001000,leticia (leticia - amazonas),2020,2,3718227,1157331,7347.36,miércoles,2020-02-05 14:30:00,24.0,leticia
91,amazonas,91540,puerto nariño,91540000,puerto nariño (puerto nariño - amazonas),2020,2,99758,35858,221.41,martes,2020-02-04 19:00:00,23.58,puerto nariño
91,amazonas,91798,tarapacá (anm),91798000,tarapacá (tarapacá (anm) - amazonas),2020,2,22870,8922,90.62,domingo,2020-02-23 19:00:00,10.24,tarapacá (anm)
05,antioquia,05873,vigía del fuerte,05873001,san antonio de padua (vigía del fuerte - antioquia),2020,2,5609,1448,52.93,viernes,2020-02-28 19:45:00,4.37,vigía del fuerte
05,antioquia,05873,vigía del fuerte,05873002,vegáez (vigía del fuerte - antioquia),2020,2,5178,717,43.14,viernes,2020-02-07 18:45:00,5.4,vigía del fuerte
05,antioquia,05873,vigía del fuerte,05873000,vigía del fuerte (vigía del fuerte - antioquia),2020,2,93760,39361,323.49,viernes,2020-02-28 19:00:00,11.49,vigía del fuerte
88,"archipiélago de san andrés, providencia y santa catalina",88564,providencia,88564000,providencia (providencia - archipiélago de san andrés y providencia),2020,2,938090,321284,1610.85,martes,2020-02-18 21:30:00,24.0,providencia
88,"archipiélago de san andrés, providencia y santa catalina",88001,san andrés,88001000,san andrés (san andrés - archipiélago de san andrés y providencia),2020,2,15684818,4533824,28217.6,miércoles,2020-02-12 16:00:00,24.0,san andrés
13,bolívar,13001,cartagena de indias,13001007,isla fuerte (cartagena de indias - bolívar),2020,2,15514,8486,114.57,domingo,2020-02-16 14:15:00,5.37,cartagena de indias
13,bolívar,13001,cartagena de indias,13001037,isla múcura (cartagena de indias - bolívar),2020,2,6477,2892,25.54,viernes,2020-02-14 22:00:00,10.49,cartagena de indias
13,bolívar,13001,cartagena de indias,13001017,santa cruz del islote (cartagena de indias - bolívar),2020,2,12675,4372,45.06,viernes,2020-02-07 20:15:00,13.26,cartagena de indias
18,caquetá,18150,cartagena del chairá,18150001,remolino del caguán (cartagena del chaira - caquetá),2020,2,15525,7062,90.37,sábado,2020-02-01 18:45:00,8.1,cartagena del chairá
18,caquetá,18753,san vicente del caguán,18753002,guacamayas (san vicente del caguán - caquetá),2020,2,12257,5917,40.15,sábado,2020-02-15 19:15:00,18.1,san vicente del caguán
18,caquetá,18753,san vicente del caguán,18753009,puerto betania (san vicente del caguán - caquetá),2020,2,1604,633,40.72,viernes,2020-02-21 19:15:00,1.49,san vicente del caguán
85,casanare,85430,trinidad,85430001,bocas del pauto (trinidad - casanare),2020,2,13909,7296,110.27,jueves,2020-02-27 19:00:00,5.48,trinidad
19,cauca,19418,lópez (micay),19418011,dos quebradas río naya (lópez de micay - cauca),2020,2,6035,1889,43.65,martes,2020-02-04 19:30:00,5.47,lópez de micay
19,cauca,19418,lópez (micay),19418038,isla de gallo (lópez de micay - cauca),2020,2,2834,905,26.34,viernes,2020-02-14 18:30:00,4.35,lópez de micay
19,cauca,19418,lópez (micay),19418009,noanamito (lópez de micay - cauca),2020,2,3995,2058,44.0,miércoles,2020-02-12 19:15:00,5.25,lópez de micay
19,cauca,19418,lópez (micay),19418012,san antonio de chuaré (lópez de micay - cauca),2020,2,6033,1790,61.5,sábado,2020-02-15 18:45:00,4.08,lópez de micay
19,cauca,19418,lópez (micay),19418019,zaragoza (lopez de micay - cauca),2020,2,7099,2930,55.33,domingo,2020-02-09 19:45:00,5.59,lópez de micay
19,cauca,19809,timbiquí,19809014,chacón (timbiquí - cauca),2020,2,2019,364,26.64,sábado,2020-02-01 19:15:00,3.12,timbiquí
19,cauca,19809,timbiquí,19809010,comunidad de chete (timbiquí - cauca),2020,2,2489,695,40.03,viernes,2020-02-21 19:30:00,2.3,timbiquí
19,cauca,19809,timbiquí,19809003,coteje (timbiquí - cauca),2020,2,4501,2754,34.88,sábado,2020-02-01 19:30:00,5.12,timbiquí
19,cauca,19809,timbiquí,19809026,los brazos (timbiquí - cauca),2020,2,7857,1301,52.3,martes,2020-02-11 19:30:00,6.02,timbiquí
19,cauca,19809,timbiquí,19809023,puerto saija (timbiquí - cauca),2020,2,25416,8460,174.06,viernes,2020-02-14 19:45:00,5.58,timbiquí
19,cauca,19809,timbiquí,19809007,san josé (timbiquí - cauca),2020,2,1747,1028,46.75,jueves,2020-02-13 19:15:00,1.39,timbiquí
19,cauca,19809,timbiquí,19809008,santa maría (timbiquí - cauca),2020,2,2420,955,76.22,miércoles,2020-02-12 20:15:00,1.29,timbiquí
19,cauca,19809,timbiquí,19809009,santa rosa de saija (timbiquí - cauca),2020,2,1737,424,27.48,jueves,2020-02-27 19:15:00,2.29,timbiquí
27,chocó,27006,acandí,27006000,acandí (acandí - chocó),2020,2,388026,175431,965.36,miércoles,2020-02-19 20:30:00,18.47,acandí
27,chocó,27006,acandí,27006003,capurganá (acandí - choco),2020,2,234420,96512,570.24,martes,2020-02-04 21:45:00,18.36,acandí
27,chocó,27025,alto baudó (pie de pato),27025000,ciudad baudó - pie de pato (alto baudó - chocó),2020,2,36727,9888,143.18,domingo,2020-02-23 19:30:00,15.04,alto baudó (pie de pato)
27,chocó,27075,bahía solano (mutis),27075000,ciudad mutis (bahía solano - chocó),2020,2,605709,189638,1246.96,miércoles,2020-02-19 19:30:00,23.52,bahía solano (mutis)
27,chocó,27075,bahía solano (mutis),27075001,cupica (bahía solano - chocó),2020,2,57082,24304,138.34,viernes,2020-02-14 19:30:00,23.36,bahía solano (mutis)
27,chocó,27075,bahía solano (mutis),27075002,el valle (bahía solano - chocó),2020,2,140237,65924,327.1,miércoles,2020-02-19 19:15:00,23.42,bahía solano (mutis)
27,chocó,27077,bajo baudó (pizarro),27077000,pizarro (bajo baudó (pizarro) - chocó),2020,2,160302,71590,481.54,viernes,2020-02-07 19:30:00,17.35,bajo baudó (pizarro)
27,chocó,27099,bojayá (bellavista),27099000,bellavista (bojayá (bellavista) - chocó),2020,2,89554,33314,220.95,jueves,2020-02-13 20:30:00,18.14,bojayá (bellavista)
27,chocó,27099,bojayá (bellavista),27099002,la loma de bojayá (bojayá (bellavista) - chocó),2020,2,13764,5166,83.2,domingo,2020-02-16 19:30:00,7.42,bojayá (bellavista)
27,chocó,27099,bojayá (bellavista),27099005,napipí (bojayá (bellavista) - chocó),2020,2,8794,4993,60.8,sábado,2020-02-29 21:15:00,5.41,bojayá (bellavista)
27,chocó,27099,bojayá (bellavista),27099008,puerto conto (bojayá (bellavista) - choco),2020,2,5456,1481,57.6,viernes,2020-02-21 20:00:00,4.45,bojayá (bellavista)
27,chocó,27250,el litoral del san juan,27250000,santa genoveva de docordó (el litoral del san juan - chocó),2020,2,63323,31591,182.16,jueves,2020-02-06 20:00:00,16.37,el litoral del san juan
27,chocó,27425,medio atrato (beté),27425000,beté (medio atrato (beté) - chocó),2020,2,5435,1940,68.0,miércoles,2020-02-19 22:00:00,4.38,medio atrato (beté)
91,amazonas,91001,leticia,91001000,leticia,2025,12,4375671,984377,85772002.0,miércoles,2025-12-10 14:30:00,2.4,leticia
27,chocó,27495,nuquí,27495912,comunidad indígena de panguí - el yucal (nuquí - chocó),2020,2,2394,800,11.21,jueves,2020-02-27 18:30:00,11.38,nuquí
27,chocó,27495,nuquí,27495000,nuquí (nuquí - chocó),2020,2,186164,60988,527.3,martes,2020-02-18 20:15:00,19.0,nuquí
27,chocó,27745,sipí,27745000,sipí (sipí - choco),2020,2,11522,3225,79.2,martes,2020-02-18 20:00:00,6.15,sipí
27,chocó,27800,unguía,27800001,balboa (unguía - chocó),2020,2,16006,6578,81.56,domingo,2020-02-16 20:00:00,8.17,unguía
27,chocó,27001,quibdó,27001029,tagachi (quibdó - chocó),2020,2,5694,1292,59.74,sábado,2020-02-01 21:30:00,4.06,quibdó
27,chocó,27800,unguía,27800005,titumate (unguía - chocó),2020,2,8792,3817,67.06,jueves,2020-02-20 20:00:00,5.2,unguía
27,chocó,27800,unguía,27800000,unguía (unguía - chocó),2020,2,254854,93090,787.6,sábado,2020-02-15 19:15:00,15.56,unguía
94,guainía,94343,barrancominas,94343000,barrancominas (barrancominas - guainía),2020,2,35493,12294,171.93,sábado,2020-02-22 18:45:00,9.34,barrancominas
94,guainía,94001,inírida,94001000,inírida (inírida - guainía),2020,2,1675109,565034,3199.68,lunes,2020-02-17 14:45:00,23.56,inírida
95,guaviare,95200,miraflores,95200000,miraflores (miraflores - guaviare),2020,2,78132,28048,212.08,viernes,2020-02-28 18:30:00,18.28,miraflores
44,la guajira,44847,uribia,44847012,nazareth (uribia - la guajira),2020,2,28110,12702,223.44,martes,2020-02-25 18:45:00,6.11,uribia
47,magdalena,47189,ciénaga,47189018,palmor (ciénaga - magdalena),2020,2,88621,32499,186.75,domingo,2020-02-09 18:30:00,23.34,ciénaga
50,meta,50325,mapiripán,50325000,mapiripán (mapiripán - meta),2020,2,135154,54443,311.52,viernes,2020-02-28 18:45:00,23.01,mapiripán
52,nariño,52250,el charco,52250023,bazán (el charco - nariño),2020,2,19205,8765,105.6,sábado,2020-02-29 21:00:00,7.22,el charco
52,nariño,52250,el charco,52250022,el cuil pueblo nuevo (el charco - nariño),2020,2,5736,1889,33.66,sábado,2020-02-15 18:45:00,6.54,el charco
52,nariño,52250,el charco,52250007,san josé del tapaje (el charco - nariño),2020,2,16180,4004,96.0,sábado,2020-02-29 21:00:00,7.09,el charco
52,nariño,52390,la tola,52390013,amárales (la tola - nariño),2020,2,7313,1758,68.54,martes,2020-02-18 18:30:00,4.36,la tola
52,nariño,52390,la tola,52390003,la vigía de la mar (la tola - nariño),2020,2,5760,1917,30.52,martes,2020-02-25 00:30:00,8.27,la tola
52,nariño,52390,la tola,52390009,mulatos (la tola - nariño),2020,2,3772,2320,34.11,jueves,2020-02-06 18:30:00,6.08,la tola
52,nariño,52390,la tola,52390016,san pablo del mar (la tola - nariño),2020,2,5903,1146,33.98,sábado,2020-02-29 19:00:00,7.41,la tola
52,nariño,52490,olaya herrera,52490913,boca de prieta (olaya herrera - nariño),2020,2,3266,634,21.67,lunes,2020-02-10 19:45:00,5.52,olaya herrera
52,nariño,52490,olaya herrera,52490008,san josé calabazal (olaya herrera - nariño),2020,2,5300,1698,45.12,viernes,2020-02-28 19:00:00,4.47,olaya herrera
52,nariño,52835,san andrés de tumaco,52835055,bocas de curay (tumaco - nariño),2020,2,8950,1417,57.6,domingo,2020-02-23 23:45:00,7.02,san andrés de tumaco
52,nariño,52835,san andrés de tumaco,52835012,chajal (tumaco - nariño),2020,2,4599,1354,136.84,lunes,2020-02-24 19:30:00,1.26,san andrés de tumaco
52,nariño,52835,san andrés de tumaco,52835016,pital de la costa (tumaco - nariño),2020,2,19206,11315,84.0,sábado,2020-02-15 19:00:00,10.29,san andrés de tumaco
52,nariño,52835,san andrés de tumaco,52835212,pueblo nuevo (tablón salado) (tumaco - nariño),2020,2,3721,1332,18.62,sábado,2020-02-01 19:15:00,9.43,san andrés de tumaco
52,nariño,52835,san andrés de tumaco,52835217,san juan de la costa (san andrés de tumaco - nariño),2020,2,18939,14210,147.2,lunes,2020-02-17 19:15:00,6.08,san andrés de tumaco
52,nariño,52835,san andrés de tumaco,52835091,santa rosa (tumaco - nariño),2020,2,1082,278,30.56,miércoles,2020-02-05 19:30:00,1.24,san andrés de tumaco
52,nariño,52696,santa bárbara (iscuandé),52696014,la ensenada (santa bárbara (iscuandé) - nariño),2020,2,4071,4702,27.49,domingo,2020-02-16 19:30:00,5.44,santa bárbara (iscuandé)
52,nariño,52696,santa bárbara (iscuandé),52696017,santa rita (santa barbara (iscuandé) - nariño),2020,2,5168,2452,38.52,sábado,2020-02-29 19:15:00,5.37,santa bárbara (iscuandé)
86,putumayo,86573,puerto leguízamo,86573009,piñuña negro (puerto leguízamo - putumayo),2020,2,3342,1620,28.8,sábado,2020-02-22 20:45:00,5.47,puerto leguízamo
86,putumayo,86573,puerto leguízamo,86573000,puerto leguízamo (puerto leguízamo - putumayo),2020,2,779919,282489,1996.72,martes,2020-02-04 14:45:00,20.05,puerto leguízamo
76,valle del cauca,76109,buenaventura,76109028,puerto merizalde (buenaventura - valle del cauca),2020,2,44375,14156,264.7,miércoles,2020-02-19 19:30:00,6.49,buenaventura
76,valle del cauca,76109,buenaventura,76109032,san francisco naya (buenaventura - valle del cauca),2020,2,7245,3758,37.15,viernes,2020-02-28 19:30:00,8.34,buenaventura
97,vaupés,97161,carurú,97161000,carurú (carurú - vaupés),2020,2,25277,9295,104.72,lunes,2020-02-17 19:15:00,12.14,carurú
97,vaupés,97001,mitú,97001000,mitú (mitú - vaupés),2020,2,1233505,370019,2597.37,viernes,2020-02-21 23:45:00,23.51,mitú
97,vaupés,97666,taraira,97666000,taraira (taraira - vaupés),2020,2,19748,6563,104.98,martes,2020-02-11 19:30:00,7.59,taraira
99,vichada,99773,cumaribo,99773000,cumaribo (cumaribo - vichada),2020,2,268753,113806,624.36,martes,2020-02-25 18:15:00,19.35,cumaribo
99,vichada,99524,la primavera,99524000,la primavera (la primavera - vichada),2020,2,357737,181789,740.6,miércoles,2020-02-26 18:45:00,24.0,la primavera
99,vichada,99001,puerto carreño,99001002,casuarito (puerto carreño - vichada),2020,2,13438,5547,127.95,lunes,2020-02-24 19:45:00,5.09,puerto carreño
99,vichada,99001,puerto carreño,99001000,puerto carreño (puerto carreño - vichada),2020,2,2436390,791280,4614.72,martes,2020-02-18 14:15:00,24.0,puerto carreño
99,vichada,99624,santa rosalía,99624000,santa rosalía (santa rosalía - vichada),2020,2,125530,60239,350.93,martes,2020-02-25 19:00:00,15.51,santa rosalía
91,amazonas,91001,leticia,91001000,leticia (leticia - amazonas),2020,3,3839111,1211482,7652.86,jueves,2020-03-12 15:15:00,24.0,leticia
91,amazonas,91540,puerto nariño,91540000,puerto nariño (puerto nariño - amazonas),2020,3,106517,37768,222.29,jueves,2020-03-12 19:30:00,24.0,puerto nariño
91,amazonas,91798,tarapacá (anm),91798000,tarapacá (tarapacá (anm) - amazonas),2020,3,24212,9387,92.79,martes,2020-03-03 19:15:00,10.15,tarapacá (anm)
05,antioquia,05873,vigía del fuerte,05873001,san antonio de padua (vigía del fuerte - antioquia),2020,3,6090,1714,82.4,jueves,2020-03-12 00:15:00,4.57,vigía del fuerte
05,antioquia,05873,vigía del fuerte,05873002,vegáez (vigía del fuerte - antioquia),2020,3,4553,629,61.34,jueves,2020-03-05 21:45:00,5.07,vigía del fuerte
05,antioquia,05873,vigía del fuerte,05873000,vigía del fuerte (vigía del fuerte - antioquia),2020,3,58679,20082,327.01,jueves,2020-03-05 19:00:00,7.08,vigía del fuerte
88,"archipiélago de san andrés, providencia y santa catalina",88564,providencia,88564000,providencia (providencia - archipiélago de san andrés y providencia),2020,3,961008,333479,1621.05,lunes,2020-03-09 14:15:00,24.0,providencia
88,"archipiélago de san andrés, providencia y santa catalina",88001,san andrés,88001000,san andrés (san andrés - archipiélago de san andrés y providencia),2020,3,14988116,4356763,28423.96,viernes,2020-03-06 15:45:00,24.0,san andrés
13,bolívar,13001,cartagena de indias,13001007,isla fuerte (cartagena de indias - bolívar),2020,3,14733,8124,112.82,jueves,2020-03-05 15:30:00,5.04,cartagena de indias
13,bolívar,13001,cartagena de indias,13001037,isla múcura (cartagena de indias - bolívar),2020,3,6799,3093,24.24,jueves,2020-03-05 22:00:00,13.18,cartagena de indias
13,bolívar,13001,cartagena de indias,13001017,santa cruz del islote (cartagena de indias - bolívar),2020,3,13572,4807,43.84,lunes,2020-03-30 20:45:00,13.35,cartagena de indias
18,caquetá,18150,cartagena del chairá,18150001,remolino del caguán (cartagena del chaira - caquetá),2020,3,14852,6836,91.62,domingo,2020-03-22 19:00:00,7.12,cartagena del chairá
18,caquetá,18753,san vicente del caguán,18753002,guacamayas (san vicente del caguán - caquetá),2020,3,12440,5686,40.39,sábado,2020-03-14 19:30:00,18.07,san vicente del caguán
85,casanare,85430,trinidad,85430001,bocas del pauto (trinidad - casanare),2020,3,13266,7187,100.16,martes,2020-03-03 18:30:00,5.25,trinidad
19,cauca,19418,lópez (micay),19418038,isla de gallo (lópez de micay - cauca),2020,3,2942,987,26.14,miércoles,2020-03-04 19:30:00,4.34,lópez de micay
19,cauca,19418,lópez (micay),19418019,zaragoza (lopez de micay - cauca),2020,3,8776,3744,59.97,domingo,2020-03-08 20:15:00,7.0,lópez de micay
19,cauca,19809,timbiquí,19809014,chacón (timbiquí - cauca),2020,3,2806,453,28.53,viernes,2020-03-20 20:45:00,3.45,timbiquí
19,cauca,19809,timbiquí,19809010,comunidad de chete (timbiquí - cauca),2020,3,4940,1463,40.42,sábado,2020-03-28 18:45:00,4.45,timbiquí
19,cauca,19809,timbiquí,19809003,coteje (timbiquí - cauca),2020,3,4852,2804,33.8,sábado,2020-03-28 19:45:00,5.26,timbiquí
19,cauca,19809,timbiquí,19809007,san josé (timbiquí - cauca),2020,3,6597,4069,44.45,miércoles,2020-03-18 20:15:00,5.48,timbiquí
19,cauca,19809,timbiquí,19809008,santa maría (timbiquí - cauca),2020,3,5044,1744,75.9,martes,2020-03-03 19:00:00,2.35,timbiquí
27,chocó,27006,acandí,27006000,acandí (acandí - chocó),2020,3,366149,166480,1095.6,lunes,2020-03-16 21:00:00,15.5,acandí
27,chocó,27006,acandí,27006003,capurganá (acandí - choco),2020,3,194503,82121,596.99,sábado,2020-03-14 19:30:00,15.09,acandí
27,chocó,27025,alto baudó (pie de pato),27025000,ciudad baudó - pie de pato (alto baudó - chocó),2020,3,47621,13704,124.78,viernes,2020-03-27 19:30:00,18.02,alto baudó (pie de pato)
27,chocó,27075,bahía solano (mutis),27075000,ciudad mutis (bahía solano - chocó),2020,3,593080,175230,1254.44,miércoles,2020-03-04 19:00:00,23.46,bahía solano (mutis)
27,chocó,27075,bahía solano (mutis),27075001,cupica (bahía solano - chocó),2020,3,61366,25605,140.0,lunes,2020-03-16 19:30:00,23.39,bahía solano (mutis)
27,chocó,27075,bahía solano (mutis),27075002,el valle (bahía solano - chocó),2020,3,133948,64294,365.64,sábado,2020-03-14 19:00:00,20.57,bahía solano (mutis)
27,chocó,27077,bajo baudó (pizarro),27077000,pizarro (bajo baudó (pizarro) - chocó),2020,3,189549,85173,434.54,jueves,2020-03-05 19:45:00,20.18,bajo baudó (pizarro)
27,chocó,27099,bojayá (bellavista),27099000,bellavista (bojayá (bellavista) - chocó),2020,3,94386,35707,231.57,miércoles,2020-03-25 18:45:00,17.39,bojayá (bellavista)
27,chocó,27099,bojayá (bellavista),27099002,la loma de bojayá (bojayá (bellavista) - chocó),2020,3,14449,5728,76.8,lunes,2020-03-09 19:30:00,8.17,bojayá (bellavista)
27,chocó,27099,bojayá (bellavista),27099005,napipí (bojayá (bellavista) - chocó),2020,3,11222,3813,64.0,viernes,2020-03-20 20:15:00,6.38,bojayá (bellavista)
27,chocó,27099,bojayá (bellavista),27099008,puerto conto (bojayá (bellavista) - choco),2020,3,5881,1594,48.0,sábado,2020-03-28 20:15:00,4.4,bojayá (bellavista)
27,chocó,27250,el litoral del san juan,27250000,santa genoveva de docordó (el litoral del san juan - chocó),2020,3,44989,21785,178.46,martes,2020-03-03 19:15:00,11.51,el litoral del san juan
27,chocó,27425,medio atrato (beté),27425000,beté (medio atrato (beté) - chocó),2020,3,5456,2011,76.0,viernes,2020-03-27 20:00:00,3.57,medio atrato (beté)
27,chocó,27495,nuquí,27495912,comunidad indígena de panguí - el yucal (nuquí - chocó),2020,3,62,28,4.76,domingo,2020-03-29 18:45:00,0.33,nuquí
27,chocó,27495,nuquí,27495000,nuquí (nuquí - chocó),2020,3,241530,80172,493.86,sábado,2020-03-07 19:15:00,23.54,nuquí
27,chocó,27001,quibdó,27001029,tagachi (quibdó - chocó),2020,3,1588,361,51.36,domingo,2020-03-01 20:15:00,1.12,quibdó
27,chocó,27745,sipí,27745000,sipí (sipí - choco),2020,3,10875,3018,79.2,jueves,2020-03-12 19:15:00,5.36,sipí
27,chocó,27800,unguía,27800001,balboa (unguía - chocó),2020,3,16260,6912,79.9,sábado,2020-03-14 19:45:00,8.13,unguía
27,chocó,27800,unguía,27800005,titumate (unguía - chocó),2020,3,8934,4029,69.26,jueves,2020-03-26 20:00:00,5.03,unguía
27,chocó,27800,unguía,27800000,unguía (unguía - chocó),2020,3,271414,98644,792.0,jueves,2020-03-05 20:15:00,15.46,unguía
94,guainía,94343,barrancominas,94343000,barrancominas (barrancominas - guainía),2020,3,43377,15928,174.59,miércoles,2020-03-11 19:00:00,10.52,barrancominas
94,guainía,94001,inírida,94001000,inírida (inírida - guainía),2020,3,1710924,577847,3109.92,miércoles,2020-03-04 18:15:00,24.0,inírida
95,guaviare,95200,miraflores,95200000,miraflores (miraflores - guaviare),2020,3,83195,29350,208.12,miércoles,2020-03-11 18:45:00,18.44,miraflores
44,la guajira,44847,uribia,44847012,nazareth (uribia - la guajira),2020,3,28515,12349,229.68,lunes,2020-03-30 18:45:00,5.47,uribia
47,magdalena,47189,ciénaga,47189018,palmor (ciénaga - magdalena),2020,3,91439,33165,177.6,martes,2020-03-03 19:15:00,23.36,ciénaga
50,meta,50325,mapiripán,50325000,mapiripán (mapiripán - meta),2020,3,140126,57139,291.28,miércoles,2020-03-04 19:15:00,23.4,mapiripán
52,nariño,52250,el charco,52250023,bazán (el charco - nariño),2020,3,18583,9308,105.6,martes,2020-03-31 20:15:00,6.47,el charco
52,nariño,52250,el charco,52250003,bolívar - san pedro (el charco - nariño),2020,3,3975,2723,21.63,martes,2020-03-31 18:45:00,6.55,el charco
52,nariño,52250,el charco,52250007,san josé del tapaje (el charco - nariño),2020,3,16234,3888,96.0,sábado,2020-03-28 19:45:00,6.42,el charco
52,nariño,52390,la tola,52390013,amárales (la tola - nariño),2020,3,5352,1313,67.07,martes,2020-03-10 20:00:00,3.13,la tola
52,nariño,52390,la tola,52390003,la vigía de la mar (la tola - nariño),2020,3,6246,2414,34.08,jueves,2020-03-19 19:15:00,7.42,la tola
52,nariño,52390,la tola,52390009,mulatos (la tola - nariño),2020,3,3460,2044,36.96,martes,2020-03-10 18:30:00,5.04,la tola
52,nariño,52390,la tola,52390016,san pablo del mar (la tola - nariño),2020,3,5653,1305,35.1,viernes,2020-03-27 17:45:00,7.11,la tola
52,nariño,52490,olaya herrera,52490913,boca de prieta (olaya herrera - nariño),2020,3,4133,812,21.46,lunes,2020-03-30 19:15:00,7.09,olaya herrera
52,nariño,52490,olaya herrera,52490008,san josé calabazal (olaya herrera - nariño),2020,3,6651,2071,44.47,viernes,2020-03-13 18:45:00,5.46,olaya herrera
52,nariño,52835,san andrés de tumaco,52835055,bocas de curay (tumaco - nariño),2020,3,8473,1544,55.2,sábado,2020-03-21 20:00:00,6.14,san andrés de tumaco
52,nariño,52835,san andrés de tumaco,52835016,pital de la costa (tumaco - nariño),2020,3,21146,12534,92.0,sábado,2020-03-28 19:15:00,10.08,san andrés de tumaco
52,nariño,52835,san andrés de tumaco,52835212,pueblo nuevo (tablón salado) (tumaco - nariño),2020,3,3753,1337,17.12,martes,2020-03-31 18:30:00,8.5,san andrés de tumaco
52,nariño,52835,san andrés de tumaco,52835217,san juan de la costa (san andrés de tumaco - nariño),2020,3,25614,24158,144.0,sábado,2020-03-28 19:00:00,8.41,san andrés de tumaco
52,nariño,52696,santa bárbara (iscuandé),52696017,santa rita (santa barbara (iscuandé) - nariño),2020,3,6109,3029,38.92,miércoles,2020-03-25 19:30:00,5.58,santa bárbara (iscuandé)
86,putumayo,86573,puerto leguízamo,86573009,piñuña negro (puerto leguízamo - putumayo),2020,3,3463,1727,25.6,sábado,2020-03-28 20:45:00,5.47,puerto leguízamo
86,putumayo,86573,puerto leguízamo,86573000,puerto leguízamo (puerto leguízamo - putumayo),2020,3,955883,320210,1808.58,martes,2020-03-17 14:30:00,23.58,puerto leguízamo
76,valle del cauca,76109,buenaventura,76109028,puerto merizalde (buenaventura - valle del cauca),2020,3,49768,17165,258.19,sábado,2020-03-21 19:30:00,7.22,buenaventura
76,valle del cauca,76109,buenaventura,76109032,san francisco naya (buenaventura - valle del cauca),2020,3,7256,8306,37.79,domingo,2020-03-01 23:30:00,7.19,buenaventura
97,vaupés,97161,carurú,97161000,carurú (carurú - vaupés),2020,3,25773,9265,97.86,domingo,2020-03-15 18:45:00,12.14,carurú
97,vaupés,97001,mitú,97001000,mitú (mitú - vaupés),2020,3,1302115,384470,2676.0,miércoles,2020-03-18 00:00:00,24.0,mitú
97,vaupés,97666,taraira,97666000,taraira (taraira - vaupés),2020,3,31036,10140,116.69,jueves,2020-03-19 18:30:00,11.05,taraira
99,vichada,99773,cumaribo,99773000,cumaribo (cumaribo - vichada),2020,3,304957,127484,660.88,viernes,2020-03-06 18:45:00,20.36,cumaribo
99,vichada,99524,la primavera,99524000,la primavera (la primavera - vichada),2020,3,383711,196027,750.66,martes,2020-03-03 18:45:00,24.0,la primavera
99,vichada,99001,puerto carreño,99001002,casuarito (puerto carreño - vichada),2020,3,24368,12827,128.3,miércoles,2020-03-18 19:30:00,8.48,puerto carreño
99,vichada,99001,puerto carreño,99001000,puerto carreño (puerto carreño - vichada),2020,3,2628844,841122,4602.4,miércoles,2020-03-11 21:00:00,24.0,puerto carreño
99,vichada,99624,santa rosalía,99624000,santa rosalía (santa rosalía - vichada),2020,3,152772,76597,384.14,domingo,2020-03-08 19:15:00,19.02,santa rosalía
91,amazonas,91001,leticia,91001000,leticia (leticia - amazonas),2020,4,3205010,1024790,6000.86,martes,2020-04-21 18:45:00,24.0,leticia
91,amazonas,91540,puerto nariño,91540000,puerto nariño (puerto nariño - amazonas),2020,4,93654,32823,199.06,viernes,2020-04-03 18:45:00,23.57,puerto nariño
91,amazonas,91798,tarapacá (anm),91798000,tarapacá (tarapacá (anm) - amazonas),2020,4,21751,8627,87.3,sábado,2020-04-11 19:15:00,10.15,tarapacá (anm)
05,antioquia,05873,vigía del fuerte,05873001,san antonio de padua (vigía del fuerte - antioquia),2020,4,5709,1776,43.94,sábado,2020-04-11 19:00:00,5.29,vigía del fuerte
05,antioquia,05873,vigía del fuerte,05873002,vegáez (vigía del fuerte - antioquia),2020,4,4612,588,45.09,martes,2020-04-07 19:15:00,4.58,vigía del fuerte
05,antioquia,05873,vigía del fuerte,05873000,vigía del fuerte (vigía del fuerte - antioquia),2020,4,83515,30671,305.54,viernes,2020-04-17 19:15:00,11.18,vigía del fuerte
88,"archipiélago de san andrés, providencia y santa catalina",88564,providencia,88564000,providencia (providencia - archipiélago de san andrés y providencia),2020,4,920985,316309,1521.5,martes,2020-04-21 20:45:00,24.0,providencia
88,"archipiélago de san andrés, providencia y santa catalina",88001,san andrés,88001000,san andrés (san andrés - archipiélago de san andrés y providencia),2020,4,11374994,3352613,18753.09,sábado,2020-04-11 23:15:00,24.0,san andrés
13,bolívar,13001,cartagena de indias,13001007,isla fuerte (cartagena de indias - bolívar),2020,4,12009,6651,118.81,lunes,2020-04-13 16:00:00,4.14,cartagena de indias
13,bolívar,13001,cartagena de indias,13001037,isla múcura (cartagena de indias - bolívar),2020,4,7814,3342,23.66,miércoles,2020-04-29 21:15:00,14.47,cartagena de indias
13,bolívar,13001,cartagena de indias,13001017,santa cruz del islote (cartagena de indias - bolívar),2020,4,10187,3321,47.04,jueves,2020-04-16 19:45:00,9.12,cartagena de indias
18,caquetá,18150,cartagena del chairá,18150001,remolino del caguán (cartagena del chaira - caquetá),2020,4,12198,5968,77.82,sábado,2020-04-04 18:45:00,6.42,cartagena del chairá
18,caquetá,18753,san vicente del caguán,18753002,guacamayas (san vicente del caguán - caquetá),2020,4,10927,4550,36.41,sábado,2020-04-25 19:15:00,17.09,san vicente del caguán
18,caquetá,18753,san vicente del caguán,18753009,puerto betania (san vicente del caguán - caquetá),2020,4,3885,1597,37.56,domingo,2020-04-12 19:00:00,4.25,san vicente del caguán
85,casanare,85430,trinidad,85430001,bocas del pauto (trinidad - casanare),2020,4,10384,5856,96.9,viernes,2020-04-17 18:30:00,4.42,trinidad
19,cauca,19418,lópez (micay),19418038,isla de gallo (lópez de micay - cauca),2020,4,3156,1054,25.73,martes,2020-04-14 19:00:00,5.07,lópez de micay
19,cauca,19418,lópez (micay),19418019,zaragoza (lopez de micay - cauca),2020,4,9095,3814,58.4,sábado,2020-04-11 21:00:00,7.28,lópez de micay
19,cauca,19809,timbiquí,19809014,chacón (timbiquí - cauca),2020,4,2489,425,27.34,miércoles,2020-04-01 20:00:00,3.5,timbiquí
19,cauca,19809,timbiquí,19809010,comunidad de chete (timbiquí - cauca),2020,4,5447,1571,42.21,viernes,2020-04-17 19:15:00,5.06,timbiquí
19,cauca,19809,timbiquí,19809003,coteje (timbiquí - cauca),2020,4,5830,3283,34.48,sábado,2020-04-18 18:45:00,6.38,timbiquí
19,cauca,19809,timbiquí,19809023,puerto saija (timbiquí - cauca),2020,4,20086,6495,159.46,sábado,2020-04-11 19:00:00,4.47,timbiquí
19,cauca,19809,timbiquí,19809007,san josé (timbiquí - cauca),2020,4,5811,3451,46.13,jueves,2020-04-16 19:15:00,5.04,timbiquí
19,cauca,19809,timbiquí,19809008,santa maría (timbiquí - cauca),2020,4,9753,3284,77.38,miércoles,2020-04-08 19:45:00,5.11,timbiquí
27,chocó,27006,acandí,27006000,acandí (acandí - chocó),2020,4,401367,179263,954.8,jueves,2020-04-30 21:15:00,18.22,acandí
27,chocó,27006,acandí,27006003,capurganá (acandí - choco),2020,4,212215,91815,470.27,lunes,2020-04-27 22:00:00,19.06,acandí
27,chocó,27075,bahía solano (mutis),27075000,ciudad mutis (bahía solano - chocó),2020,4,543460,213836,1034.44,sábado,2020-04-04 19:15:00,23.59,bahía solano (mutis)
27,chocó,27075,bahía solano (mutis),27075001,cupica (bahía solano - chocó),2020,4,56596,22456,134.18,miércoles,2020-04-22 19:30:00,23.47,bahía solano (mutis)
27,chocó,27075,bahía solano (mutis),27075002,el valle (bahía solano - chocó),2020,4,137435,60116,302.02,viernes,2020-04-03 19:00:00,23.55,bahía solano (mutis)
27,chocó,27077,bajo baudó (pizarro),27077000,pizarro (bajo baudó (pizarro) - chocó),2020,4,188972,86448,402.86,lunes,2020-04-20 19:30:00,22.35,bajo baudó (pizarro)
27,chocó,27099,bojayá (bellavista),27099000,bellavista (bojayá (bellavista) - chocó),2020,4,77252,29130,216.13,miércoles,2020-04-22 19:30:00,16.0,bojayá (bellavista)
27,chocó,27099,bojayá (bellavista),27099002,la loma de bojayá (bojayá (bellavista) - chocó),2020,4,12637,5003,73.6,martes,2020-04-14 18:45:00,7.56,bojayá (bellavista)
27,chocó,27099,bojayá (bellavista),27099005,napipí (bojayá (bellavista) - chocó),2020,4,9750,2342,64.0,sábado,2020-04-11 20:15:00,6.02,bojayá (bellavista)
27,chocó,27099,bojayá (bellavista),27099008,puerto conto (bojayá (bellavista) - choco),2020,4,6144,1567,48.0,lunes,2020-04-20 19:00:00,5.03,bojayá (bellavista)
27,chocó,27250,el litoral del san juan,27250000,santa genoveva de docordó (el litoral del san juan - chocó),2020,4,35046,17760,163.94,lunes,2020-04-20 19:30:00,10.49,el litoral del san juan
27,chocó,27425,medio atrato (beté),27425000,beté (medio atrato (beté) - chocó),2020,4,7109,2671,76.0,martes,2020-04-14 19:00:00,4.53,medio atrato (beté)
27,chocó,27495,nuquí,27495001,arusí (nuquí - choco),2020,4,10079,3967,51.2,miércoles,2020-04-22 19:00:00,8.02,nuquí
27,chocó,27495,nuquí,27495912,comunidad indígena de panguí - el yucal (nuquí - chocó),2020,4,3676,1170,11.3,lunes,2020-04-13 15:30:00,18.18,nuquí
27,chocó,27495,nuquí,27495000,nuquí (nuquí - chocó),2020,4,222280,71008,464.64,martes,2020-04-28 19:15:00,24.0,nuquí
27,chocó,27001,quibdó,27001029,tagachi (quibdó - chocó),2020,4,3386,733,52.22,sábado,2020-04-11 19:45:00,2.38,quibdó
27,chocó,27745,sipí,27745000,sipí (sipí - choco),2020,4,11009,3069,74.8,jueves,2020-04-30 19:15:00,5.51,sipí
27,chocó,27800,unguía,27800001,balboa (unguía - chocó),2020,4,15223,6318,74.24,sábado,2020-04-18 19:15:00,8.15,unguía
27,chocó,27800,unguía,27800005,titumate (unguía - chocó),2020,4,8868,3169,66.62,lunes,2020-04-13 19:45:00,5.21,unguía
27,chocó,27800,unguía,27800000,unguía (unguía - chocó),2020,4,255627,92448,770.88,sábado,2020-04-25 20:30:00,16.07,unguía
94,guainía,94343,barrancominas,94343000,barrancominas (barrancominas - guainía),2020,4,36593,12680,159.63,sábado,2020-04-25 18:45:00,10.18,barrancominas
94,guainía,94001,inírida,94001000,inírida (inírida - guainía),2020,4,1470572,504667,2740.32,jueves,2020-04-16 14:30:00,24.0,inírida
95,guaviare,95200,miraflores,95200000,miraflores (miraflores - guaviare),2020,4,76385,26715,192.72,jueves,2020-04-16 18:30:00,18.42,miraflores
44,la guajira,44847,uribia,44847012,nazareth (uribia - la guajira),2020,4,27348,11383,243.12,jueves,2020-04-16 19:15:00,5.18,uribia
47,magdalena,47189,ciénaga,47189018,palmor (ciénaga - magdalena),2020,4,81023,28009,169.6,miércoles,2020-04-08 19:00:00,23.04,ciénaga
50,meta,50325,mapiripán,50325000,mapiripán (mapiripán - meta),2020,4,127291,51428,261.36,jueves,2020-04-30 19:00:00,23.38,mapiripán
52,nariño,52250,el charco,52250023,bazán (el charco - nariño),2020,4,19032,10726,110.4,jueves,2020-04-30 21:00:00,7.06,el charco
52,nariño,52250,el charco,52250003,bolívar - san pedro (el charco - nariño),2020,4,4411,3293,22.21,miércoles,2020-04-08 19:45:00,7.45,el charco
52,nariño,52250,el charco,52250007,san josé del tapaje (el charco - nariño),2020,4,16410,3622,104.0,martes,2020-04-14 19:30:00,7.09,el charco
52,nariño,52390,la tola,52390013,amárales (la tola - nariño),2020,4,9766,2117,68.7,miércoles,2020-04-08 19:00:00,6.13,la tola
52,nariño,52390,la tola,52390003,la vigía de la mar (la tola - nariño),2020,4,6428,2565,34.04,martes,2020-04-07 00:30:00,7.54,la tola
52,nariño,52390,la tola,52390009,mulatos (la tola - nariño),2020,4,3932,2249,38.5,lunes,2020-04-20 17:45:00,5.47,la tola
52,nariño,52390,la tola,52390016,san pablo del mar (la tola - nariño),2020,4,4908,1168,30.85,domingo,2020-04-05 19:00:00,6.33,la tola
52,nariño,52490,olaya herrera,52490913,boca de prieta (olaya herrera - nariño),2020,4,4257,853,22.68,lunes,2020-04-13 19:00:00,7.1,olaya herrera
52,nariño,52490,olaya herrera,52490008,san josé calabazal (olaya herrera - nariño),2020,4,6747,2047,45.65,miércoles,2020-04-08 19:15:00,5.54,olaya herrera
52,nariño,52835,san andrés de tumaco,52835055,bocas de curay (tumaco - nariño),2020,4,7703,1303,57.6,miércoles,2020-04-08 19:15:00,6.06,san andrés de tumaco
52,nariño,52835,san andrés de tumaco,52835016,pital de la costa (tumaco - nariño),2020,4,18750,10714,92.0,domingo,2020-04-19 19:45:00,8.44,san andrés de tumaco
52,nariño,52835,san andrés de tumaco,52835212,pueblo nuevo (tablón salado) (tumaco - nariño),2020,4,2976,1064,17.95,viernes,2020-04-03 19:00:00,6.59,san andrés de tumaco
52,nariño,52835,san andrés de tumaco,52835217,san juan de la costa (san andrés de tumaco - nariño),2020,4,32742,27695,147.2,lunes,2020-04-27 18:45:00,10.12,san andrés de tumaco
52,nariño,52696,santa bárbara (iscuandé),52696014,la ensenada (santa bárbara (iscuandé) - nariño),2020,4,3919,5273,25.92,sábado,2020-04-18 19:30:00,5.53,santa bárbara (iscuandé)
52,nariño,52696,santa bárbara (iscuandé),52696017,santa rita (santa barbara (iscuandé) - nariño),2020,4,8035,4377,38.2,jueves,2020-04-30 19:15:00,8.41,santa bárbara (iscuandé)
86,putumayo,86573,puerto leguízamo,86573009,piñuña negro (puerto leguízamo - putumayo),2020,4,2734,1311,22.4,domingo,2020-04-26 20:45:00,5.08,puerto leguízamo
86,putumayo,86573,puerto leguízamo,86573000,puerto leguízamo (puerto leguízamo - putumayo),2020,4,833519,267292,1680.01,martes,2020-04-14 15:30:00,24.0,puerto leguízamo
76,valle del cauca,76109,buenaventura,76109028,puerto merizalde (buenaventura - valle del cauca),2020,4,42249,12924,287.94,jueves,2020-04-30 18:15:00,6.28,buenaventura
76,valle del cauca,76109,buenaventura,76109032,san francisco naya (buenaventura - valle del cauca),2020,4,5113,3960,35.58,sábado,2020-04-18 18:15:00,5.57,buenaventura
97,vaupés,97161,carurú,97161000,carurú (carurú - vaupés),2020,4,21995,7588,90.64,jueves,2020-04-16 18:45:00,12.17,carurú
97,vaupés,97001,mitú,97001000,mitú (mitú - vaupés),2020,4,1149093,348708,2594.28,martes,2020-04-14 23:45:00,23.59,mitú
97,vaupés,97666,taraira,97666000,taraira (taraira - vaupés),2020,4,21427,6856,122.58,jueves,2020-04-16 00:30:00,7.57,taraira
99,vichada,99773,cumaribo,99773000,cumaribo (cumaribo - vichada),2020,4,236561,102642,550.0,lunes,2020-04-27 13:15:00,20.29,cumaribo
99,vichada,99524,la primavera,99524000,la primavera (la primavera - vichada),2020,4,320306,163912,662.82,lunes,2020-04-27 18:45:00,23.51,la primavera
99,vichada,99001,puerto carreño,99001002,casuarito (puerto carreño - vichada),2020,4,24497,13891,125.14,lunes,2020-04-27 19:45:00,8.24,puerto carreño
99,vichada,99001,puerto carreño,99001000,puerto carreño (puerto carreño - vichada),2020,4,2204032,712643,4172.08,lunes,2020-04-27 21:45:00,23.59,puerto carreño
99,vichada,99624,santa rosalía,99624000,santa rosalía (santa rosalía - vichada),2020,4,132805,69588,317.33,lunes,2020-04-27 19:45:00,19.59,santa rosalía
91,amazonas,91001,leticia,91001000,leticia (leticia - amazonas),2020,5,3146244,1005565,5829.55,lunes,2020-05-11 18:30:00,8.52,leticia
91,amazonas,91540,puerto nariño,91540000,puerto nariño (puerto nariño - amazonas),2020,5,87291,29943,197.3,lunes,2020-05-11 18:45:00,24.0,puerto nariño
91,amazonas,91798,tarapacá (anm),91798000,tarapacá (tarapacá (anm) - amazonas),2020,5,21590,8699,83.14,viernes,2020-05-01 18:45:00,10.15,tarapacá (anm)
05,antioquia,05873,vigía del fuerte,05873002,vegáez (vigía del fuerte - antioquia),2020,5,6290,846,55.23,lunes,2020-05-04 18:00:00,6.27,vigía del fuerte
05,antioquia,05873,vigía del fuerte,05873000,vigía del fuerte (vigía del fuerte - antioquia),2020,5,89878,32959,304.13,lunes,2020-05-18 13:15:00,11.34,vigía del fuerte
88,"archipiélago de san andrés, providencia y santa catalina",88564,providencia,88564000,providencia (providencia - archipiélago de san andrés y providencia),2020,5,989193,332232,1583.36,martes,2020-05-26 22:00:00,24.0,providencia
88,"archipiélago de san andrés, providencia y santa catalina",88001,san andrés,88001000,san andrés (san andrés - archipiélago de san andrés y providencia),2020,5,12120172,3487078,20091.52,martes,2020-05-26 23:30:00,24.0,san andrés
13,bolívar,13001,cartagena de indias,13001007,isla fuerte (cartagena de indias - bolívar),2020,5,12198,6757,120.64,martes,2020-05-26 15:45:00,3.58,cartagena de indias
13,bolívar,13001,cartagena de indias,13001037,isla múcura (cartagena de indias - bolívar),2020,5,7325,3032,25.06,lunes,2020-05-25 21:30:00,12.28,cartagena de indias
18,caquetá,18150,cartagena del chairá,18150001,remolino del caguán (cartagena del chaira - caquetá),2020,5,14773,7473,74.74,jueves,2020-05-14 19:30:00,8.21,cartagena del chairá
18,caquetá,18753,san vicente del caguán,18753009,puerto betania (san vicente del caguán - caquetá),2020,5,4388,1763,41.2,sábado,2020-05-23 20:00:00,4.56,san vicente del caguán
85,casanare,85430,trinidad,85430001,bocas del pauto (trinidad - casanare),2020,5,13855,7993,93.12,sábado,2020-05-23 18:30:00,6.27,trinidad
19,cauca,19418,lópez (micay),19418038,isla de gallo (lópez de micay - cauca),2020,5,3648,1191,27.3,miércoles,2020-05-13 19:30:00,5.37,lópez de micay
19,cauca,19418,lópez (micay),19418019,zaragoza (lopez de micay - cauca),2020,5,8990,3802,55.39,domingo,2020-05-03 18:30:00,7.11,lópez de micay
19,cauca,19809,timbiquí,19809014,chacón (timbiquí - cauca),2020,5,3194,511,24.77,lunes,2020-05-18 19:15:00,4.58,timbiquí
19,cauca,19809,timbiquí,19809010,comunidad de chete (timbiquí - cauca),2020,5,6822,1993,41.86,miércoles,2020-05-06 18:45:00,6.29,timbiquí
19,cauca,19809,timbiquí,19809003,coteje (timbiquí - cauca),2020,5,6713,3756,34.52,viernes,2020-05-08 19:45:00,7.18,timbiquí
19,cauca,19809,timbiquí,19809023,puerto saija (timbiquí - cauca),2020,5,26670,9025,187.09,miércoles,2020-05-06 19:30:00,6.22,timbiquí
19,cauca,19809,timbiquí,19809007,san josé (timbiquí - cauca),2020,5,6603,4117,44.42,miércoles,2020-05-27 18:45:00,5.32,timbiquí
19,cauca,19809,timbiquí,19809008,santa maría (timbiquí - cauca),2020,5,12512,4555,80.06,martes,2020-05-26 18:45:00,6.29,timbiquí
27,chocó,27006,acandí,27006000,acandí (acandí - chocó),2020,5,437454,187343,1043.68,jueves,2020-05-28 21:30:00,18.14,acandí
27,chocó,27006,acandí,27006003,capurganá (acandí - choco),2020,5,220933,93698,482.59,sábado,2020-05-02 22:00:00,19.07,acandí
27,chocó,27025,alto baudó (pie de pato),27025000,ciudad baudó - pie de pato (alto baudó - chocó),2020,5,43107,12292,130.15,jueves,2020-05-21 19:15:00,15.13,alto baudó (pie de pato)
27,chocó,27075,bahía solano (mutis),27075000,ciudad mutis (bahía solano - chocó),2020,5,599459,246004,1100.0,jueves,2020-05-07 19:45:00,23.58,bahía solano (mutis)
27,chocó,27075,bahía solano (mutis),27075001,cupica (bahía solano - chocó),2020,5,61108,24351,132.36,miércoles,2020-05-13 19:00:00,23.06,bahía solano (mutis)
27,chocó,27075,bahía solano (mutis),27075002,el valle (bahía solano - chocó),2020,5,139418,59727,296.47,sábado,2020-05-09 19:00:00,23.37,bahía solano (mutis)
27,chocó,27077,bajo baudó (pizarro),27077000,pizarro (bajo baudó (pizarro) - chocó),2020,5,196794,90691,411.31,lunes,2020-05-04 19:15:00,22.39,bajo baudó (pizarro)
27,chocó,27099,bojayá (bellavista),27099000,bellavista (bojayá (bellavista) - chocó),2020,5,83271,31079,237.21,martes,2020-05-26 18:45:00,16.02,bojayá (bellavista)
27,chocó,27099,bojayá (bellavista),27099002,la loma de bojayá (bojayá (bellavista) - chocó),2020,5,12586,5065,70.4,lunes,2020-05-25 19:00:00,8.15,bojayá (bellavista)
27,chocó,27099,bojayá (bellavista),27099005,napipí (bojayá (bellavista) - chocó),2020,5,7770,2033,60.8,viernes,2020-05-22 19:45:00,4.55,bojayá (bellavista)
27,chocó,27250,el litoral del san juan,27250000,santa genoveva de docordó (el litoral del san juan - chocó),2020,5,61706,31729,153.25,sábado,2020-05-23 19:15:00,16.22,el litoral del san juan
27,chocó,27425,medio atrato (beté),27425000,beté (medio atrato (beté) - chocó),2020,5,12887,5490,68.0,lunes,2020-05-04 19:45:00,10.11,medio atrato (beté)
27,chocó,27425,medio atrato (beté),27425008,san roque (medio atrato (beté) - chocó),2020,5,2801,542,29.62,domingo,2020-05-31 19:30:00,3.48,medio atrato (beté)
27,chocó,27495,nuquí,27495001,arusí (nuquí - choco),2020,5,10291,4080,52.8,miércoles,2020-05-06 18:30:00,8.0,nuquí
27,chocó,27495,nuquí,27495912,comunidad indígena de panguí - el yucal (nuquí - chocó),2020,5,6546,1603,11.33,sábado,2020-05-30 18:15:00,21.34,nuquí
27,chocó,27495,nuquí,27495000,nuquí (nuquí - chocó),2020,5,222546,71853,467.1,miércoles,2020-05-13 19:30:00,21.56,nuquí
27,chocó,27001,quibdó,27001029,tagachi (quibdó - chocó),2020,5,6205,1363,53.4,sábado,2020-05-02 20:15:00,4.34,quibdó
27,chocó,27745,sipí,27745000,sipí (sipí - choco),2020,5,10450,2798,79.2,lunes,2020-05-25 19:00:00,5.21,sipí
27,chocó,27800,unguía,27800001,balboa (unguía - chocó),2020,5,15548,6334,75.07,viernes,2020-05-22 20:00:00,8.05,unguía
27,chocó,27800,unguía,27800005,titumate (unguía - chocó),2020,5,10671,3799,65.74,domingo,2020-05-24 20:00:00,6.3,unguía
27,chocó,27800,unguía,27800000,unguía (unguía - chocó),2020,5,270445,94747,797.72,lunes,2020-05-25 20:45:00,16.12,unguía
94,guainía,94343,barrancominas,94343000,barrancominas (barrancominas - guainía),2020,5,36573,11609,144.0,miércoles,2020-05-20 18:30:00,10.04,barrancominas
94,guainía,94001,inírida,94001000,inírida (inírida - guainía),2020,5,1420997,488070,2706.0,jueves,2020-05-21 14:30:00,24.0,inírida
95,guaviare,95200,miraflores,95200000,miraflores (miraflores - guaviare),2020,5,77588,26796,186.12,viernes,2020-05-29 18:15:00,18.57,miraflores
44,la guajira,44847,uribia,44847012,nazareth (uribia - la guajira),2020,5,27489,11593,240.24,martes,2020-05-12 19:00:00,5.36,uribia
47,magdalena,47189,ciénaga,47189018,palmor (ciénaga - magdalena),2020,5,51375,19515,159.87,sábado,2020-05-02 19:00:00,15.17,ciénaga
50,meta,50325,mapiripán,50325000,mapiripán (mapiripán - meta),2020,5,134889,55455,261.8,lunes,2020-05-11 19:00:00,23.5,mapiripán
52,nariño,52250,el charco,52250023,bazán (el charco - nariño),2020,5,19902,12779,110.4,viernes,2020-05-22 19:30:00,7.04,el charco
52,nariño,52250,el charco,52250007,san josé del tapaje (el charco - nariño),2020,5,16350,3784,96.0,miércoles,2020-05-06 20:00:00,7.15,el charco
52,nariño,52390,la tola,52390013,amárales (la tola - nariño),2020,5,9895,2162,64.29,jueves,2020-05-07 19:45:00,6.3,la tola
52,nariño,52390,la tola,52390003,la vigía de la mar (la tola - nariño),2020,5,6305,2716,33.6,miércoles,2020-05-06 19:00:00,7.39,la tola
52,nariño,52490,olaya herrera,52490913,boca de prieta (olaya herrera - nariño),2020,5,4208,764,21.65,lunes,2020-05-11 18:45:00,7.09,olaya herrera
52,nariño,52490,olaya herrera,52490008,san josé calabazal (olaya herrera - nariño),2020,5,6378,2088,43.97,lunes,2020-05-11 18:30:00,5.21,olaya herrera
52,nariño,52835,san andrés de tumaco,52835055,bocas de curay (tumaco - nariño),2020,5,8890,1549,52.8,domingo,2020-05-03 23:15:00,7.05,san andrés de tumaco
52,nariño,52835,san andrés de tumaco,52835016,pital de la costa (tumaco - nariño),2020,5,14058,8041,84.0,jueves,2020-05-14 19:00:00,7.06,san andrés de tumaco
52,nariño,52835,san andrés de tumaco,52835212,pueblo nuevo (tablón salado) (tumaco - nariño),2020,5,3771,1381,18.56,jueves,2020-05-07 18:30:00,8.54,san andrés de tumaco
52,nariño,52835,san andrés de tumaco,52835217,san juan de la costa (san andrés de tumaco - nariño),2020,5,32946,27958,150.4,viernes,2020-05-15 19:00:00,10.17,san andrés de tumaco
52,nariño,52696,santa bárbara (iscuandé),52696014,la ensenada (santa bárbara (iscuandé) - nariño),2020,5,3882,5491,24.83,lunes,2020-05-04 19:00:00,5.58,santa bárbara (iscuandé)
52,nariño,52696,santa bárbara (iscuandé),52696017,santa rita (santa barbara (iscuandé) - nariño),2020,5,6954,3632,37.96,viernes,2020-05-15 20:00:00,7.09,santa bárbara (iscuandé)
86,putumayo,86573,puerto leguízamo,86573009,piñuña negro (puerto leguízamo - putumayo),2020,5,2729,1322,22.4,domingo,2020-05-31 21:15:00,5.07,puerto leguízamo
86,putumayo,86573,puerto leguízamo,86573000,puerto leguízamo (puerto leguízamo - putumayo),2020,5,831672,271979,1600.63,jueves,2020-05-28 15:00:00,24.0,puerto leguízamo
76,valle del cauca,76109,buenaventura,76109032,san francisco naya (buenaventura - valle del cauca),2020,5,5744,3439,32.06,sábado,2020-05-09 19:00:00,7.18,buenaventura
97,vaupés,97161,carurú,97161000,carurú (carurú - vaupés),2020,5,19310,6265,73.3,sábado,2020-05-09 18:45:00,12.07,carurú
97,vaupés,97001,mitú,97001000,mitú (mitú - vaupés),2020,5,1205135,363933,2658.32,martes,2020-05-12 00:00:00,24.0,mitú
97,vaupés,97666,taraira,97666000,taraira (taraira - vaupés),2020,5,25837,8139,108.77,viernes,2020-05-01 13:00:00,9.4,taraira
99,vichada,99773,cumaribo,99773000,cumaribo (cumaribo - vichada),2020,5,238166,103616,556.16,martes,2020-05-12 13:15:00,20.23,cumaribo
99,vichada,99524,la primavera,99524000,la primavera (la primavera - vichada),2020,5,329807,163079,675.94,martes,2020-05-19 18:30:00,23.29,la primavera
99,vichada,99001,puerto carreño,99001002,casuarito (puerto carreño - vichada),2020,5,25270,14477,123.2,martes,2020-05-12 19:45:00,8.52,puerto carreño
99,vichada,99001,puerto carreño,99001000,puerto carreño (puerto carreño - vichada),2020,5,2258153,740233,4274.16,martes,2020-05-12 20:45:00,24.0,puerto carreño
91,amazonas,91001,leticia,91001000,leticia (leticia - amazonas),2020,6,3235370,1055422,6030.04,miércoles,2020-06-24 18:15:00,24.0,leticia
91,amazonas,91540,puerto nariño,91540000,puerto nariño (puerto nariño - amazonas),2020,6,78493,29097,177.76,martes,2020-06-23 18:30:00,24.0,puerto nariño
91,amazonas,91798,tarapacá (anm),91798000,tarapacá (tarapacá (anm) - amazonas),2020,6,21010,8908,84.14,miércoles,2020-06-10 18:45:00,3.58,tarapacá (anm)
05,antioquia,05873,vigía del fuerte,05873002,vegáez (vigía del fuerte - antioquia),2020,6,5923,722,46.5,jueves,2020-06-18 21:00:00,12.28,vigía del fuerte
88,"archipiélago de san andrés, providencia y santa catalina",88564,providencia,88564000,providencia (providencia - archipiélago de san andrés y providencia),2020,6,933652,309808,1585.37,lunes,2020-06-08 22:45:00,8.21,providencia
88,"archipiélago de san andrés, providencia y santa catalina",88001,san andrés,88001000,san andrés (san andrés - archipiélago de san andrés y providencia),2020,6,11390779,3232330,20659.63,lunes,2020-06-08 23:30:00,4.56,san andrés
13,bolívar,13001,cartagena de indias,13001007,isla fuerte (cartagena de indias - bolívar),2020,6,12267,6863,120.72,martes,2020-06-16 14:30:00,6.27,cartagena de indias
13,bolívar,13001,cartagena de indias,13001037,isla múcura (cartagena de indias - bolívar),2020,6,7210,2949,23.14,domingo,2020-06-07 20:30:00,5.37,cartagena de indias
18,caquetá,18150,cartagena del chairá,18150001,remolino del caguán (cartagena del chaira - caquetá),2020,6,13591,6778,74.41,sábado,2020-06-13 19:00:00,3.09,cartagena del chairá
18,caquetá,18753,san vicente del caguán,18753002,guacamayas (san vicente del caguán - caquetá),2020,6,2236,846,36.6,sábado,2020-06-27 20:00:00,5.26,san vicente del caguán
18,caquetá,18753,san vicente del caguán,18753009,puerto betania (san vicente del caguán - caquetá),2020,6,4664,1944,38.96,jueves,2020-06-25 19:30:00,7.11,san vicente del caguán
85,casanare,85430,trinidad,85430001,bocas del pauto (trinidad - casanare),2020,6,9236,5212,87.42,lunes,2020-06-01 18:30:00,4.58,trinidad
19,cauca,19418,lópez (micay),19418038,isla de gallo (lópez de micay - cauca),2020,6,3463,1191,24.96,viernes,2020-06-19 18:30:00,6.29,lópez de micay
19,cauca,19418,lópez (micay),19418019,zaragoza (lopez de micay - cauca),2020,6,7756,3427,48.83,domingo,2020-06-21 20:30:00,7.18,lópez de micay
19,cauca,19809,timbiquí,19809014,chacón (timbiquí - cauca),2020,6,3453,615,25.31,jueves,2020-06-11 19:30:00,3.06,timbiquí
19,cauca,19809,timbiquí,19809010,comunidad de chete (timbiquí - cauca),2020,6,6797,2029,40.64,domingo,2020-06-07 19:45:00,6.22,timbiquí
19,cauca,19809,timbiquí,19809003,coteje (timbiquí - cauca),2020,6,6029,3486,33.16,martes,2020-06-23 19:15:00,5.32,timbiquí
19,cauca,19809,timbiquí,19809023,puerto saija (timbiquí - cauca),2020,6,27081,9553,164.38,lunes,2020-06-22 19:15:00,6.29,timbiquí
19,cauca,19809,timbiquí,19809007,san josé (timbiquí - cauca),2020,6,7795,4715,45.72,sábado,2020-06-27 19:15:00,18.14,timbiquí
19,cauca,19809,timbiquí,19809008,santa maría (timbiquí - cauca),2020,6,11476,4268,75.2,viernes,2020-06-26 19:00:00,19.07,timbiquí
27,chocó,27006,acandí,27006000,acandí (acandí - chocó),2020,6,406862,180889,1006.72,martes,2020-06-09 20:45:00,15.13,acandí
27,chocó,27025,alto baudó (pie de pato),27025000,ciudad baudó - pie de pato (alto baudó - chocó),2020,6,24520,7004,126.02,viernes,2020-06-05 18:45:00,23.58,alto baudó (pie de pato)
27,chocó,27075,bahía solano (mutis),27075000,ciudad mutis (bahía solano - chocó),2020,6,567225,227852,1066.56,miércoles,2020-06-17 19:15:00,23.06,bahía solano (mutis)
27,chocó,27075,bahía solano (mutis),27075001,cupica (bahía solano - chocó),2020,6,56575,23748,123.88,sábado,2020-06-06 19:30:00,23.37,bahía solano (mutis)
27,chocó,27075,bahía solano (mutis),27075002,el valle (bahía solano - chocó),2020,6,132657,56987,295.15,jueves,2020-06-18 19:30:00,22.39,bahía solano (mutis)
27,chocó,27077,bajo baudó (pizarro),27077000,pizarro (bajo baudó (pizarro) - chocó),2020,6,179367,83558,374.88,lunes,2020-06-08 19:30:00,16.02,bajo baudó (pizarro)
27,chocó,27099,bojayá (bellavista),27099000,bellavista (bojayá (bellavista) - chocó),2020,6,62232,23380,214.31,jueves,2020-06-18 19:30:00,8.15,bojayá (bellavista)
27,chocó,27099,bojayá (bellavista),27099002,la loma de bojayá (bojayá (bellavista) - chocó),2020,6,10970,4317,67.2,lunes,2020-06-08 19:00:00,4.55,bojayá (bellavista)
27,chocó,27099,bojayá (bellavista),27099005,napipí (bojayá (bellavista) - chocó),2020,6,9297,2378,60.8,sábado,2020-06-27 19:30:00,24.0,bojayá (bellavista)
27,chocó,27250,el litoral del san juan,27250000,santa genoveva de docordó (el litoral del san juan - chocó),2020,6,57867,29566,162.1,lunes,2020-06-01 19:45:00,16.22,el litoral del san juan
27,chocó,27425,medio atrato (beté),27425000,beté (medio atrato (beté) - chocó),2020,6,13034,5977,72.0,martes,2020-06-30 19:15:00,10.11,medio atrato (beté)
27,chocó,27495,nuquí,27495001,arusí (nuquí - choco),2020,6,9660,3706,51.2,lunes,2020-06-15 19:45:00,3.48,nuquí
27,chocó,27495,nuquí,27495000,nuquí (nuquí - chocó),2020,6,226027,73899,458.66,lunes,2020-06-08 19:15:00,8.0,nuquí
27,chocó,27745,sipí,27745000,sipí (sipí - choco),2020,6,10264,3066,79.2,martes,2020-06-02 19:00:00,21.34,sipí
27,chocó,27800,unguía,27800001,balboa (unguía - chocó),2020,6,15360,6198,79.4,sábado,2020-06-27 19:45:00,21.56,unguía
27,chocó,27800,unguía,27800005,titumate (unguía - chocó),2020,6,11312,3830,69.34,lunes,2020-06-08 19:30:00,4.34,unguía
27,chocó,27800,unguía,27800000,unguía (unguía - chocó),2020,6,278054,96750,844.8,lunes,2020-06-08 20:15:00,5.21,unguía
94,guainía,94343,barrancominas,94343000,barrancominas (barrancominas - guainía),2020,6,37614,13589,160.62,viernes,2020-06-12 15:00:00,8.05,barrancominas
94,guainía,94001,inírida,94001000,inírida (inírida - guainía),2020,6,1358799,468211,2608.32,miércoles,2020-06-10 14:45:00,6.3,inírida
95,guaviare,95200,miraflores,95200000,miraflores (miraflores - guaviare),2020,6,74017,25832,190.08,lunes,2020-06-29 19:45:00,16.12,miraflores
44,la guajira,44847,uribia,44847012,nazareth (uribia - la guajira),2020,6,26493,12006,212.88,martes,2020-06-16 19:30:00,10.04,uribia
47,magdalena,47189,ciénaga,47189018,palmor (ciénaga - magdalena),2020,6,67761,29907,129.22,jueves,2020-06-18 20:45:00,24.0,ciénaga
50,meta,50325,mapiripán,50325000,mapiripán (mapiripán - meta),2020,6,129916,54282,271.04,martes,2020-06-09 18:45:00,18.57,mapiripán
52,nariño,52250,el charco,52250007,san josé del tapaje (el charco - nariño),2020,6,16652,3626,88.0,lunes,2020-06-22 18:00:00,5.36,el charco
52,nariño,52390,la tola,52390013,amárales (la tola - nariño),2020,6,9999,2415,62.59,lunes,2020-06-01 18:45:00,15.17,la tola
52,nariño,52390,la tola,52390003,la vigía de la mar (la tola - nariño),2020,6,6257,2773,32.0,lunes,2020-06-15 00:30:00,23.5,la tola
52,nariño,52390,la tola,52390009,mulatos (la tola - nariño),2020,6,4015,2119,35.78,miércoles,2020-06-03 18:45:00,7.04,la tola
52,nariño,52490,olaya herrera,52490913,boca de prieta (olaya herrera - nariño),2020,6,4797,962,23.66,miércoles,2020-06-10 17:00:00,7.15,olaya herrera
52,nariño,52490,olaya herrera,52490008,san josé calabazal (olaya herrera - nariño),2020,6,6153,1986,42.82,miércoles,2020-06-03 19:00:00,6.3,olaya herrera
52,nariño,52835,san andrés de tumaco,52835055,bocas de curay (tumaco - nariño),2020,6,8730,1646,52.8,domingo,2020-06-28 00:00:00,7.39,san andrés de tumaco
52,nariño,52835,san andrés de tumaco,52835012,chajal (tumaco - nariño),2020,6,3043,893,130.59,lunes,2020-06-01 19:00:00,6.14,san andrés de tumaco
52,nariño,52835,san andrés de tumaco,52835016,pital de la costa (tumaco - nariño),2020,6,18059,10339,84.0,martes,2020-06-02 00:45:00,7.09,san andrés de tumaco
52,nariño,52835,san andrés de tumaco,52835212,pueblo nuevo (tablón salado) (tumaco - nariño),2020,6,4504,1674,18.46,sábado,2020-06-06 19:00:00,5.21,san andrés de tumaco
52,nariño,52835,san andrés de tumaco,52835217,san juan de la costa (san andrés de tumaco - nariño),2020,6,29442,23809,150.4,jueves,2020-06-25 18:45:00,7.05,san andrés de tumaco
52,nariño,52696,santa bárbara (iscuandé),52696014,la ensenada (santa bárbara (iscuandé) - nariño),2020,6,2920,4791,22.69,martes,2020-06-02 18:45:00,7.06,santa bárbara (iscuandé)
52,nariño,52696,santa bárbara (iscuandé),52696017,santa rita (santa barbara (iscuandé) - nariño),2020,6,5143,2770,36.92,lunes,2020-06-08 19:30:00,8.54,santa bárbara (iscuandé)
86,putumayo,86573,puerto leguízamo,86573009,piñuña negro (puerto leguízamo - putumayo),2020,6,2615,1329,25.6,sábado,2020-06-06 20:45:00,10.17,puerto leguízamo
86,putumayo,86573,puerto leguízamo,86573000,puerto leguízamo (puerto leguízamo - putumayo),2020,6,838501,286225,1757.18,miércoles,2020-06-10 23:00:00,5.58,puerto leguízamo
76,valle del cauca,76109,buenaventura,76109028,puerto merizalde (buenaventura - valle del cauca),2020,6,32761,11240,258.37,viernes,2020-06-19 19:30:00,7.09,buenaventura
76,valle del cauca,76109,buenaventura,76109032,san francisco naya (buenaventura - valle del cauca),2020,6,5273,1835,29.47,lunes,2020-06-15 19:30:00,5.07,buenaventura
97,vaupés,97161,carurú,97161000,carurú (carurú - vaupés),2020,6,19281,5925,73.92,martes,2020-06-16 19:15:00,24.0,carurú
97,vaupés,97001,mitú,97001000,mitú (mitú - vaupés),2020,6,1162170,352911,2567.84,miércoles,2020-06-10 23:30:00,7.18,mitú
97,vaupés,97666,taraira,97666000,taraira (taraira - vaupés),2020,6,26263,8362,114.66,viernes,2020-06-05 18:45:00,12.07,taraira
99,vichada,99773,cumaribo,99773000,cumaribo (cumaribo - vichada),2020,6,227599,100665,519.2,viernes,2020-06-05 15:45:00,24.0,cumaribo
99,vichada,99524,la primavera,99524000,la primavera (la primavera - vichada),2020,6,307214,152062,634.87,miércoles,2020-06-03 19:30:00,9.4,la primavera
99,vichada,99001,puerto carreño,99001002,casuarito (puerto carreño - vichada),2020,6,22685,13339,110.7,jueves,2020-06-25 20:00:00,20.23,puerto carreño
99,vichada,99001,puerto carreño,99001000,puerto carreño (puerto carreño - vichada),2020,6,2093680,684594,4004.0,jueves,2020-06-04 14:30:00,23.29,puerto carreño
91,amazonas,91001,leticia,91001000,leticia (leticia - amazonas),2020,7,3502607,1148895,6272.19,martes,2020-07-21 14:30:00,24.0,leticia
91,amazonas,91540,puerto nariño,91540000,puerto nariño (puerto nariño - amazonas),2020,7,92361,34983,190.08,lunes,2020-07-06 18:45:00,23.56,puerto nariño
91,amazonas,91798,tarapacá (anm),91798000,tarapacá (tarapacá (anm) - amazonas),2020,7,21229,9269,79.65,martes,2020-07-14 18:30:00,10.15,tarapacá (anm)
05,antioquia,05873,vigía del fuerte,05873001,san antonio de padua (vigía del fuerte - antioquia),2020,7,4317,1607,33.73,sábado,2020-07-04 19:30:00,5.3,vigía del fuerte
05,antioquia,05873,vigía del fuerte,05873002,vegáez (vigía del fuerte - antioquia),2020,7,5657,707,42.08,domingo,2020-07-05 18:15:00,6.25,vigía del fuerte
05,antioquia,05873,vigía del fuerte,05873000,vigía del fuerte (vigía del fuerte - antioquia),2020,7,98335,35002,277.02,jueves,2020-07-16 13:30:00,13.34,vigía del fuerte
88,"archipiélago de san andrés, providencia y santa catalina",88564,providencia,88564000,providencia (providencia - archipiélago de san andrés y providencia),2020,7,989810,329264,1598.84,martes,2020-07-21 14:45:00,24.0,providencia
88,"archipiélago de san andrés, providencia y santa catalina",88001,san andrés,88001000,san andrés (san andrés - archipiélago de san andrés y providencia),2020,7,12057307,3425189,20321.35,viernes,2020-07-31 15:15:00,24.0,san andrés
13,bolívar,13001,cartagena de indias,13001007,isla fuerte (cartagena de indias - bolívar),2020,7,13415,7284,123.21,viernes,2020-07-17 14:15:00,4.29,cartagena de indias
13,bolívar,13001,cartagena de indias,13001037,isla múcura (cartagena de indias - bolívar),2020,7,7576,3263,23.76,lunes,2020-07-13 22:00:00,13.19,cartagena de indias
18,caquetá,18150,cartagena del chairá,18150001,remolino del caguán (cartagena del chaira - caquetá),2020,7,15268,7834,78.07,sábado,2020-07-18 19:45:00,8.1,cartagena del chairá
18,caquetá,18753,san vicente del caguán,18753002,guacamayas (san vicente del caguán - caquetá),2020,7,11366,4808,37.56,sábado,2020-07-18 19:15:00,17.54,san vicente del caguán
18,caquetá,18753,san vicente del caguán,18753009,puerto betania (san vicente del caguán - caquetá),2020,7,4823,1912,42.04,sábado,2020-07-25 19:00:00,5.1,san vicente del caguán
85,casanare,85430,trinidad,85430001,bocas del pauto (trinidad - casanare),2020,7,12341,7190,88.19,jueves,2020-07-02 18:30:00,5.59,trinidad
19,cauca,19418,lópez (micay),19418038,isla de gallo (lópez de micay - cauca),2020,7,3077,1059,23.17,sábado,2020-07-25 19:15:00,5.09,lópez de micay
19,cauca,19418,lópez (micay),19418019,zaragoza (lopez de micay - cauca),2020,7,9159,4007,53.25,domingo,2020-07-19 19:30:00,7.34,lópez de micay
19,cauca,19809,timbiquí,19809014,chacón (timbiquí - cauca),2020,7,3782,677,25.73,lunes,2020-07-27 20:00:00,5.42,timbiquí
19,cauca,19809,timbiquí,19809010,comunidad de chete (timbiquí - cauca),2020,7,5552,1629,42.85,viernes,2020-07-31 19:15:00,5.22,timbiquí
19,cauca,19809,timbiquí,19809003,coteje (timbiquí - cauca),2020,7,6571,3869,32.88,sábado,2020-07-04 19:00:00,7.3,timbiquí
19,cauca,19809,timbiquí,19809023,puerto saija (timbiquí - cauca),2020,7,17267,6008,159.46,viernes,2020-07-31 18:45:00,4.05,timbiquí
19,cauca,19809,timbiquí,19809007,san josé (timbiquí - cauca),2020,7,7591,4519,45.77,lunes,2020-07-06 18:45:00,6.06,timbiquí
19,cauca,19809,timbiquí,19809008,santa maría (timbiquí - cauca),2020,7,13196,4908,76.54,martes,2020-07-07 19:00:00,7.09,timbiquí
27,chocó,27006,acandí,27006000,acandí (acandí - chocó),2020,7,521827,233034,982.96,viernes,2020-07-03 20:45:00,23.54,acandí
27,chocó,27025,alto baudó (pie de pato),27025000,ciudad baudó - pie de pato (alto baudó - chocó),2020,7,22622,6463,132.26,miércoles,2020-07-08 19:15:00,8.45,alto baudó (pie de pato)
27,chocó,27075,bahía solano (mutis),27075000,ciudad mutis (bahía solano - chocó),2020,7,579334,228102,1071.4,miércoles,2020-07-15 19:30:00,24.0,bahía solano (mutis)
27,chocó,27075,bahía solano (mutis),27075001,cupica (bahía solano - chocó),2020,7,55762,20068,131.52,miércoles,2020-07-15 19:30:00,22.36,bahía solano (mutis)
27,chocó,27075,bahía solano (mutis),27075002,el valle (bahía solano - chocó),2020,7,139206,59401,303.07,jueves,2020-07-16 19:00:00,23.4,bahía solano (mutis)
27,chocó,27077,bajo baudó (pizarro),27077000,pizarro (bajo baudó (pizarro) - chocó),2020,7,182828,87127,379.63,viernes,2020-07-31 19:45:00,22.33,bajo baudó (pizarro)
27,chocó,27099,bojayá (bellavista),27099000,bellavista (bojayá (bellavista) - chocó),2020,7,71934,26976,236.38,martes,2020-07-07 19:00:00,13.57,bojayá (bellavista)
27,chocó,27099,bojayá (bellavista),27099002,la loma de bojayá (bojayá (bellavista) - chocó),2020,7,12064,5006,64.0,jueves,2020-07-16 19:45:00,8.12,bojayá (bellavista)
27,chocó,27099,bojayá (bellavista),27099005,napipí (bojayá (bellavista) - chocó),2020,7,8735,2327,60.8,viernes,2020-07-31 19:30:00,5.3,bojayá (bellavista)
27,chocó,27250,el litoral del san juan,27250000,santa genoveva de docordó (el litoral del san juan - chocó),2020,7,64138,32453,162.49,miércoles,2020-07-15 20:00:00,17.3,el litoral del san juan
27,chocó,27425,medio atrato (beté),27425000,beté (medio atrato (beté) - chocó),2020,7,15454,6948,76.0,viernes,2020-07-31 20:00:00,9.52,medio atrato (beté)
27,chocó,27495,nuquí,27495001,arusí (nuquí - choco),2020,7,4681,1793,48.0,sábado,2020-07-11 19:00:00,4.0,nuquí
27,chocó,27745,sipí,27745000,sipí (sipí - choco),2020,7,10668,3496,74.8,viernes,2020-07-31 19:00:00,5.34,sipí
27,chocó,27800,unguía,27800001,balboa (unguía - chocó),2020,7,15297,6107,73.16,jueves,2020-07-09 20:00:00,8.06,unguía
27,chocó,27800,unguía,27800005,titumate (unguía - chocó),2020,7,8548,3040,74.54,jueves,2020-07-30 20:00:00,4.47,unguía
27,chocó,27800,unguía,27800000,unguía (unguía - chocó),2020,7,278471,96856,843.04,jueves,2020-07-09 20:30:00,16.1,unguía
94,guainía,94343,barrancominas,94343000,barrancominas (barrancominas - guainía),2020,7,39122,13768,165.61,martes,2020-07-28 18:30:00,9.13,barrancominas
94,guainía,94001,inírida,94001000,inírida (inírida - guainía),2020,7,1406621,473315,2622.4,miércoles,2020-07-08 15:00:00,24.0,inírida
44,la guajira,44847,uribia,44847012,nazareth (uribia - la guajira),2020,7,33784,14332,248.16,miércoles,2020-07-22 19:30:00,7.06,uribia
47,magdalena,47189,ciénaga,47189018,palmor (ciénaga - magdalena),2020,7,67986,27601,133.18,viernes,2020-07-31 20:45:00,21.55,ciénaga
50,meta,50325,mapiripán,50325000,mapiripán (mapiripán - meta),2020,7,133594,56665,290.84,miércoles,2020-07-29 18:45:00,23.46,mapiripán
52,nariño,52250,el charco,52250023,bazán (el charco - nariño),2020,7,22109,11464,110.4,viernes,2020-07-31 20:45:00,8.07,el charco
52,nariño,52250,el charco,52250003,bolívar - san pedro (el charco - nariño),2020,7,5405,3671,26.59,jueves,2020-07-02 19:30:00,8.33,el charco
52,nariño,52250,el charco,52250022,el cuil pueblo nuevo (el charco - nariño),2020,7,6266,2263,34.44,domingo,2020-07-19 18:30:00,6.46,el charco
52,nariño,52250,el charco,52250007,san josé del tapaje (el charco - nariño),2020,7,16272,2832,88.0,sábado,2020-07-25 19:15:00,8.02,el charco
52,nariño,52390,la tola,52390013,amárales (la tola - nariño),2020,7,10729,2845,61.6,jueves,2020-07-23 20:15:00,7.07,la tola
52,nariño,52390,la tola,52390003,la vigía de la mar (la tola - nariño),2020,7,5675,2941,31.64,sábado,2020-07-05 00:15:00,7.14,la tola
52,nariño,52390,la tola,52390009,mulatos (la tola - nariño),2020,7,4074,2264,34.21,miércoles,2020-07-29 18:30:00,6.15,la tola
52,nariño,52490,olaya herrera,52490913,boca de prieta (olaya herrera - nariño),2020,7,5050,1092,22.92,jueves,2020-07-30 19:15:00,8.18,olaya herrera
52,nariño,52490,olaya herrera,52490008,san josé calabazal (olaya herrera - nariño),2020,7,6286,1954,43.42,martes,2020-07-28 18:45:00,5.27,olaya herrera
52,nariño,52835,san andrés de tumaco,52835055,bocas de curay (tumaco - nariño),2020,7,8847,2086,52.8,domingo,2020-07-20 00:15:00,7.06,san andrés de tumaco
52,nariño,52835,san andrés de tumaco,52835012,chajal (tumaco - nariño),2020,7,25809,7906,130.42,viernes,2020-07-31 19:00:00,7.56,san andrés de tumaco
52,nariño,52835,san andrés de tumaco,52835016,pital de la costa (tumaco - nariño),2020,7,17568,10259,80.0,viernes,2020-07-03 18:45:00,9.21,san andrés de tumaco
52,nariño,52835,san andrés de tumaco,52835212,pueblo nuevo (tablón salado) (tumaco - nariño),2020,7,2764,1098,17.47,domingo,2020-07-12 23:15:00,7.28,san andrés de tumaco
52,nariño,52835,san andrés de tumaco,52835217,san juan de la costa (san andrés de tumaco - nariño),2020,7,28968,23021,153.6,miércoles,2020-07-01 19:15:00,8.22,san andrés de tumaco
52,nariño,52835,san andrés de tumaco,52835091,santa rosa (tumaco - nariño),2020,7,3673,1158,29.63,jueves,2020-07-09 19:15:00,4.55,san andrés de tumaco
52,nariño,52835,san andrés de tumaco,52835148,tablón dulce la pampa (tumaco - nariño),2020,7,3167,848,27.1,sábado,2020-07-11 18:45:00,4.43,san andrés de tumaco
52,nariño,52696,santa bárbara (iscuandé),52696014,la ensenada (santa bárbara (iscuandé) - nariño),2020,7,3364,5398,21.92,jueves,2020-07-16 20:45:00,6.0,santa bárbara (iscuandé)
52,nariño,52696,santa bárbara (iscuandé),52696017,santa rita (santa barbara (iscuandé) - nariño),2020,7,5519,2949,35.08,domingo,2020-07-19 19:30:00,6.09,santa bárbara (iscuandé)
86,putumayo,86573,puerto leguízamo,86573009,piñuña negro (puerto leguízamo - putumayo),2020,7,2726,1454,22.4,martes,2020-07-28 19:45:00,5.05,puerto leguízamo
86,putumayo,86573,puerto leguízamo,86573000,puerto leguízamo (puerto leguízamo - putumayo),2020,7,845329,292491,1718.11,miércoles,2020-07-08 15:00:00,23.54,puerto leguízamo
76,valle del cauca,76109,buenaventura,76109028,puerto merizalde (buenaventura - valle del cauca),2020,7,44492,19028,253.79,sábado,2020-07-18 19:15:00,6.36,buenaventura
76,valle del cauca,76109,buenaventura,76109032,san francisco naya (buenaventura - valle del cauca),2020,7,5655,2882,30.75,lunes,2020-07-28 00:00:00,7.37,buenaventura
97,vaupés,97161,carurú,97161000,carurú (carurú - vaupés),2020,7,12288,3513,72.42,miércoles,2020-07-01 19:00:00,8.8,carurú
97,vaupés,97001,mitú,97001000,mitú (mitú - vaupés),2020,7,1183647,362343,2502.94,viernes,2020-07-31 23:45:00,24.0,mitú
97,vaupés,97666,taraira,97666000,taraira (taraira - vaupés),2020,7,26779,8627,112.29,martes,2020-07-07 18:15:00,9.4,taraira
99,vichada,99773,cumaribo,99773000,cumaribo (cumaribo - vichada),2020,7,259183,119897,527.12,jueves,2020-07-16 15:00:00,23.51,cumaribo
99,vichada,99524,la primavera,99524000,la primavera (la primavera - vichada),2020,7,316447,159009,636.27,martes,2020-07-28 18:30:00,23.59,la primavera
99,vichada,99001,puerto carreño,99001002,casuarito (puerto carreño - vichada),2020,7,21773,9900,109.3,miércoles,2020-07-08 19:00:00,8.39,puerto carreño
99,vichada,99001,puerto carreño,99001000,puerto carreño (puerto carreño - vichada),2020,7,2094037,696152,3914.24,jueves,2020-07-09 20:45:00,24.0,puerto carreño
99,vichada,99624,santa rosalía,99624000,santa rosalía (santa rosalía - vichada),2020,7,114319,57609,327.36,lunes,2020-07-20 20:30:00,15.49,santa rosalía
91,amazonas,91001,leticia,91001000,leticia (leticia - amazonas),2020,8,3540189,1160515,7176.97,jueves,2020-08-20 15:15:00,24.0,leticia
91,amazonas,91540,puerto nariño,91540000,puerto nariño (puerto nariño - amazonas),2020,8,98690,38477,205.74,domingo,2020-08-02 18:45:00,23.49,puerto nariño
91,amazonas,91798,tarapacá (anm),91798000,tarapacá (tarapacá (anm) - amazonas),2020,8,21748,9352,82.81,lunes,2020-08-31 18:30:00,10.15,tarapacá (anm)
05,antioquia,05873,vigía del fuerte,05873001,san antonio de padua (vigía del fuerte - antioquia),2020,8,3999,1456,32.51,jueves,2020-08-13 18:45:00,4.54,vigía del fuerte
05,antioquia,05873,vigía del fuerte,05873002,vegáez (vigía del fuerte - antioquia),2020,8,2993,503,39.42,lunes,2020-08-31 18:45:00,4.44,vigía del fuerte
05,antioquia,05873,vigía del fuerte,05873000,vigía del fuerte (vigía del fuerte - antioquia),2020,8,92842,23194,277.38,martes,2020-08-04 19:45:00,12.39,vigía del fuerte
88,"archipiélago de san andrés, providencia y santa catalina",88564,providencia,88564000,providencia (providencia - archipiélago de san andrés y providencia),2020,8,995872,326604,1614.72,lunes,2020-08-31 14:30:00,24.0,providencia
88,"archipiélago de san andrés, providencia y santa catalina",88001,san andrés,88001000,san andrés (san andrés - archipiélago de san andrés y providencia),2020,8,11776848,3360582,19931.87,lunes,2020-08-31 15:15:00,24.0,san andrés
13,bolívar,13001,cartagena de indias,13001007,isla fuerte (cartagena de indias - bolívar),2020,8,13446,7402,115.32,jueves,2020-08-13 15:15:00,4.39,cartagena de indias
13,bolívar,13001,cartagena de indias,13001037,isla múcura (cartagena de indias - bolívar),2020,8,7358,3146,23.52,martes,2020-08-11 22:00:00,12.48,cartagena de indias
18,caquetá,18150,cartagena del chairá,18150001,remolino del caguán (cartagena del chaira - caquetá),2020,8,15847,7998,81.23,sábado,2020-08-29 19:15:00,8.23,cartagena del chairá
18,caquetá,18753,san vicente del caguán,18753002,guacamayas (san vicente del caguán - caquetá),2020,8,11818,4782,37.42,sábado,2020-08-22 19:15:00,17.56,san vicente del caguán
18,caquetá,18753,san vicente del caguán,18753009,puerto betania (san vicente del caguán - caquetá),2020,8,4832,1919,50.56,martes,2020-08-18 19:00:00,5.12,san vicente del caguán
85,casanare,85430,trinidad,85430001,bocas del pauto (trinidad - casanare),2020,8,7889,4496,95.23,jueves,2020-08-13 23:30:00,3.46,trinidad
19,cauca,19318,guapi,19318008,limones (guapi - cauca),2020,8,7673,1901,64.96,sábado,2020-08-15 21:30:00,4.44,guapi
19,cauca,19318,guapi,19318013,san antonio de guajuí (guapi - cauca),2020,8,6968,2096,60.08,martes,2020-08-25 19:15:00,4.22,guapi
19,cauca,19418,lópez (micay),19418038,isla de gallo (lópez de micay - cauca),2020,8,2760,1013,24.61,domingo,2020-08-09 19:30:00,4.34,lópez de micay
19,cauca,19418,lópez (micay),19418009,noanamito (lópez de micay - cauca),2020,8,7421,2657,48.0,jueves,2020-08-13 16:00:00,8.27,lópez de micay
19,cauca,19418,lópez (micay),19418012,san antonio de chuaré (lópez de micay - cauca),2020,8,9538,2938,53.86,lunes,2020-08-24 19:00:00,7.32,lópez de micay
19,cauca,19418,lópez (micay),19418019,zaragoza (lopez de micay - cauca),2020,8,9409,4164,53.86,sábado,2020-08-22 19:15:00,7.36,lópez de micay
19,cauca,19809,timbiquí,19809010,comunidad de chete (timbiquí - cauca),2020,8,6453,1874,43.42,viernes,2020-08-21 19:15:00,5.34,timbiquí
19,cauca,19809,timbiquí,19809003,coteje (timbiquí - cauca),2020,8,6472,3828,33.04,domingo,2020-08-02 19:15:00,7.24,timbiquí
19,cauca,19809,timbiquí,19809023,puerto saija (timbiquí - cauca),2020,8,30048,10061,165.79,jueves,2020-08-06 19:15:00,6.42,timbiquí
19,cauca,19809,timbiquí,19809007,san josé (timbiquí - cauca),2020,8,8643,6674,48.12,domingo,2020-08-09 19:15:00,6.55,timbiquí
19,cauca,19809,timbiquí,19809008,santa maría (timbiquí - cauca),2020,8,14731,5656,73.66,sábado,2020-08-08 19:00:00,8.2,timbiquí
19,cauca,19809,timbiquí,19809009,santa rosa de saija (timbiquí - cauca),2020,8,0,0,0.0,lunes,2020-08-31 23:45:00,0.0,timbiquí
27,chocó,27006,acandí,27006000,acandí (acandí - chocó),2020,8,517824,228515,968.88,miércoles,2020-08-12 21:00:00,23.26,acandí
27,chocó,27025,alto baudó (pie de pato),27025000,ciudad baudó - pie de pato (alto baudó - chocó),2020,8,26225,7208,123.2,lunes,2020-08-03 19:30:00,11.36,alto baudó (pie de pato)
27,chocó,27075,bahía solano (mutis),27075000,ciudad mutis (bahía solano - chocó),2020,8,570834,223385,1072.72,sábado,2020-08-01 19:45:00,23.52,bahía solano (mutis)
27,chocó,27075,bahía solano (mutis),27075001,cupica (bahía solano - chocó),2020,8,46126,16054,144.49,jueves,2020-08-06 19:15:00,18.06,bahía solano (mutis)
27,chocó,27075,bahía solano (mutis),27075002,el valle (bahía solano - chocó),2020,8,141003,58605,297.0,jueves,2020-08-06 19:15:00,23.51,bahía solano (mutis)
27,chocó,27077,bajo baudó (pizarro),27077000,pizarro (bajo baudó (pizarro) - chocó),2020,8,184804,88647,376.46,martes,2020-08-04 19:15:00,22.33,bajo baudó (pizarro)
27,chocó,27099,bojayá (bellavista),27099000,bellavista (bojayá (bellavista) - chocó),2020,8,94135,34964,220.61,lunes,2020-08-31 19:45:00,19.28,bojayá (bellavista)
27,chocó,27099,bojayá (bellavista),27099002,la loma de bojayá (bojayá (bellavista) - chocó),2020,8,11931,5367,60.8,sábado,2020-08-15 19:30:00,8.44,bojayá (bellavista)
27,chocó,27099,bojayá (bellavista),27099005,napipí (bojayá (bellavista) - chocó),2020,8,7256,2150,57.6,viernes,2020-08-07 21:15:00,5.07,bojayá (bellavista)
27,chocó,27250,el litoral del san juan,27250000,santa genoveva de docordó (el litoral del san juan - chocó),2020,8,66687,33353,161.44,viernes,2020-08-07 19:15:00,17.9,el litoral del san juan
27,chocó,27425,medio atrato (beté),27425000,beté (medio atrato (beté) - chocó),2020,8,13147,6028,76.0,viernes,2020-08-07 19:45:00,8.41,medio atrato (beté)
27,chocó,27495,nuquí,27495001,arusí (nuquí - choco),2020,8,9238,3857,43.2,jueves,2020-08-27 19:00:00,8.39,nuquí
27,chocó,27495,nuquí,27495000,nuquí (nuquí - chocó),2020,8,234894,75532,460.42,jueves,2020-08-27 19:30:00,23.55,nuquí
27,chocó,27745,sipí,27745000,sipí (sipí - choco),2020,8,7284,2784,79.2,jueves,2020-08-13 19:30:00,3.53,sipí
27,chocó,27800,unguía,27800001,balboa (unguía - chocó),2020,8,16135,6501,77.24,sábado,2020-08-22 20:45:00,8.15,unguía
27,chocó,27800,unguía,27800005,titumate (unguía - chocó),2020,8,11457,5261,76.12,sábado,2020-08-08 21:45:00,5.57,unguía
27,chocó,27800,unguía,27800000,unguía (unguía - chocó),2020,8,287754,97264,865.92,domingo,2020-08-09 20:30:00,15.48,unguía
94,guainía,94343,barrancominas,94343000,barrancominas (barrancominas - guainía),2020,8,37478,13338,175.92,sábado,2020-08-15 18:00:00,8.36,barrancominas
94,guainía,94001,inírida,94001000,inírida (inírida - guainía),2020,8,1412048,476468,2757.04,miércoles,2020-08-19 14:45:00,24.0,inírida
44,la guajira,44847,uribia,44847012,nazareth (uribia - la guajira),2020,8,43263,21057,252.48,lunes,2020-08-03 18:45:00,10.1,uribia
47,magdalena,47189,ciénaga,47189018,palmor (ciénaga - magdalena),2020,8,71968,25131,136.96,viernes,2020-08-14 21:15:00,23.7,ciénaga
50,meta,50325,mapiripán,50325000,mapiripán (mapiripán - meta),2020,8,136320,58662,269.72,sábado,2020-08-15 18:30:00,23.42,mapiripán
52,nariño,52250,el charco,52250023,bazán (el charco - nariño),2020,8,22566,11552,105.6,sábado,2020-08-29 20:30:00,8.12,el charco
52,nariño,52250,el charco,52250003,bolívar - san pedro (el charco - nariño),2020,8,5417,4329,25.25,domingo,2020-08-16 18:45:00,8.38,el charco
52,nariño,52250,el charco,52250022,el cuil pueblo nuevo (el charco - nariño),2020,8,5250,1928,33.82,sábado,2020-08-29 19:30:00,5.43,el charco
52,nariño,52250,el charco,52250007,san josé del tapaje (el charco - nariño),2020,8,15410,2260,88.0,viernes,2020-08-21 19:45:00,7.29,el charco
52,nariño,52390,la tola,52390013,amárales (la tola - nariño),2020,8,10887,2962,62.5,jueves,2020-08-13 19:00:00,7.15,la tola
52,nariño,52390,la tola,52390003,la vigía de la mar (la tola - nariño),2020,8,6231,3462,30.2,domingo,2020-08-09 18:30:00,8.39,la tola
52,nariño,52390,la tola,52390009,mulatos (la tola - nariño),2020,8,4135,2263,35.49,lunes,2020-08-31 18:30:00,6.18,la tola
52,nariño,52390,la tola,52390016,san pablo del mar (la tola - nariño),2020,8,4903,1182,27.71,sábado,2020-08-22 18:00:00,6.54,la tola
52,nariño,52490,olaya herrera,52490913,boca de prieta (olaya herrera - nariño),2020,8,5032,1194,23.47,miércoles,2020-08-05 19:00:00,8.19,olaya herrera
52,nariño,52490,olaya herrera,52490008,san josé calabazal (olaya herrera - nariño),2020,8,5292,1658,46.99,jueves,2020-08-27 21:30:00,5.02,olaya herrera
52,nariño,52835,san andrés de tumaco,52835055,bocas de curay (tumaco - nariño),2020,8,7503,3406,52.8,sábado,2020-08-08 18:15:00,6.01,san andrés de tumaco
52,nariño,52835,san andrés de tumaco,52835012,chajal (tumaco - nariño),2020,8,32722,11138,134.38,sábado,2020-08-29 19:30:00,9.28,san andrés de tumaco
52,nariño,52835,san andrés de tumaco,52835016,pital de la costa (tumaco - nariño),2020,8,20520,12277,76.0,sábado,2020-08-29 00:45:00,11.7,san andrés de tumaco
52,nariño,52835,san andrés de tumaco,52835212,pueblo nuevo (tablón salado) (tumaco - nariño),2020,8,2479,1055,17.89,domingo,2020-08-09 23:45:00,6.57,san andrés de tumaco
52,nariño,52835,san andrés de tumaco,52835217,san juan de la costa (san andrés de tumaco - nariño),2020,8,27965,22758,147.2,sábado,2020-08-08 19:00:00,8.16,san andrés de tumaco
52,nariño,52835,san andrés de tumaco,52835091,santa rosa (tumaco - nariño),2020,8,4261,1343,32.99,domingo,2020-08-30 22:15:00,5.37,san andrés de tumaco
52,nariño,52835,san andrés de tumaco,52835148,tablón dulce la pampa (tumaco - nariño),2020,8,3504,999,26.72,domingo,2020-08-02 21:00:00,5.16,san andrés de tumaco
52,nariño,52696,santa bárbara (iscuandé),52696014,la ensenada (santa bárbara (iscuandé) - nariño),2020,8,3093,4971,22.75,martes,2020-08-25 18:15:00,5.52,santa bárbara (iscuandé)
52,nariño,52696,santa bárbara (iscuandé),52696017,santa rita (santa barbara (iscuandé) - nariño),2020,8,5617,3029,34.72,miércoles,2020-08-05 20:45:00,6.3,santa bárbara (iscuandé)
86,putumayo,86573,puerto leguízamo,86573009,piñuña negro (puerto leguízamo - putumayo),2020,8,2963,1670,22.4,domingo,2020-08-30 20:30:00,5.17,puerto leguízamo
86,putumayo,86573,puerto leguízamo,86573000,puerto leguízamo (puerto leguízamo - putumayo),2020,8,842324,286048,1699.02,miércoles,2020-08-19 14:15:00,23.53,puerto leguízamo
76,valle del cauca,76109,buenaventura,76109028,puerto merizalde (buenaventura - valle del cauca),2020,8,52583,19942,252.38,viernes,2020-08-14 20:00:00,7.49,buenaventura
76,valle del cauca,76109,buenaventura,76109032,san francisco naya (buenaventura - valle del cauca),2020,8,6476,5285,31.36,sábado,2020-08-08 23:30:00,8.11,buenaventura
97,vaupés,97161,carurú,97161000,carurú (carurú - vaupés),2020,8,18904,5664,74.89,miércoles,2020-08-12 19:00:00,12.14,carurú
97,vaupés,97001,mitú,97001000,mitú (mitú - vaupés),2020,8,1178527,362823,2580.86,jueves,2020-08-20 23:45:00,23.59,mitú
97,vaupés,97666,taraira,97666000,taraira (taraira - vaupés),2020,8,26801,8817,119.24,viernes,2020-08-21 18:30:00,9.52,taraira
99,vichada,99773,cumaribo,99773000,cumaribo (cumaribo - vichada),2020,8,264098,121703,562.32,jueves,2020-08-20 23:30:00,23.39,cumaribo
99,vichada,99524,la primavera,99524000,la primavera (la primavera - vichada),2020,8,334401,163769,656.19,miércoles,2020-08-19 19:15:00,23.56,la primavera
99,vichada,99001,puerto carreño,99001002,casuarito (puerto carreño - vichada),2020,8,21540,8139,107.54,jueves,2020-08-20 18:15:00,8.31,puerto carreño
99,vichada,99001,puerto carreño,99001000,puerto carreño (puerto carreño - vichada),2020,8,2061499,688483,3993.44,jueves,2020-08-20 20:30:00,24.0,puerto carreño
99,vichada,99624,santa rosalía,99624000,santa rosalía (santa rosalía - vichada),2020,8,119355,61254,324.67,jueves,2020-08-27 20:00:00,16.24,santa rosalía
91,amazonas,91001,leticia,91001000,leticia (leticia - amazonas),2020,9,3731825,1199410,7349.07,lunes,2020-09-14 14:30:00,24.0,leticia
91,amazonas,91540,puerto nariño,91540000,puerto nariño (puerto nariño - amazonas),2020,9,100247,38233,211.2,jueves,2020-09-17 18:30:00,23.59,puerto nariño
91,amazonas,91798,tarapacá (anm),91798000,tarapacá (tarapacá (anm) - amazonas),2020,9,22846,9724,87.46,viernes,2020-09-18 19:00:00,10.18,tarapacá (anm)
05,antioquia,05873,vigía del fuerte,05873001,san antonio de padua (vigía del fuerte - antioquia),2020,9,3516,1303,30.91,lunes,2020-09-07 19:00:00,4.36,vigía del fuerte
05,antioquia,05873,vigía del fuerte,05873002,vegáez (vigía del fuerte - antioquia),2020,9,5574,814,40.42,martes,2020-09-01 18:30:00,7.27,vigía del fuerte
05,antioquia,05873,vigía del fuerte,05873000,vigía del fuerte (vigía del fuerte - antioquia),2020,9,97855,23445,270.34,lunes,2020-09-07 13:30:00,13.44,vigía del fuerte
88,"archipiélago de san andrés, providencia y santa catalina",88564,providencia,88564000,providencia (providencia - archipiélago de san andrés y providencia),2020,9,995867,326403,1661.66,miércoles,2020-09-09 14:15:00,24.0,providencia
88,"archipiélago de san andrés, providencia y santa catalina",88001,san andrés,88001000,san andrés (san andrés - archipiélago de san andrés y providencia),2020,9,11930242,3357883,21531.9,martes,2020-09-22 14:45:00,24.0,san andrés
13,bolívar,13001,cartagena de indias,13001007,isla fuerte (cartagena de indias - bolívar),2020,9,14954,8365,129.12,domingo,2020-09-20 00:30:00,5.13,cartagena de indias
13,bolívar,13001,cartagena de indias,13001037,isla múcura (cartagena de indias - bolívar),2020,9,6292,2502,21.6,viernes,2020-09-11 22:30:00,12.29,cartagena de indias
18,caquetá,18150,cartagena del chairá,18150001,remolino del caguán (cartagena del chaira - caquetá),2020,9,15711,7850,86.13,sábado,2020-09-26 19:45:00,8.14,cartagena del chairá
18,caquetá,18753,san vicente del caguán,18753002,guacamayas (san vicente del caguán - caquetá),2020,9,11538,4721,36.34,viernes,2020-09-04 19:15:00,18.2,san vicente del caguán
18,caquetá,18753,san vicente del caguán,18753009,puerto betania (san vicente del caguán - caquetá),2020,9,5108,1962,41.6,sábado,2020-09-26 19:15:00,5.39,san vicente del caguán
85,casanare,85430,trinidad,85430001,bocas del pauto (trinidad - casanare),2020,9,11065,6075,95.23,sábado,2020-09-12 18:30:00,5.16,trinidad
19,cauca,19318,guapi,19318008,limones (guapi - cauca),2020,9,8620,2316,66.68,sábado,2020-09-19 21:00:00,5.09,guapi
19,cauca,19318,guapi,19318013,san antonio de guajuí (guapi - cauca),2020,9,7557,2221,60.3,viernes,2020-09-18 19:45:00,4.57,guapi
19,cauca,19418,lópez (micay),19418038,isla de gallo (lópez de micay - cauca),2020,9,2702,903,24.83,sábado,2020-09-12 20:15:00,4.31,lópez de micay
19,cauca,19418,lópez (micay),19418009,noanamito (lópez de micay - cauca),2020,9,7165,2753,44.0,lunes,2020-09-21 00:15:00,8.27,lópez de micay
19,cauca,19418,lópez (micay),19418012,san antonio de chuaré (lópez de micay - cauca),2020,9,9249,2948,55.9,lunes,2020-09-28 19:00:00,7.21,lópez de micay
19,cauca,19418,lópez (micay),19418019,zaragoza (lopez de micay - cauca),2020,9,10259,4867,52.86,sábado,2020-09-19 18:45:00,9.08,lópez de micay
19,cauca,19809,timbiquí,19809010,comunidad de chete (timbiquí - cauca),2020,9,6256,1854,42.85,sábado,2020-09-12 20:15:00,5.53,timbiquí
19,cauca,19809,timbiquí,19809003,coteje (timbiquí - cauca),2020,9,7097,4126,34.32,sábado,2020-09-19 19:45:00,8.21,timbiquí
19,cauca,19809,timbiquí,19809023,puerto saija (timbiquí - cauca),2020,9,30537,10417,165.62,martes,2020-09-01 18:45:00,7.14,timbiquí
19,cauca,19809,timbiquí,19809007,san josé (timbiquí - cauca),2020,9,9095,5522,43.9,sábado,2020-09-05 18:15:00,8.28,timbiquí
19,cauca,19809,timbiquí,19809008,santa maría (timbiquí - cauca),2020,9,16093,6275,70.98,martes,2020-09-22 19:15:00,9.2,timbiquí
19,cauca,19809,timbiquí,19809009,santa rosa de saija (timbiquí - cauca),2020,9,245,84,27.0,sábado,2020-09-05 19:15:00,0.28,timbiquí
27,chocó,27006,acandí,27006000,acandí (acandí - chocó),2020,9,507105,224735,976.8,jueves,2020-09-17 20:45:00,22.58,acandí
27,chocó,27006,acandí,27006003,capurganá (acandí - choco),2020,9,211904,87863,456.54,lunes,2020-09-14 21:30:00,20.15,acandí
27,chocó,27025,alto baudó (pie de pato),27025000,ciudad baudó - pie de pato (alto baudó - chocó),2020,9,47394,12433,117.13,martes,2020-09-01 19:00:00,23.05,alto baudó (pie de pato)
27,chocó,27075,bahía solano (mutis),27075000,ciudad mutis (bahía solano - chocó),2020,9,556145,217566,1092.08,jueves,2020-09-10 19:15:00,23.57,bahía solano (mutis)
27,chocó,27075,bahía solano (mutis),27075001,cupica (bahía solano - chocó),2020,9,45855,17649,160.62,miércoles,2020-09-02 19:15:00,18.36,bahía solano (mutis)
27,chocó,27075,bahía solano (mutis),27075002,el valle (bahía solano - chocó),2020,9,134075,57707,301.75,jueves,2020-09-10 19:15:00,23.42,bahía solano (mutis)
27,chocó,27077,bajo baudó (pizarro),27077000,pizarro (bajo baudó (pizarro) - chocó),2020,9,180481,87647,373.3,jueves,2020-09-24 19:15:00,22.47,bajo baudó (pizarro)
27,chocó,27099,bojayá (bellavista),27099000,bellavista (bojayá (bellavista) - chocó),2020,9,91800,34142,217.29,lunes,2020-09-14 19:15:00,19.18,bojayá (bellavista)
27,chocó,27099,bojayá (bellavista),27099002,la loma de bojayá (bojayá (bellavista) - chocó),2020,9,11602,5129,64.0,lunes,2020-09-28 19:45:00,8.2,bojayá (bellavista)
27,chocó,27099,bojayá (bellavista),27099005,napipí (bojayá (bellavista) - chocó),2020,9,7155,2180,57.6,miércoles,2020-09-30 20:00:00,6.27,bojayá (bellavista)
27,chocó,27250,el litoral del san juan,27250000,santa genoveva de docordó (el litoral del san juan - chocó),2020,9,64517,31952,162.36,martes,2020-09-22 19:30:00,16.53,el litoral del san juan
27,chocó,27425,medio atrato (beté),27425000,beté (medio atrato (beté) - chocó),2020,9,17201,7992,72.0,miércoles,2020-09-30 19:00:00,11.12,medio atrato (beté)
27,chocó,27495,nuquí,27495001,arusí (nuquí - choco),2020,9,10038,4026,46.4,sábado,2020-09-19 18:45:00,9.17,nuquí
27,chocó,27495,nuquí,27495000,nuquí (nuquí - chocó),2020,9,216894,70324,468.86,miércoles,2020-09-16 19:45:00,23.37,nuquí
27,chocó,27745,sipí,27745000,sipí (sipí - choco),2020,9,11104,4136,74.8,martes,2020-09-29 19:30:00,6.11,sipí
27,chocó,27800,unguía,27800001,balboa (unguía - chocó),2020,9,15926,6408,82.14,sábado,2020-09-05 19:45:00,8.03,unguía
27,chocó,27800,unguía,27800005,titumate (unguía - chocó),2020,9,9981,4598,74.27,domingo,2020-09-13 19:15:00,5.26,unguía
27,chocó,27800,unguía,27800000,unguía (unguía - chocó),2020,9,281462,97391,856.68,jueves,2020-09-17 19:15:00,16.04,unguía
94,guainía,94343,barrancominas,94343000,barrancominas (barrancominas - guainía),2020,9,39983,13982,176.09,lunes,2020-09-21 18:00:00,9.17,barrancominas
94,guainía,94001,inírida,94001000,inírida (inírida - guainía),2020,9,1457995,476889,2881.12,martes,2020-09-22 14:30:00,24.0,inírida
44,la guajira,44847,uribia,44847012,nazareth (uribia - la guajira),2020,9,36631,18455,205.44,martes,2020-09-15 19:00:00,8.58,uribia
47,magdalena,47189,ciénaga,47189018,palmor (ciénaga - magdalena),2020,9,69113,23399,135.23,martes,2020-09-22 21:15:00,22.14,ciénaga
50,meta,50325,mapiripán,50325000,mapiripán (mapiripán - meta),2020,9,137773,58984,288.64,lunes,2020-09-21 18:45:00,23.41,mapiripán
52,nariño,52250,el charco,52250023,bazán (el charco - nariño),2020,9,17407,8826,105.6,viernes,2020-09-18 21:15:00,6.41,el charco
52,nariño,52250,el charco,52250003,bolívar - san pedro (el charco - nariño),2020,9,5008,5479,24.9,viernes,2020-09-18 20:00:00,8.2,el charco
52,nariño,52250,el charco,52250022,el cuil pueblo nuevo (el charco - nariño),2020,9,4850,1860,34.27,domingo,2020-09-20 19:15:00,5.32,el charco
52,nariño,52250,el charco,52250007,san josé del tapaje (el charco - nariño),2020,9,14272,1656,80.0,lunes,2020-09-28 19:15:00,7.53,el charco
52,nariño,52390,la tola,52390013,amárales (la tola - nariño),2020,9,10877,2868,64.0,miércoles,2020-09-16 19:15:00,7.2,la tola
52,nariño,52390,la tola,52390003,la vigía de la mar (la tola - nariño),2020,9,5414,2781,29.68,lunes,2020-09-28 18:30:00,7.35,la tola
52,nariño,52390,la tola,52390009,mulatos (la tola - nariño),2020,9,3847,1876,36.67,jueves,2020-09-17 18:15:00,5.46,la tola
52,nariño,52390,la tola,52390016,san pablo del mar (la tola - nariño),2020,9,4832,1116,29.82,domingo,2020-09-27 19:30:00,6.54,la tola
52,nariño,52490,olaya herrera,52490913,boca de prieta (olaya herrera - nariño),2020,9,3110,766,22.15,jueves,2020-09-03 19:00:00,7.02,olaya herrera
52,nariño,52490,olaya herrera,52490008,san josé calabazal (olaya herrera - nariño),2020,9,4564,1851,45.38,viernes,2020-09-25 18:30:00,3.55,olaya herrera
52,nariño,52835,san andrés de tumaco,52835055,bocas de curay (tumaco - nariño),2020,9,9108,4629,55.2,domingo,2020-09-27 23:45:00,7.09,san andrés de tumaco
52,nariño,52835,san andrés de tumaco,52835012,chajal (tumaco - nariño),2020,9,31022,10965,132.44,martes,2020-09-01 18:30:00,9.15,san andrés de tumaco
52,nariño,52835,san andrés de tumaco,52835016,pital de la costa (tumaco - nariño),2020,9,18101,10808,80.0,lunes,2020-09-21 20:15:00,10.0,san andrés de tumaco
52,nariño,52835,san andrés de tumaco,52835212,pueblo nuevo (tablón salado) (tumaco - nariño),2020,9,3079,1353,16.35,domingo,2020-09-20 23:30:00,8.36,san andrés de tumaco
91,amazonas,91001,leticia,91001000,leticia,2026,1,4103641,914641,76532002.0,lunes,2026-01-19 15:00:00,2.4,leticia
52,nariño,52835,san andrés de tumaco,52835217,san juan de la costa (san andrés de tumaco - nariño),2020,9,29057,11726,147.2,miércoles,2020-09-09 18:45:00,9.32,san andrés de tumaco
52,nariño,52835,san andrés de tumaco,52835091,santa rosa (tumaco - nariño),2020,9,1742,524,31.81,sábado,2020-09-05 19:15:00,2.18,san andrés de tumaco
52,nariño,52835,san andrés de tumaco,52835148,tablón dulce la pampa (tumaco - nariño),2020,9,4507,1450,26.43,martes,2020-09-08 18:30:00,7.05,san andrés de tumaco
52,nariño,52696,santa bárbara (iscuandé),52696014,la ensenada (santa bárbara (iscuandé) - nariño),2020,9,3089,4149,19.1,miércoles,2020-09-30 19:45:00,6.3,santa bárbara (iscuandé)
52,nariño,52696,santa bárbara (iscuandé),52696017,santa rita (santa barbara (iscuandé) - nariño),2020,9,5262,2840,34.44,miércoles,2020-09-30 18:45:00,6.24,santa bárbara (iscuandé)
86,putumayo,86573,puerto leguízamo,86573009,piñuña negro (puerto leguízamo - putumayo),2020,9,3217,1862,25.6,sábado,2020-09-26 20:15:00,5.42,puerto leguízamo
86,putumayo,86573,puerto leguízamo,86573000,puerto leguízamo (puerto leguízamo - putumayo),2020,9,854209,296670,1980.88,miércoles,2020-09-16 18:15:00,23.2,puerto leguízamo
76,valle del cauca,76109,buenaventura,76109028,puerto merizalde (buenaventura - valle del cauca),2020,9,51724,18368,257.31,martes,2020-09-22 19:45:00,7.48,buenaventura
76,valle del cauca,76109,buenaventura,76109032,san francisco naya (buenaventura - valle del cauca),2020,9,5809,2156,28.06,domingo,2020-09-27 23:45:00,8.19,buenaventura
97,vaupés,97161,carurú,97161000,carurú (carurú - vaupés),2020,9,16853,4402,71.81,sábado,2020-09-12 19:45:00,11.5,carurú
97,vaupés,97001,mitú,97001000,mitú (mitú - vaupés),2020,9,1210636,368633,2619.01,viernes,2020-09-18 23:30:00,24.0,mitú
97,vaupés,97666,taraira,97666000,taraira (taraira - vaupés),2020,9,17890,5788,116.34,martes,2020-09-08 18:45:00,6.38,taraira
99,vichada,99773,cumaribo,99773000,cumaribo (cumaribo - vichada),2020,9,281345,125681,589.16,martes,2020-09-22 14:30:00,23.57,cumaribo
99,vichada,99524,la primavera,99524000,la primavera (la primavera - vichada),2020,9,329378,157321,658.33,lunes,2020-09-21 18:00:00,23.55,la primavera
99,vichada,99001,puerto carreño,99001002,casuarito (puerto carreño - vichada),2020,9,21534,8067,103.66,viernes,2020-09-04 19:15:00,8.49,puerto carreño
99,vichada,99001,puerto carreño,99001000,puerto carreño (puerto carreño - vichada),2020,9,2085157,677420,4026.0,lunes,2020-09-14 14:30:00,24.0,puerto carreño
99,vichada,99624,santa rosalía,99624000,santa rosalía (santa rosalía - vichada),2020,9,110554,54151,366.19,viernes,2020-09-11 19:00:00,14.51,santa rosalía
91,amazonas,91540,puerto nariño,91540000,puerto nariño (puerto nariño - amazonas),2020,10,100853,37789,213.14,jueves,2020-10-29 18:30:00,23.59,puerto nariño
91,amazonas,91798,tarapacá (anm),91798000,tarapacá (tarapacá (anm) - amazonas),2020,10,23135,9932,89.79,viernes,2020-10-30 18:30:00,10.17,tarapacá (anm)
05,antioquia,05873,vigía del fuerte,05873001,san antonio de padua (vigía del fuerte - antioquia),2020,10,3822,1412,32.96,martes,2020-10-06 19:30:00,4.44,vigía del fuerte
05,antioquia,05873,vigía del fuerte,05873002,vegáez (vigía del fuerte - antioquia),2020,10,5788,746,35.01,viernes,2020-10-30 18:45:00,7.7,vigía del fuerte
05,antioquia,05873,vigía del fuerte,05873000,vigía del fuerte (vigía del fuerte - antioquia),2020,10,81968,20015,288.29,lunes,2020-10-26 18:15:00,10.46,vigía del fuerte
13,bolívar,13001,cartagena de indias,13001007,isla fuerte (cartagena de indias - bolívar),2020,10,15351,8508,118.81,viernes,2020-10-16 14:30:00,5.12,cartagena de indias
18,caquetá,18150,cartagena del chairá,18150001,remolino del caguán (cartagena del chaira - caquetá),2020,10,15819,7680,86.71,sábado,2020-10-03 19:00:00,8.07,cartagena del chairá
18,caquetá,18753,san vicente del caguán,18753002,guacamayas (san vicente del caguán - caquetá),2020,10,12018,4962,37.18,sábado,2020-10-10 19:45:00,17.51,san vicente del caguán
18,caquetá,18753,san vicente del caguán,18753009,puerto betania (san vicente del caguán - caquetá),2020,10,5015,1873,41.2,domingo,2020-10-04 19:00:00,5.18,san vicente del caguán
85,casanare,85430,trinidad,85430001,bocas del pauto (trinidad - casanare),2020,10,13318,7513,89.92,jueves,2020-10-01 18:30:00,6.21,trinidad
19,cauca,19318,guapi,19318008,limones (guapi - cauca),2020,10,7396,2067,66.62,domingo,2020-10-18 18:15:00,4.22,guapi
19,cauca,19318,guapi,19318013,san antonio de guajuí (guapi - cauca),2020,10,9006,2771,60.58,sábado,2020-10-10 20:00:00,5.46,guapi
19,cauca,19418,lópez (micay),19418024,betania - naya (lópez (micay) - cauca),2020,10,6932,2127,31.04,jueves,2020-10-22 00:00:00,9.53,lópez de micay
19,cauca,19418,lópez (micay),19418011,dos quebradas río naya (lópez de micay - cauca),2020,10,6622,2282,36.48,sábado,2020-10-03 19:30:00,7.17,lópez de micay
19,cauca,19418,lópez (micay),19418038,isla de gallo (lópez de micay - cauca),2020,10,2940,964,25.12,sábado,2020-10-03 19:00:00,4.37,lópez de micay
19,cauca,19418,lópez (micay),19418009,noanamito (lópez de micay - cauca),2020,10,6812,2533,36.0,lunes,2020-10-19 19:45:00,8.34,lópez de micay
19,cauca,19418,lópez (micay),19418012,san antonio de chuaré (lópez de micay - cauca),2020,10,9374,3051,54.78,jueves,2020-10-01 19:00:00,7.23,lópez de micay
19,cauca,19418,lópez (micay),19418019,zaragoza (lopez de micay - cauca),2020,10,12012,5562,61.22,sábado,2020-10-10 20:30:00,9.49,lópez de micay
19,cauca,19809,timbiquí,19809014,chacón (timbiquí - cauca),2020,10,1752,315,27.9,viernes,2020-10-30 19:45:00,2.4,timbiquí
19,cauca,19809,timbiquí,19809010,comunidad de chete (timbiquí - cauca),2020,10,4843,1415,42.18,martes,2020-10-27 20:00:00,4.28,timbiquí
19,cauca,19809,timbiquí,19809003,coteje (timbiquí - cauca),2020,10,6085,3449,33.92,sábado,2020-10-31 19:00:00,6.45,timbiquí
19,cauca,19809,timbiquí,19809023,puerto saija (timbiquí - cauca),2020,10,30969,10513,166.67,miércoles,2020-10-14 19:00:00,7.7,timbiquí
19,cauca,19809,timbiquí,19809007,san josé (timbiquí - cauca),2020,10,9190,5461,45.31,miércoles,2020-10-28 18:00:00,7.57,timbiquí
19,cauca,19809,timbiquí,19809008,santa maría (timbiquí - cauca),2020,10,17565,6885,77.76,martes,2020-10-06 20:00:00,9.39,timbiquí
27,chocó,27006,acandí,27006000,acandí (acandí - chocó),2020,10,526945,231374,970.64,martes,2020-10-27 20:00:00,23.5,acandí
27,chocó,27025,alto baudó (pie de pato),27025000,ciudad baudó - pie de pato (alto baudó - chocó),2020,10,41592,11042,126.72,miércoles,2020-10-14 19:00:00,20.29,alto baudó (pie de pato)
27,chocó,27075,bahía solano (mutis),27075000,ciudad mutis (bahía solano - chocó),2020,10,594775,227621,1092.08,viernes,2020-10-30 19:15:00,23.51,bahía solano (mutis)
27,chocó,27075,bahía solano (mutis),27075001,cupica (bahía solano - chocó),2020,10,56106,21587,133.02,viernes,2020-10-02 19:00:00,22.49,bahía solano (mutis)
27,chocó,27075,bahía solano (mutis),27075002,el valle (bahía solano - chocó),2020,10,142944,61727,305.71,viernes,2020-10-30 19:00:00,23.36,bahía solano (mutis)
27,chocó,27077,bajo baudó (pizarro),27077000,pizarro (bajo baudó (pizarro) - chocó),2020,10,190434,93425,368.54,miércoles,2020-10-14 19:30:00,22.54,bajo baudó (pizarro)
27,chocó,27099,bojayá (bellavista),27099000,bellavista (bojayá (bellavista) - chocó),2020,10,99050,40322,222.44,viernes,2020-10-30 19:15:00,20.04,bojayá (bellavista)
27,chocó,27099,bojayá (bellavista),27099002,la loma de bojayá (bojayá (bellavista) - chocó),2020,10,12421,5718,64.0,sábado,2020-10-10 18:45:00,8.48,bojayá (bellavista)
27,chocó,27099,bojayá (bellavista),27099005,napipí (bojayá (bellavista) - chocó),2020,10,9390,3013,60.8,sábado,2020-10-24 18:30:00,5.55,bojayá (bellavista)
27,chocó,27099,bojayá (bellavista),27099008,puerto conto (bojayá (bellavista) - choco),2020,10,7913,1885,64.8,viernes,2020-10-30 19:15:00,5.39,bojayá (bellavista)
27,chocó,27250,el litoral del san juan,27250000,santa genoveva de docordó (el litoral del san juan - chocó),2020,10,67746,33721,165.4,viernes,2020-10-31 00:30:00,16.44,el litoral del san juan
27,chocó,27425,medio atrato (beté),27425000,beté (medio atrato (beté) - chocó),2020,10,20004,9534,72.0,viernes,2020-10-02 19:30:00,12.47,medio atrato (beté)
27,chocó,27495,nuquí,27495001,arusí (nuquí - choco),2020,10,8278,3603,48.0,viernes,2020-10-16 18:45:00,7.05,nuquí
27,chocó,27495,nuquí,27495000,nuquí (nuquí - chocó),2020,10,227132,73048,472.38,viernes,2020-10-16 19:15:00,23.2,nuquí
27,chocó,27001,quibdó,27001029,tagachi (quibdó - chocó),2020,10,4505,1102,44.9,sábado,2020-10-17 20:30:00,4.05,quibdó
27,chocó,27745,sipí,27745000,sipí (sipí - choco),2020,10,10987,3835,74.8,sábado,2020-10-31 18:45:00,5.52,sipí
27,chocó,27800,unguía,27800001,balboa (unguía - chocó),2020,10,19489,7739,80.23,sábado,2020-10-24 19:45:00,9.55,unguía
27,chocó,27800,unguía,27800005,titumate (unguía - chocó),2020,10,12044,5720,76.56,miércoles,2020-10-21 19:30:00,6.1,unguía
27,chocó,27800,unguía,27800000,unguía (unguía - chocó),2020,10,325554,110348,858.0,sábado,2020-10-10 19:30:00,17.3,unguía
94,guainía,94343,barrancominas,94343000,barrancominas (barrancominas - guainía),2020,10,39073,13367,180.91,lunes,2020-10-26 18:30:00,9.12,barrancominas
94,guainía,94001,inírida,94001000,inírida (inírida - guainía),2020,10,1561138,510622,2990.24,viernes,2020-10-30 17:45:00,24.0,inírida
95,guaviare,95200,miraflores,95200000,miraflores (miraflores - guaviare),2020,10,79345,29068,190.52,lunes,2020-10-26 18:15:00,19.1,miraflores
44,la guajira,44847,uribia,44847012,nazareth (uribia - la guajira),2020,10,29547,13565,191.04,viernes,2020-10-02 18:30:00,7.3,uribia
47,magdalena,47189,ciénaga,47189018,palmor (ciénaga - magdalena),2020,10,69954,24408,137.34,miércoles,2020-10-21 20:45:00,21.32,ciénaga
50,meta,50325,mapiripán,50325000,mapiripán (mapiripán - meta),2020,10,144999,61674,296.56,viernes,2020-10-30 18:00:00,23.45,mapiripán
52,nariño,52250,el charco,52250003,bolívar - san pedro (el charco - nariño),2020,10,4624,5053,25.41,lunes,2020-10-12 15:30:00,7.1,el charco
52,nariño,52250,el charco,52250022,el cuil pueblo nuevo (el charco - nariño),2020,10,3050,1703,34.05,sábado,2020-10-03 19:15:00,3.3,el charco
52,nariño,52250,el charco,52250007,san josé del tapaje (el charco - nariño),2020,10,14270,1820,80.0,viernes,2020-10-09 18:00:00,7.44,el charco
52,nariño,52390,la tola,52390013,amárales (la tola - nariño),2020,10,12462,3593,65.02,jueves,2020-10-08 18:45:00,8.0,la tola
52,nariño,52390,la tola,52390003,la vigía de la mar (la tola - nariño),2020,10,5212,2607,29.96,sábado,2020-10-10 19:00:00,7.11,la tola
52,nariño,52390,la tola,52390009,mulatos (la tola - nariño),2020,10,4123,1967,35.71,lunes,2020-10-26 18:30:00,6.13,la tola
52,nariño,52390,la tola,52390016,san pablo del mar (la tola - nariño),2020,10,5736,1244,30.08,sábado,2020-10-31 19:00:00,7.49,la tola
52,nariño,52490,olaya herrera,52490913,boca de prieta (olaya herrera - nariño),2020,10,2946,720,16.66,martes,2020-10-20 18:45:00,6.54,olaya herrera
52,nariño,52490,olaya herrera,52490008,san josé calabazal (olaya herrera - nariño),2020,10,8210,3375,46.13,viernes,2020-10-30 20:15:00,6.46,olaya herrera
52,nariño,52835,san andrés de tumaco,52835055,bocas de curay (tumaco - nariño),2020,10,6547,3322,55.2,viernes,2020-10-02 18:45:00,5.1,san andrés de tumaco
52,nariño,52835,san andrés de tumaco,52835012,chajal (tumaco - nariño),2020,10,25473,9020,141.59,jueves,2020-10-15 18:45:00,7.18,san andrés de tumaco
52,nariño,52835,san andrés de tumaco,52835016,pital de la costa (tumaco - nariño),2020,10,11113,6563,72.0,sábado,2020-10-31 19:45:00,5.48,san andrés de tumaco
52,nariño,52835,san andrés de tumaco,52835212,pueblo nuevo (tablón salado) (tumaco - nariño),2020,10,3401,1445,17.31,domingo,2020-10-11 23:30:00,8.55,san andrés de tumaco
52,nariño,52835,san andrés de tumaco,52835217,san juan de la costa (san andrés de tumaco - nariño),2020,10,24358,9140,140.8,miércoles,2020-10-21 18:30:00,7.45,san andrés de tumaco
52,nariño,52835,san andrés de tumaco,52835091,santa rosa (tumaco - nariño),2020,10,1622,546,28.54,viernes,2020-10-30 19:45:00,2.14,san andrés de tumaco
52,nariño,52835,san andrés de tumaco,52835148,tablón dulce la pampa (tumaco - nariño),2020,10,3964,1413,26.05,sábado,2020-10-24 18:45:00,6.16,san andrés de tumaco
52,nariño,52696,santa bárbara (iscuandé),52696014,la ensenada (santa bárbara (iscuandé) - nariño),2020,10,2752,3744,19.33,miércoles,2020-10-14 19:45:00,5.53,santa bárbara (iscuandé)
86,putumayo,86573,puerto leguízamo,86573009,piñuña negro (puerto leguízamo - putumayo),2020,10,3811,2158,28.8,sábado,2020-10-24 20:45:00,6.08,puerto leguízamo
76,valle del cauca,76109,buenaventura,76109028,puerto merizalde (buenaventura - valle del cauca),2020,10,46035,16416,268.58,martes,2020-10-13 18:45:00,6.38,buenaventura
76,valle del cauca,76109,buenaventura,76109032,san francisco naya (buenaventura - valle del cauca),2020,10,6099,2260,29.5,martes,2020-10-20 19:00:00,7.49,buenaventura
97,vaupés,97161,carurú,97161000,carurú (carurú - vaupés),2020,10,15372,3658,67.23,jueves,2020-10-29 19:15:00,10.31,carurú
97,vaupés,97001,mitú,97001000,mitú (mitú - vaupés),2020,10,1262978,381820,2685.34,jueves,2020-10-29 00:00:00,24.0,mitú
97,vaupés,97666,taraira,97666000,taraira (taraira - vaupés),2020,10,29164,9162,117.04,jueves,2020-10-29 00:30:00,10.15,taraira
99,vichada,99773,cumaribo,99773000,cumaribo (cumaribo - vichada),2020,10,301392,131220,625.68,lunes,2020-10-26 23:45:00,23.59,cumaribo
99,vichada,99524,la primavera,99524000,la primavera (la primavera - vichada),2020,10,344188,162002,685.31,viernes,2020-10-30 18:45:00,23.53,la primavera
99,vichada,99001,puerto carreño,99001002,casuarito (puerto carreño - vichada),2020,10,22272,8238,109.3,jueves,2020-10-29 19:30:00,8.43,puerto carreño
99,vichada,99001,puerto carreño,99001000,puerto carreño (puerto carreño - vichada),2020,10,2288356,735750,4372.72,viernes,2020-10-30 14:15:00,24.0,puerto carreño
99,vichada,99624,santa rosalía,99624000,santa rosalía (santa rosalía - vichada),2020,10,127636,63048,349.2,jueves,2020-10-15 19:30:00,16.16,santa rosalía
91,amazonas,91540,puerto nariño,91540000,puerto nariño (puerto nariño - amazonas),2020,11,97464,36366,218.94,miércoles,2020-11-04 18:30:00,23.56,puerto nariño
91,amazonas,91798,tarapacá (anm),91798000,tarapacá (tarapacá (anm) - amazonas),2020,11,22082,9398,89.13,martes,2020-11-03 18:30:00,10.17,tarapacá (anm)
05,antioquia,05873,vigía del fuerte,05873001,san antonio de padua (vigía del fuerte - antioquia),2020,11,3412,1370,31.42,sábado,2020-11-14 20:30:00,4.42,vigía del fuerte
05,antioquia,05873,vigía del fuerte,05873002,vegáez (vigía del fuerte - antioquia),2020,11,5709,789,46.75,martes,2020-11-24 17:30:00,7.43,vigía del fuerte
05,antioquia,05873,vigía del fuerte,05873000,vigía del fuerte (vigía del fuerte - antioquia),2020,11,107921,38160,294.62,sábado,2020-11-14 13:00:00,13.51,vigía del fuerte
13,bolívar,13001,cartagena de indias,13001007,isla fuerte (cartagena de indias - bolívar),2020,11,15058,7948,120.39,martes,2020-11-03 15:15:00,5.12,cartagena de indias
18,caquetá,18150,cartagena del chairá,18150001,remolino del caguán (cartagena del chaira - caquetá),2020,11,15853,7563,83.55,sábado,2020-11-14 18:30:00,8.26,cartagena del chairá
18,caquetá,18753,san vicente del caguán,18753002,guacamayas (san vicente del caguán - caquetá),2020,11,10900,4552,34.68,sábado,2020-11-21 19:00:00,16.48,san vicente del caguán
18,caquetá,18753,san vicente del caguán,18753009,puerto betania (san vicente del caguán - caquetá),2020,11,5511,2023,41.32,sábado,2020-11-07 19:45:00,6.06,san vicente del caguán
85,casanare,85430,trinidad,85430001,bocas del pauto (trinidad - casanare),2020,11,12953,7604,87.94,lunes,2020-11-23 18:30:00,6.37,trinidad
19,cauca,19318,guapi,19318008,limones (guapi - cauca),2020,11,10569,2460,71.89,lunes,2020-11-02 19:15:00,7.08,guapi
19,cauca,19318,guapi,19318013,san antonio de guajuí (guapi - cauca),2020,11,11806,3931,57.59,sábado,2020-11-14 19:00:00,8.25,guapi
19,cauca,19418,lópez (micay),19418024,betania - naya (lópez (micay) - cauca),2020,11,6796,2054,33.28,jueves,2020-11-12 23:30:00,10.18,lópez de micay
19,cauca,19418,lópez (micay),19418011,dos quebradas río naya (lópez de micay - cauca),2020,11,6485,2199,36.42,jueves,2020-11-12 19:45:00,7.3,lópez de micay
19,cauca,19418,lópez (micay),19418038,isla de gallo (lópez de micay - cauca),2020,11,2926,973,25.95,jueves,2020-11-26 18:45:00,4.33,lópez de micay
19,cauca,19418,lópez (micay),19418009,noanamito (lópez de micay - cauca),2020,11,6193,2268,36.0,lunes,2020-11-30 20:15:00,8.27,lópez de micay
19,cauca,19418,lópez (micay),19418012,san antonio de chuaré (lópez de micay - cauca),2020,11,9302,2987,54.05,domingo,2020-11-29 19:15:00,7.36,lópez de micay
19,cauca,19418,lópez (micay),19418019,zaragoza (lopez de micay - cauca),2020,11,10859,5110,54.46,domingo,2020-11-15 16:00:00,9.21,lópez de micay
19,cauca,19809,timbiquí,19809014,chacón (timbiquí - cauca),2020,11,4040,888,27.82,jueves,2020-11-05 19:00:00,5.53,timbiquí
19,cauca,19809,timbiquí,19809010,comunidad de chete (timbiquí - cauca),2020,11,6772,2157,40.9,sábado,2020-11-07 19:45:00,6.39,timbiquí
19,cauca,19809,timbiquí,19809003,coteje (timbiquí - cauca),2020,11,6842,3913,33.8,sábado,2020-11-21 19:45:00,8.0,timbiquí
19,cauca,19809,timbiquí,19809023,puerto saija (timbiquí - cauca),2020,11,11866,4085,170.19,domingo,2020-11-01 20:15:00,2.51,timbiquí
19,cauca,19809,timbiquí,19809007,san josé (timbiquí - cauca),2020,11,6790,3908,44.47,martes,2020-11-10 18:30:00,5.56,timbiquí
19,cauca,19809,timbiquí,19809008,santa maría (timbiquí - cauca),2020,11,16222,6453,74.94,sábado,2020-11-21 18:30:00,9.24,timbiquí
27,chocó,27006,acandí,27006000,acandí (acandí - chocó),2020,11,567399,236454,1099.65,miércoles,2020-11-04 20:45:00,23.23,acandí
27,chocó,27006,acandí,27006003,capurganá (acandí - choco),2020,11,247297,98054,568.13,viernes,2020-11-13 18:45:00,20.32,acandí
27,chocó,27006,acandí,27006007,san francisco (acandí - chocó),2020,11,19669,6313,122.02,lunes,2020-11-09 20:00:00,7.57,acandí
27,chocó,27025,alto baudó (pie de pato),27025000,ciudad baudó - pie de pato (alto baudó - chocó),2020,11,42645,11517,124.78,lunes,2020-11-16 18:45:00,22.09,alto baudó (pie de pato)
27,chocó,27075,bahía solano (mutis),27075001,cupica (bahía solano - chocó),2020,11,57471,21497,137.18,jueves,2020-11-12 19:15:00,23.43,bahía solano (mutis)
27,chocó,27075,bahía solano (mutis),27075002,el valle (bahía solano - chocó),2020,11,138122,59124,303.6,jueves,2020-11-05 18:45:00,23.2,bahía solano (mutis)
27,chocó,27077,bajo baudó (pizarro),27077000,pizarro (bajo baudó (pizarro) - chocó),2020,11,181765,87440,365.9,martes,2020-11-03 19:00:00,21.54,bajo baudó (pizarro)
27,chocó,27099,bojayá (bellavista),27099000,bellavista (bojayá (bellavista) - chocó),2020,11,98285,42410,227.75,martes,2020-11-03 19:00:00,18.46,bojayá (bellavista)
27,chocó,27099,bojayá (bellavista),27099002,la loma de bojayá (bojayá (bellavista) - chocó),2020,11,11185,5391,60.8,martes,2020-11-10 19:00:00,8.21,bojayá (bellavista)
27,chocó,27099,bojayá (bellavista),27099005,napipí (bojayá (bellavista) - chocó),2020,11,8978,2942,60.8,lunes,2020-11-23 20:15:00,5.45,bojayá (bellavista)
27,chocó,27099,bojayá (bellavista),27099008,puerto conto (bojayá (bellavista) - choco),2020,11,10519,2669,67.2,domingo,2020-11-29 18:30:00,6.09,bojayá (bellavista)
27,chocó,27250,el litoral del san juan,27250000,santa genoveva de docordó (el litoral del san juan - chocó),2020,11,68524,34600,165.92,miércoles,2020-11-04 19:15:00,17.11,el litoral del san juan
27,chocó,27372,juradó,27372000,juradó (juradó - chocó),2020,11,143913,71872,280.32,martes,2020-11-17 18:45:00,23.59,juradó
27,chocó,27425,medio atrato (beté),27425000,beté (medio atrato (beté) - chocó),2020,11,19772,9589,72.0,sábado,2020-11-14 18:45:00,12.42,medio atrato (beté)
27,chocó,27495,nuquí,27495001,arusí (nuquí - choco),2020,11,8892,4040,48.0,martes,2020-11-17 18:45:00,8.03,nuquí
27,chocó,27495,nuquí,27495000,nuquí (nuquí - chocó),2020,11,219005,68779,454.08,viernes,2020-11-06 19:00:00,23.39,nuquí
27,chocó,27745,sipí,27745000,sipí (sipí - choco),2020,11,9994,3792,74.8,lunes,2020-11-23 19:15:00,6.21,sipí
27,chocó,27800,unguía,27800001,balboa (unguía - chocó),2020,11,19366,8029,81.31,sábado,2020-11-07 19:30:00,10.11,unguía
27,chocó,27800,unguía,27800005,titumate (unguía - chocó),2020,11,8962,4052,83.86,miércoles,2020-11-11 21:15:00,4.42,unguía
27,chocó,27800,unguía,27800000,unguía (unguía - chocó),2020,11,335979,111322,847.0,miércoles,2020-11-25 18:45:00,18.41,unguía
94,guainía,94343,barrancominas,94343000,barrancominas (barrancominas - guainía),2020,11,46450,16212,185.4,jueves,2020-11-19 18:15:00,10.38,barrancominas
94,guainía,94001,inírida,94001000,inírida (inírida - guainía),2020,11,1548928,504476,3045.68,jueves,2020-11-12 17:30:00,24.0,inírida
95,guaviare,95200,miraflores,95200000,miraflores (miraflores - guaviare),2020,11,80296,28321,194.92,lunes,2020-11-30 18:30:00,19.06,miraflores
44,la guajira,44847,uribia,44847012,nazareth (uribia - la guajira),2020,11,24430,10951,199.92,lunes,2020-11-23 18:15:00,6.32,uribia
47,magdalena,47189,ciénaga,47189018,palmor (ciénaga - magdalena),2020,11,63620,22537,133.31,lunes,2020-11-02 21:15:00,19.38,ciénaga
50,meta,50325,mapiripán,50325000,mapiripán (mapiripán - meta),2020,11,147423,61791,316.36,sábado,2020-11-21 18:15:00,23.49,mapiripán
52,nariño,52250,el charco,52250023,bazán (el charco - nariño),2020,11,20585,10960,100.8,sábado,2020-11-21 18:45:00,8.13,el charco
52,nariño,52250,el charco,52250003,bolívar - san pedro (el charco - nariño),2020,11,4494,2904,22.3,martes,2020-11-03 18:45:00,8.15,el charco
52,nariño,52250,el charco,52250022,el cuil pueblo nuevo (el charco - nariño),2020,11,4511,2964,33.32,lunes,2020-11-30 20:45:00,5.53,el charco
52,nariño,52250,el charco,52250007,san josé del tapaje (el charco - nariño),2020,11,15522,3166,88.0,viernes,2020-11-20 20:15:00,7.48,el charco
52,nariño,52520,francisco pizarro,52520013,san pedro del vino (francisco pizarro - nariño),2020,11,5307,2620,31.07,sábado,2020-11-07 18:15:00,7.36,francisco pizarro
52,nariño,52390,la tola,52390013,amárales (la tola - nariño),2020,11,11563,3331,64.48,miércoles,2020-11-25 18:45:00,7.28,la tola
52,nariño,52390,la tola,52390003,la vigía de la mar (la tola - nariño),2020,11,5724,2861,29.88,sábado,2020-11-21 00:30:00,8.19,la tola
52,nariño,52390,la tola,52390009,mulatos (la tola - nariño),2020,11,3936,1957,35.07,lunes,2020-11-09 18:15:00,6.06,la tola
52,nariño,52390,la tola,52390016,san pablo del mar (la tola - nariño),2020,11,4974,1053,30.08,sábado,2020-11-28 20:45:00,6.48,la tola
52,nariño,52473,mosquera,52473010,el bajito de echandía (mosquera - nariño),2020,11,4134,532,13.75,jueves,2020-11-05 18:15:00,11.35,mosquera
52,nariño,52490,olaya herrera,52490913,boca de prieta (olaya herrera - nariño),2020,11,2643,719,24.0,domingo,2020-11-15 17:30:00,6.48,olaya herrera
52,nariño,52490,olaya herrera,52490008,san josé calabazal (olaya herrera - nariño),2020,11,7533,3151,45.62,sábado,2020-11-07 20:00:00,6.28,olaya herrera
52,nariño,52835,san andrés de tumaco,52835055,bocas de curay (tumaco - nariño),2020,11,3836,1964,57.6,domingo,2020-11-29 18:45:00,2.53,san andrés de tumaco
52,nariño,52835,san andrés de tumaco,52835012,chajal (tumaco - nariño),2020,11,11846,4165,136.93,sábado,2020-11-28 19:15:00,3.24,san andrés de tumaco
52,nariño,52835,san andrés de tumaco,52835016,pital de la costa (tumaco - nariño),2020,11,15671,9359,84.0,miércoles,2020-11-25 20:30:00,8.01,san andrés de tumaco
52,nariño,52835,san andrés de tumaco,52835212,pueblo nuevo (tablón salado) (tumaco - nariño),2020,11,3063,1150,16.58,miércoles,2020-11-11 18:15:00,8.26,san andrés de tumaco
52,nariño,52835,san andrés de tumaco,52835021,san josé del guayabo (tumaco - nariño),2020,11,2341,603,22.52,sábado,2020-11-14 20:00:00,4.36,san andrés de tumaco
52,nariño,52835,san andrés de tumaco,52835217,san juan de la costa (san andrés de tumaco - nariño),2020,11,18960,6933,144.0,lunes,2020-11-09 18:30:00,6.12,san andrés de tumaco
52,nariño,52835,san andrés de tumaco,52835091,santa rosa (tumaco - nariño),2020,11,2550,860,29.89,lunes,2020-11-30 19:00:00,3.33,san andrés de tumaco
52,nariño,52835,san andrés de tumaco,52835148,tablón dulce la pampa (tumaco - nariño),2020,11,2668,996,26.27,jueves,2020-11-12 19:15:00,4.18,san andrés de tumaco
52,nariño,52696,santa bárbara (iscuandé),52696014,la ensenada (santa bárbara (iscuandé) - nariño),2020,11,2444,3452,17.66,sábado,2020-11-07 20:00:00,5.48,santa bárbara (iscuandé)
52,nariño,52696,santa bárbara (iscuandé),52696022,secadero (santa bárbara (iscuandé) - nariño),2020,11,2997,1971,14.59,jueves,2020-11-26 18:45:00,8.54,santa bárbara (iscuandé)
86,putumayo,86573,puerto leguízamo,86573009,piñuña negro (puerto leguízamo - putumayo),2020,11,3718,2067,25.6,domingo,2020-11-22 22:00:00,6.38,puerto leguízamo
76,valle del cauca,76109,buenaventura,76109028,puerto merizalde (buenaventura - valle del cauca),2020,11,45020,14919,273.33,jueves,2020-11-12 19:30:00,6.39,buenaventura
76,valle del cauca,76109,buenaventura,76109032,san francisco naya (buenaventura - valle del cauca),2020,11,6129,2256,30.21,jueves,2020-11-26 18:30:00,8.0,buenaventura
97,vaupés,97161,carurú,97161000,carurú (carurú - vaupés),2020,11,18190,4704,67.23,jueves,2020-11-26 18:30:00,12.35,carurú
97,vaupés,97001,mitú,97001000,mitú (mitú - vaupés),2020,11,1147959,350879,2661.24,jueves,2020-11-12 23:45:00,22.23,mitú
97,vaupés,97666,taraira,97666000,taraira (taraira - vaupés),2020,11,28749,9269,120.21,miércoles,2020-11-11 19:00:00,10.15,taraira
99,vichada,99773,cumaribo,99773000,cumaribo (cumaribo - vichada),2020,11,294589,125934,627.44,lunes,2020-11-23 17:45:00,23.59,cumaribo
99,vichada,99001,puerto carreño,99001002,casuarito (puerto carreño - vichada),2020,11,22119,8407,107.01,martes,2020-11-24 18:45:00,8.57,puerto carreño
99,vichada,99001,puerto carreño,99001000,puerto carreño (puerto carreño - vichada),2020,11,1693639,592088,4191.44,martes,2020-11-24 14:15:00,23.48,puerto carreño
99,vichada,99624,santa rosalía,99624000,santa rosalía (santa rosalía - vichada),2020,11,125334,61219,345.7,jueves,2020-11-12 18:15:00,16.38,santa rosalía
91,amazonas,91001,leticia,91001000,leticia (leticia - amazonas),2020,12,3737620,1187570,7083.12,miércoles,2020-12-02 23:30:00,24.0,leticia
91,amazonas,91540,puerto nariño,91540000,puerto nariño (puerto nariño - amazonas),2020,12,103055,37630,210.85,jueves,2020-12-31 19:00:00,23.58,puerto nariño
91,amazonas,91798,tarapacá (anm),91798000,tarapacá (tarapacá (anm) - amazonas),2020,12,23543,9879,93.12,jueves,2020-12-31 19:15:00,10.22,tarapacá (anm)
05,antioquia,05873,vigía del fuerte,05873001,san antonio de padua (vigía del fuerte - antioquia),2020,12,4556,1730,34.75,jueves,2020-12-31 19:15:00,5.34,vigía del fuerte
05,antioquia,05873,vigía del fuerte,05873002,vegáez (vigía del fuerte - antioquia),2020,12,5286,547,46.94,miércoles,2020-12-09 18:15:00,6.47,vigía del fuerte
05,antioquia,05873,vigía del fuerte,05873000,vigía del fuerte (vigía del fuerte - antioquia),2020,12,105787,39101,296.38,lunes,2020-12-29 00:45:00,13.1,vigía del fuerte
13,bolívar,13001,cartagena de indias,13001007,isla fuerte (cartagena de indias - bolívar),2020,12,18180,9500,133.69,jueves,2020-12-31 15:30:00,5.38,cartagena de indias
18,caquetá,18150,cartagena del chairá,18150001,remolino del caguán (cartagena del chaira - caquetá),2020,12,16816,7999,87.38,jueves,2020-12-31 19:30:00,8.17,cartagena del chairá
18,caquetá,18150,cartagena del chairá,18150002,santa fe del caguán (cartagena del chaira - caquetá),2020,12,4298,2392,42.96,jueves,2020-12-31 19:00:00,4.11,cartagena del chairá
18,caquetá,18753,san vicente del caguán,18753002,guacamayas (san vicente del caguán - caquetá),2020,12,13318,5565,43.97,jueves,2020-12-31 19:45:00,18.35,san vicente del caguán
18,caquetá,18753,san vicente del caguán,18753015,guayabal (san vicente del caguán - caquetá),2020,12,6343,3648,37.17,jueves,2020-12-31 18:30:00,7.3,san vicente del caguán
18,caquetá,18753,san vicente del caguán,18753009,puerto betania (san vicente del caguán - caquetá),2020,12,5697,2205,41.56,jueves,2020-12-24 19:45:00,5.48,san vicente del caguán
85,casanare,85430,trinidad,85430001,bocas del pauto (trinidad - casanare),2020,12,13243,7673,120.06,sábado,2020-12-19 23:30:00,6.22,trinidad
19,cauca,19318,guapi,19318008,limones (guapi - cauca),2020,12,11455,2809,54.37,jueves,2020-12-31 20:30:00,8.38,guapi
19,cauca,19318,guapi,19318013,san antonio de guajuí (guapi - cauca),2020,12,12143,4090,64.63,miércoles,2020-12-09 19:15:00,7.45,guapi
19,cauca,19418,lópez (micay),19418011,dos quebradas río naya (lópez de micay - cauca),2020,12,7196,2458,35.97,jueves,2020-12-10 19:30:00,8.19,lópez de micay
19,cauca,19418,lópez (micay),19418038,isla de gallo (lópez de micay - cauca),2020,12,4586,1456,28.64,jueves,2020-12-31 19:30:00,6.41,lópez de micay
19,cauca,19418,lópez (micay),19418007,la concha - concepción naya (lopez (micay) - cauca),2020,12,3448,566,17.52,jueves,2020-12-24 20:00:00,8.05,lópez de micay
19,cauca,19418,lópez (micay),19418009,noanamito (lópez de micay - cauca),2020,12,7545,2498,40.0,miércoles,2020-12-30 20:00:00,7.58,lópez de micay
19,cauca,19418,lópez (micay),19418012,san antonio de chuaré (lópez de micay - cauca),2020,12,10021,3301,60.54,jueves,2020-12-24 18:45:00,7.42,lópez de micay
19,cauca,19418,lópez (micay),19418019,zaragoza (lopez de micay - cauca),2020,12,11750,5418,50.08,jueves,2020-12-24 20:30:00,9.41,lópez de micay
19,cauca,19809,timbiquí,19809014,chacón (timbiquí - cauca),2020,12,4584,1092,27.38,jueves,2020-12-31 21:45:00,6.59,timbiquí
19,cauca,19809,timbiquí,19809003,coteje (timbiquí - cauca),2020,12,7629,4343,32.36,sábado,2020-12-05 18:30:00,9.7,timbiquí
19,cauca,19809,timbiquí,19809023,puerto saija (timbiquí - cauca),2020,12,33577,11703,163.33,jueves,2020-12-24 19:15:00,7.5,timbiquí
19,cauca,19809,timbiquí,19809007,san josé (timbiquí - cauca),2020,12,8763,5126,44.47,jueves,2020-12-31 19:30:00,7.32,timbiquí
19,cauca,19809,timbiquí,19809008,santa maría (timbiquí - cauca),2020,12,17433,6834,78.53,miércoles,2020-12-30 19:00:00,9.41,timbiquí
27,chocó,27006,acandí,27006000,acandí (acandí - chocó),2020,12,589832,244762,1103.7,miércoles,2020-12-23 21:00:00,23.49,acandí
27,chocó,27006,acandí,27006003,capurganá (acandí - choco),2020,12,296790,114181,760.67,jueves,2020-12-31 19:45:00,20.17,acandí
27,chocó,27006,acandí,27006007,san francisco,2025,12,26113,10473,158592.0,jueves,2025-12-31 19:45:00,24.0,acandí
27,chocó,27006,acandí,27006007,san francisco (acandí - chocó),2020,12,22437,7054,122.5,jueves,2020-12-31 19:00:00,8.38,acandí
27,chocó,27025,alto baudó (pie de pato),27025000,ciudad baudó - pie de pato (alto baudó - chocó),2020,12,45363,12409,108.42,domingo,2020-12-07 00:15:00,23.43,alto baudó (pie de pato)
27,chocó,27075,bahía solano (mutis),27075001,cupica (bahía solano - chocó),2020,12,58899,22302,132.36,domingo,2020-12-20 19:30:00,24.0,bahía solano (mutis)
27,chocó,27075,bahía solano (mutis),27075002,el valle (bahía solano - chocó),2020,12,156702,64680,335.02,lunes,2020-12-28 19:00:00,23.52,bahía solano (mutis)
27,chocó,27077,bajo baudó (pizarro),27077905,buenavista (bajo baudó (pizarro) - chocó),2020,12,5787,680,27.87,miércoles,2020-12-23 20:30:00,7.49,bajo baudó (pizarro)
27,chocó,27077,bajo baudó (pizarro),27077000,pizarro (bajo baudó (pizarro) - chocó),2020,12,203289,95365,392.3,lunes,2020-12-07 19:00:00,23.45,bajo baudó (pizarro)
27,chocó,27099,bojayá (bellavista),27099000,bellavista (bojayá (bellavista) - chocó),2020,12,41555,17093,209.49,lunes,2020-12-07 18:45:00,8.02,bojayá (bellavista)
27,chocó,27099,bojayá (bellavista),27099002,la loma de bojayá (bojayá (bellavista) - chocó),2020,12,12909,6126,60.8,sábado,2020-12-05 19:00:00,9.3,bojayá (bellavista)
27,chocó,27099,bojayá (bellavista),27099005,napipí (bojayá (bellavista) - chocó),2020,12,10766,3467,60.8,jueves,2020-12-31 22:00:00,6.37,bojayá (bellavista)
27,chocó,27099,bojayá (bellavista),27099008,puerto conto (bojayá (bellavista) - choco),2020,12,10426,2632,69.6,miércoles,2020-12-23 20:15:00,6.03,bojayá (bellavista)
27,chocó,27250,el litoral del san juan,27250000,santa genoveva de docordó (el litoral del san juan - chocó),2020,12,70724,35325,169.75,jueves,2020-12-10 20:00:00,17.7,el litoral del san juan
27,chocó,27372,juradó,27372000,juradó (juradó - chocó),2020,12,158215,78341,286.4,jueves,2020-12-17 21:00:00,23.57,juradó
27,chocó,27425,medio atrato (beté),27425000,beté (medio atrato (beté) - chocó),2020,12,20830,10015,76.0,jueves,2020-12-31 19:00:00,12.4,medio atrato (beté)
27,chocó,27495,nuquí,27495001,arusí (nuquí - choco),2020,12,9074,3826,49.6,miércoles,2020-12-16 19:00:00,7.45,nuquí
27,chocó,27495,nuquí,27495000,nuquí (nuquí - chocó),2020,12,243554,78214,473.79,miércoles,2020-12-23 19:15:00,24.0,nuquí
27,chocó,27495,nuquí,27495011,puerto jagua (nuquí - chocó),2020,12,1196,1079,6.17,jueves,2020-12-24 19:15:00,10.1,nuquí
27,chocó,27800,unguía,27800001,balboa (unguía - chocó),2020,12,20640,8643,88.13,jueves,2020-12-24 19:30:00,10.22,unguía
27,chocó,27800,unguía,27800005,titumate (unguía - chocó),2020,12,14101,5866,77.44,miércoles,2020-12-23 21:15:00,8.03,unguía
94,guainía,94343,barrancominas,94343000,barrancominas (barrancominas - guainía),2020,12,46649,16597,177.92,miércoles,2020-12-23 18:00:00,10.41,barrancominas
94,guainía,94001,inírida,94001000,inírida (inírida - guainía),2020,12,1576160,528980,2949.76,jueves,2020-12-03 14:15:00,24.0,inírida
95,guaviare,95200,miraflores,95200000,miraflores (miraflores - guaviare),2020,12,85279,30687,194.48,lunes,2020-12-28 18:15:00,19.19,miraflores
44,la guajira,44847,uribia,44847012,nazareth (uribia - la guajira),2020,12,31022,14828,209.52,martes,2020-12-01 18:30:00,7.29,uribia
47,magdalena,47189,ciénaga,47189018,palmor (ciénaga - magdalena),2020,12,90408,35239,194.88,domingo,2020-12-27 18:30:00,23.2,ciénaga
50,meta,50325,mapiripán,50325000,mapiripán (mapiripán - meta),2020,12,150460,62899,298.32,viernes,2020-12-11 18:45:00,23.46,mapiripán
52,nariño,52250,el charco,52250023,bazán (el charco - nariño),2020,12,21149,11563,105.6,jueves,2020-12-31 19:45:00,8.23,el charco
52,nariño,52250,el charco,52250003,bolívar - san pedro (el charco - nariño),2020,12,4061,2199,25.34,jueves,2020-12-17 18:15:00,7.27,el charco
52,nariño,52250,el charco,52250022,el cuil pueblo nuevo (el charco - nariño),2020,12,7867,8361,38.98,jueves,2020-12-31 19:45:00,8.13,el charco
52,nariño,52250,el charco,52250007,san josé del tapaje (el charco - nariño),2020,12,16442,2952,80.0,domingo,2020-12-27 20:45:00,8.11,el charco
52,nariño,52520,francisco pizarro,52520013,san pedro del vino (francisco pizarro - nariño),2020,12,5683,2841,29.02,lunes,2020-12-07 18:30:00,7.58,francisco pizarro
52,nariño,52390,la tola,52390013,amárales (la tola - nariño),2020,12,11516,3380,63.94,martes,2020-12-22 19:45:00,7.23,la tola
52,nariño,52390,la tola,52390003,la vigía de la mar (la tola - nariño),2020,12,6070,2214,31.88,viernes,2020-12-25 18:45:00,8.21,la tola
52,nariño,52390,la tola,52390009,mulatos (la tola - nariño),2020,12,3883,1652,34.82,lunes,2020-12-07 18:30:00,6.0,la tola
52,nariño,52490,olaya herrera,52490913,boca de prieta (olaya herrera - nariño),2020,12,2520,664,15.84,jueves,2020-12-31 19:15:00,6.29,olaya herrera
52,nariño,52490,olaya herrera,52490008,san josé calabazal (olaya herrera - nariño),2020,12,8018,3357,45.84,jueves,2020-12-31 18:30:00,6.41,olaya herrera
52,nariño,52835,san andrés de tumaco,52835055,bocas de curay (tumaco - nariño),2020,12,11186,6296,62.4,jueves,2020-12-31 19:45:00,7.54,san andrés de tumaco
52,nariño,52835,san andrés de tumaco,52835012,chajal (tumaco - nariño),2020,12,22474,7855,141.15,miércoles,2020-12-16 20:00:00,6.15,san andrés de tumaco
52,nariño,52835,san andrés de tumaco,52835016,pital de la costa (tumaco - nariño),2020,12,21115,12242,88.0,jueves,2020-12-31 20:00:00,10.08,san andrés de tumaco
52,nariño,52835,san andrés de tumaco,52835212,pueblo nuevo (tablón salado) (tumaco - nariño),2020,12,3539,1343,19.42,sábado,2020-12-19 19:45:00,8.46,san andrés de tumaco
52,nariño,52835,san andrés de tumaco,52835217,san juan de la costa (san andrés de tumaco - nariño),2020,12,30882,11139,137.6,martes,2020-12-22 18:45:00,10.09,san andrés de tumaco
52,nariño,52835,san andrés de tumaco,52835091,santa rosa (tumaco - nariño),2020,12,3125,1063,29.79,jueves,2020-12-24 19:15:00,4.06,san andrés de tumaco
52,nariño,52835,san andrés de tumaco,52835148,tablón dulce la pampa (tumaco - nariño),2020,12,2588,1170,26.62,domingo,2020-12-20 19:15:00,4.23,san andrés de tumaco
52,nariño,52696,santa bárbara (iscuandé),52696014,la ensenada (santa bárbara (iscuandé) - nariño),2020,12,1286,1161,17.47,jueves,2020-12-31 21:30:00,3.07,santa bárbara (iscuandé)
52,nariño,52696,santa bárbara (iscuandé),52696022,secadero (santa bárbara (iscuandé) - nariño),2020,12,3156,1964,13.46,jueves,2020-12-24 20:00:00,9.23,santa bárbara (iscuandé)
86,putumayo,86573,puerto leguízamo,86573009,piñuña negro (puerto leguízamo - putumayo),2020,12,4154,2386,28.8,jueves,2020-12-31 21:00:00,6.22,puerto leguízamo
86,putumayo,86573,puerto leguízamo,86573000,puerto leguízamo (puerto leguízamo - putumayo),2020,12,892529,312804,1892.53,lunes,2020-12-14 15:00:00,23.43,puerto leguízamo
76,valle del cauca,76109,buenaventura,76109028,puerto merizalde (buenaventura - valle del cauca),2020,12,48844,16493,288.46,domingo,2020-12-20 20:00:00,7.15,buenaventura
76,valle del cauca,76109,buenaventura,76109032,san francisco naya (buenaventura - valle del cauca),2020,12,5242,2668,34.4,jueves,2020-12-24 20:45:00,6.14,buenaventura
97,vaupés,97161,carurú,97161000,carurú (carurú - vaupés),2020,12,19430,5606,72.51,lunes,2020-12-28 18:45:00,12.22,carurú
97,vaupés,97001,mitú,97001000,mitú (mitú - vaupés),2020,12,1269524,390514,2628.78,lunes,2020-12-15 00:00:00,24.0,mitú
97,vaupés,97666,taraira,97666000,taraira (taraira - vaupés),2020,12,29185,9632,115.37,miércoles,2020-12-24 00:30:00,10.27,taraira
99,vichada,99773,cumaribo,99773000,cumaribo (cumaribo - vichada),2020,12,302059,132241,600.16,miércoles,2020-12-16 14:15:00,23.51,cumaribo
99,vichada,99524,la primavera,99524000,la primavera (la primavera - vichada),2020,12,337755,155047,705.24,lunes,2020-12-28 19:00:00,24.0,la primavera
99,vichada,99001,puerto carreño,99001002,casuarito (puerto carreño - vichada),2020,12,30719,11274,105.07,viernes,2020-12-18 20:30:00,11.48,puerto carreño
99,vichada,99001,puerto carreño,99001000,puerto carreño (puerto carreño - vichada),2020,12,2416764,777076,4216.08,miércoles,2020-12-09 14:45:00,24.0,puerto carreño
99,vichada,99624,santa rosalía,99624000,santa rosalía (santa rosalía - vichada),2020,12,134784,66505,325.39,miércoles,2020-12-23 20:45:00,17.01,santa rosalía
91,amazonas,91001,leticia,91001000,leticia (leticia - amazonas),2021,1,3537404,1119184,6669.81,lunes,2021-01-18 15:00:00,24.0,leticia
91,amazonas,91540,puerto nariño,91540000,puerto nariño (puerto nariño - amazonas),2021,1,101522,36398,201.17,jueves,2021-01-28 19:15:00,24.0,puerto nariño
05,antioquia,05873,vigía del fuerte,05873001,san antonio de padua (vigía del fuerte - antioquia),2021,1,3729,1427,31.81,sábado,2021-01-30 19:30:00,4.38,vigía del fuerte
88,"archipiélago de san andrés, providencia y santa catalina",88001,san andrés,88001000,san andrés (san andrés - archipiélago de san andrés y providencia),2021,1,14591063,4317560,24257.73,lunes,2021-01-25 15:30:00,24.0,san andrés
13,bolívar,13001,cartagena de indias,13001007,isla fuerte (cartagena de indias - bolívar),2021,1,18181,9623,135.27,viernes,2021-01-01 14:45:00,5.32,cartagena de indias
18,caquetá,18150,cartagena del chairá,18150001,remolino del caguán (cartagena del chaira - caquetá),2021,1,17000,8236,84.97,sábado,2021-01-30 18:45:00,8.35,cartagena del chairá
18,caquetá,18753,san vicente del caguán,18753002,guacamayas (san vicente del caguán - caquetá),2021,1,11816,5099,42.58,sábado,2021-01-02 19:00:00,17.08,san vicente del caguán
18,caquetá,18753,san vicente del caguán,18753015,guayabal (san vicente del caguán - caquetá),2021,1,6489,3797,36.75,sábado,2021-01-30 19:15:00,7.21,san vicente del caguán
18,caquetá,18753,san vicente del caguán,18753009,puerto betania (san vicente del caguán - caquetá),2021,1,5280,2076,40.88,sábado,2021-01-30 19:00:00,5.31,san vicente del caguán
85,casanare,85430,trinidad,85430001,bocas del pauto (trinidad - casanare),2021,1,13538,7892,118.21,viernes,2021-01-16 00:30:00,6.27,trinidad
19,cauca,19318,guapi,19318008,limones (guapi - cauca),2021,1,9676,2658,47.83,viernes,2021-01-01 19:15:00,8.45,guapi
19,cauca,19318,guapi,19318013,san antonio de guajuí (guapi - cauca),2021,1,13686,5155,57.81,viernes,2021-01-02 00:45:00,9.41,guapi
19,cauca,19418,lópez (micay),19418038,isla de gallo (lópez de micay - cauca),2021,1,4463,1413,27.97,martes,2021-01-05 18:30:00,7.03,lópez de micay
19,cauca,19418,lópez (micay),19418007,la concha - concepción naya (lopez (micay) - cauca),2021,1,2638,440,16.28,sábado,2021-01-02 18:30:00,6.49,lópez de micay
19,cauca,19418,lópez (micay),19418009,noanamito (lópez de micay - cauca),2021,1,7676,2490,36.0,domingo,2021-01-31 20:30:00,8.23,lópez de micay
19,cauca,19418,lópez (micay),19418012,san antonio de chuaré (lópez de micay - cauca),2021,1,7386,2392,61.41,lunes,2021-01-25 18:30:00,5.19,lópez de micay
19,cauca,19809,timbiquí,19809014,chacón (timbiquí - cauca),2021,1,3467,670,29.07,martes,2021-01-12 20:00:00,5.12,timbiquí
19,cauca,19809,timbiquí,19809010,comunidad de chete (timbiquí - cauca),2021,1,3741,1187,39.74,miércoles,2021-01-13 19:30:00,3.38,timbiquí
19,cauca,19809,timbiquí,19809003,coteje (timbiquí - cauca),2021,1,5044,2807,39.72,miércoles,2021-01-27 21:30:00,5.48,timbiquí
19,cauca,19809,timbiquí,19809026,los brazos (timbiquí - cauca),2021,1,8283,1586,45.67,sábado,2021-01-09 19:30:00,6.51,timbiquí
19,cauca,19809,timbiquí,19809023,puerto saija (timbiquí - cauca),2021,1,30699,10599,166.14,domingo,2021-01-31 19:00:00,7.08,timbiquí
27,chocó,27006,acandí,27006000,acandí (acandí - chocó),2021,1,582747,239826,1041.04,miércoles,2021-01-20 21:15:00,23.24,acandí
27,chocó,27006,acandí,27006003,capurganá (acandí - choco),2021,1,342868,120789,784.96,jueves,2021-01-07 20:30:00,20.06,acandí
27,chocó,27025,alto baudó (pie de pato),27025000,ciudad baudó - pie de pato (alto baudó - chocó),2021,1,42623,12050,99.7,miércoles,2021-01-13 00:30:00,23.22,alto baudó (pie de pato)
27,chocó,27075,bahía solano (mutis),27075000,ciudad mutis (bahía solano - chocó),2021,1,612501,228277,1180.96,jueves,2021-01-21 19:00:00,23.55,bahía solano (mutis)
27,chocó,27075,bahía solano (mutis),27075001,cupica (bahía solano - chocó),2021,1,60141,23512,128.53,viernes,2021-01-15 19:15:00,23.51,bahía solano (mutis)
27,chocó,27075,bahía solano (mutis),27075002,el valle (bahía solano - chocó),2021,1,154611,66775,327.62,martes,2021-01-12 19:30:00,23.37,bahía solano (mutis)
27,chocó,27077,bajo baudó (pizarro),27077905,buenavista (bajo baudó (pizarro) - chocó),2021,1,5223,675,36.0,sábado,2021-01-02 16:00:00,7.43,bajo baudó (pizarro)
27,chocó,27077,bajo baudó (pizarro),27077000,pizarro (bajo baudó (pizarro) - chocó),2021,1,197087,92472,373.3,viernes,2021-01-22 19:30:00,24.0,bajo baudó (pizarro)
27,chocó,27099,bojayá (bellavista),27099000,bellavista (bojayá (bellavista) - chocó),2021,1,58380,18188,207.17,lunes,2021-01-18 19:00:00,12.33,bojayá (bellavista)
27,chocó,27099,bojayá (bellavista),27099002,la loma de bojayá (bojayá (bellavista) - chocó),2021,1,12544,5718,57.6,miércoles,2021-01-27 19:15:00,9.19,bojayá (bellavista)
27,chocó,27099,bojayá (bellavista),27099005,napipí (bojayá (bellavista) - chocó),2021,1,9737,3077,60.8,viernes,2021-01-29 20:45:00,5.53,bojayá (bellavista)
27,chocó,27099,bojayá (bellavista),27099008,puerto conto (bojayá (bellavista) - choco),2021,1,8939,2206,67.2,sábado,2021-01-30 19:45:00,5.05,bojayá (bellavista)
27,chocó,27372,juradó,27372000,juradó (juradó - chocó),2021,1,157001,78058,283.36,jueves,2021-01-21 19:15:00,23.3,juradó
27,chocó,27425,medio atrato (beté),27425000,beté (medio atrato (beté) - chocó),2021,1,17856,8172,72.0,domingo,2021-01-31 20:45:00,11.11,medio atrato (beté)
27,chocó,27495,nuquí,27495001,arusí (nuquí - choco),2021,1,9142,3694,51.2,miércoles,2021-01-13 19:30:00,7.35,nuquí
27,chocó,27495,nuquí,27495912,comunidad indígena de panguí - el yucal (nuquí - chocó),2021,1,8149,1866,11.4,domingo,2021-01-17 17:15:00,23.53,nuquí
27,chocó,27495,nuquí,27495000,nuquí (nuquí - chocó),2021,1,241626,76946,480.83,martes,2021-01-19 19:00:00,23.57,nuquí
27,chocó,27495,nuquí,27495011,puerto jagua (nuquí - chocó),2021,1,882,429,4.99,viernes,2021-01-02 00:15:00,8.18,nuquí
27,chocó,27800,unguía,27800001,balboa (unguía - chocó),2021,1,20520,8692,79.15,sábado,2021-01-30 20:00:00,10.29,unguía
94,guainía,94343,barrancominas,94343000,barrancominas (barrancominas - guainía),2021,1,44355,16017,187.89,viernes,2021-01-29 18:45:00,9.57,barrancominas
94,guainía,94001,inírida,94001000,inírida (inírida - guainía),2021,1,1591355,539349,3041.28,lunes,2021-01-18 15:15:00,24.0,inírida
95,guaviare,95200,miraflores,95200000,miraflores (miraflores - guaviare),2021,1,77890,28686,187.0,jueves,2021-01-28 18:45:00,19.15,miraflores
44,la guajira,44847,uribia,44847012,nazareth (uribia - la guajira),2021,1,27520,12331,221.28,jueves,2021-01-28 18:45:00,5.39,uribia
47,magdalena,47189,ciénaga,47189018,palmor (ciénaga - magdalena),2021,1,102284,40811,196.67,sábado,2021-01-09 18:15:00,23.13,ciénaga
50,meta,50325,mapiripán,50325000,mapiripán (mapiripán - meta),2021,1,143821,61945,283.36,domingo,2021-01-31 18:45:00,23.44,mapiripán
52,nariño,52250,el charco,52250023,bazán (el charco - nariño),2021,1,18559,10302,100.8,miércoles,2021-01-20 20:15:00,7.28,el charco
52,nariño,52250,el charco,52250003,bolívar - san pedro (el charco - nariño),2021,1,4,1,5.57,viernes,2021-01-02 00:00:00,1.0,el charco
52,nariño,52250,el charco,52250022,el cuil pueblo nuevo (el charco - nariño),2021,1,1181,1186,37.69,domingo,2021-01-03 19:15:00,1.11,el charco
52,nariño,52390,la tola,52390013,amárales (la tola - nariño),2021,1,7764,1897,66.69,sábado,2021-01-30 19:30:00,4.49,la tola
52,nariño,52390,la tola,52390003,la vigía de la mar (la tola - nariño),2021,1,6255,2261,30.08,lunes,2021-01-04 00:45:00,8.43,la tola
52,nariño,52390,la tola,52390009,mulatos (la tola - nariño),2021,1,4264,1512,33.5,viernes,2021-01-15 18:00:00,6.26,la tola
52,nariño,52473,mosquera,52473010,el bajito de echandía (mosquera - nariño),2021,1,3036,547,16.37,martes,2021-01-05 18:45:00,7.16,mosquera
52,nariño,52490,olaya herrera,52490913,boca de prieta (olaya herrera - nariño),2021,1,2462,594,15.0,lunes,2021-01-04 19:45:00,6.39,olaya herrera
52,nariño,52835,san andrés de tumaco,52835055,bocas de curay (tumaco - nariño),2021,1,7245,3980,64.8,sábado,2021-01-16 19:45:00,4.55,san andrés de tumaco
52,nariño,52835,san andrés de tumaco,52835012,chajal (tumaco - nariño),2021,1,22307,7780,142.56,viernes,2021-01-15 19:45:00,6.19,san andrés de tumaco
52,nariño,52835,san andrés de tumaco,52835212,pueblo nuevo (tablón salado) (tumaco - nariño),2021,1,3350,1230,20.06,sábado,2021-01-16 19:00:00,7.53,san andrés de tumaco
52,nariño,52696,santa bárbara (iscuandé),52696014,la ensenada (santa bárbara (iscuandé) - nariño),2021,1,2765,2586,18.18,miércoles,2021-01-06 19:30:00,6.36,santa bárbara (iscuandé)
86,putumayo,86573,puerto leguízamo,86573009,piñuña negro (puerto leguízamo - putumayo),2021,1,3927,2368,28.8,sábado,2021-01-30 20:45:00,6.17,puerto leguízamo
76,valle del cauca,76109,buenaventura,76109028,puerto merizalde (buenaventura - valle del cauca),2021,1,47594,17184,277.9,viernes,2021-01-29 20:30:00,6.55,buenaventura
97,vaupés,97161,carurú,97161000,carurú (carurú - vaupés),2021,1,17930,4487,68.55,sábado,2021-01-30 19:00:00,12.08,carurú
97,vaupés,97001,mitú,97001000,mitú (mitú - vaupés),2021,1,1221131,383071,2531.52,martes,2021-01-19 23:45:00,23.59,mitú
99,vichada,99773,cumaribo,99773000,cumaribo (cumaribo - vichada),2021,1,264538,116930,609.4,miércoles,2021-01-13 18:00:00,20.24,cumaribo
99,vichada,99524,la primavera,99524000,la primavera (la primavera - vichada),2021,1,345619,169790,658.71,martes,2021-01-26 18:30:00,24.0,la primavera
99,vichada,99001,puerto carreño,99001002,casuarito (puerto carreño - vichada),2021,1,30259,11254,108.42,martes,2021-01-26 19:00:00,11.43,puerto carreño
99,vichada,99001,puerto carreño,99001000,puerto carreño (puerto carreño - vichada),2021,1,2297999,739039,4104.32,martes,2021-01-26 14:15:00,24.0,puerto carreño
91,amazonas,91001,leticia,91001000,leticia (leticia - amazonas),2021,2,3172477,978658,6609.1,lunes,2021-02-15 15:15:00,24.0,leticia
91,amazonas,91540,puerto nariño,91540000,puerto nariño (puerto nariño - amazonas),2021,2,91382,31667,201.52,miércoles,2021-02-10 19:00:00,23.58,puerto nariño
91,amazonas,91798,tarapacá (anm),91798000,tarapacá (tarapacá (anm) - amazonas),2021,2,19676,8856,80.48,martes,2021-02-02 19:15:00,10.17,tarapacá (anm)
05,antioquia,05873,vigía del fuerte,05873001,san antonio de padua (vigía del fuerte - antioquia),2021,2,4452,1663,34.34,viernes,2021-02-26 20:45:00,5.42,vigía del fuerte
05,antioquia,05873,vigía del fuerte,05873002,vegáez (vigía del fuerte - antioquia),2021,2,4809,578,44.48,miércoles,2021-02-10 20:00:00,6.57,vigía del fuerte
05,antioquia,05873,vigía del fuerte,05873000,vigía del fuerte (vigía del fuerte - antioquia),2021,2,103190,41456,298.85,lunes,2021-02-08 14:30:00,14.14,vigía del fuerte
88,"archipiélago de san andrés, providencia y santa catalina",88001,san andrés,88001000,san andrés (san andrés - archipiélago de san andrés y providencia),2021,2,13481850,3985114,25494.6,lunes,2021-02-15 15:30:00,24.0,san andrés
13,bolívar,13001,cartagena de indias,13001007,isla fuerte (cartagena de indias - bolívar),2021,2,29571,15821,143.5,viernes,2021-02-19 23:45:00,9.35,cartagena de indias
13,bolívar,13001,cartagena de indias,13001017,santa cruz del islote (cartagena de indias - bolívar),2021,2,15750,5352,44.9,jueves,2021-02-18 21:45:00,17.29,cartagena de indias
18,caquetá,18150,cartagena del chairá,18150001,remolino del caguán (cartagena del chaira - caquetá),2021,2,14088,6697,86.05,sábado,2021-02-06 19:15:00,8.08,cartagena del chairá
18,caquetá,18753,san vicente del caguán,18753002,guacamayas (san vicente del caguán - caquetá),2021,2,11614,4992,39.38,sábado,2021-02-27 19:45:00,17.57,san vicente del caguán
18,caquetá,18753,san vicente del caguán,18753015,guayabal (san vicente del caguán - caquetá),2021,2,5869,3247,38.0,domingo,2021-02-21 23:00:00,7.13,san vicente del caguán
18,caquetá,18753,san vicente del caguán,18753009,puerto betania (san vicente del caguán - caquetá),2021,2,4956,1989,45.12,sábado,2021-02-13 20:00:00,5.35,san vicente del caguán
85,casanare,85430,trinidad,85430001,bocas del pauto (trinidad - casanare),2021,2,11090,6335,99.14,jueves,2021-02-11 18:45:00,5.37,trinidad
19,cauca,19318,guapi,19318008,limones (guapi - cauca),2021,2,6659,2308,72.78,viernes,2021-02-26 17:00:00,7.05,guapi
19,cauca,19318,guapi,19318013,san antonio de guajuí (guapi - cauca),2021,2,11318,4398,51.77,miércoles,2021-02-10 19:30:00,9.21,guapi
19,cauca,19418,lópez (micay),19418038,isla de gallo (lópez de micay - cauca),2021,2,3447,1186,26.78,viernes,2021-02-12 18:45:00,5.47,lópez de micay
19,cauca,19418,lópez (micay),19418007,la concha - concepción naya (lopez (micay) - cauca),2021,2,2305,429,13.84,martes,2021-02-16 18:30:00,7.17,lópez de micay
19,cauca,19418,lópez (micay),19418009,noanamito (lópez de micay - cauca),2021,2,7259,2239,40.0,domingo,2021-02-28 19:45:00,8.16,lópez de micay
19,cauca,19418,lópez (micay),19418012,san antonio de chuaré (lópez de micay - cauca),2021,2,5532,1788,61.7,sábado,2021-02-06 19:30:00,4.01,lópez de micay
19,cauca,19418,lópez (micay),19418019,zaragoza (lopez de micay - cauca),2021,2,10881,5117,48.03,viernes,2021-02-05 19:00:00,9.57,lópez de micay
19,cauca,19809,timbiquí,19809014,chacón (timbiquí - cauca),2021,2,3046,555,27.69,lunes,2021-02-22 21:30:00,5.33,timbiquí
19,cauca,19809,timbiquí,19809010,comunidad de chete (timbiquí - cauca),2021,2,5235,1702,39.87,miércoles,2021-02-24 19:30:00,5.32,timbiquí
19,cauca,19809,timbiquí,19809003,coteje (timbiquí - cauca),2021,2,6039,3472,31.6,lunes,2021-02-22 19:00:00,7.52,timbiquí
19,cauca,19809,timbiquí,19809026,los brazos (timbiquí - cauca),2021,2,7800,1477,46.15,viernes,2021-02-05 19:15:00,6.58,timbiquí
19,cauca,19809,timbiquí,19809023,puerto saija (timbiquí - cauca),2021,2,28890,9914,186.38,viernes,2021-02-26 19:00:00,6.33,timbiquí
19,cauca,19809,timbiquí,19809007,san josé (timbiquí - cauca),2021,2,6728,4179,43.63,lunes,2021-02-08 19:30:00,6.19,timbiquí
19,cauca,19809,timbiquí,19809008,santa maría (timbiquí - cauca),2021,2,14810,6204,73.66,martes,2021-02-02 19:30:00,9.13,timbiquí
27,chocó,27006,acandí,27006000,acandí (acandí - chocó),2021,2,539542,216056,1048.43,lunes,2021-02-08 20:30:00,23.09,acandí
27,chocó,27006,acandí,27006003,capurganá (acandí - choco),2021,2,271275,104026,616.35,viernes,2021-02-19 21:45:00,20.1,acandí
27,chocó,27006,acandí,27006007,san francisco (acandí - chocó),2021,2,19933,7002,112.18,viernes,2021-02-26 20:15:00,8.1,acandí
27,chocó,27025,alto baudó (pie de pato),27025000,ciudad baudó - pie de pato (alto baudó - chocó),2021,2,43051,12574,107.18,martes,2021-02-09 19:45:00,23.39,alto baudó (pie de pato)
27,chocó,27075,bahía solano (mutis),27075000,ciudad mutis (bahía solano - chocó),2021,2,613160,189501,1237.72,jueves,2021-02-25 19:45:00,23.58,bahía solano (mutis)
27,chocó,27075,bahía solano (mutis),27075001,cupica (bahía solano - chocó),2021,2,55470,22238,135.35,martes,2021-02-09 19:15:00,23.04,bahía solano (mutis)
27,chocó,27075,bahía solano (mutis),27075002,el valle (bahía solano - chocó),2021,2,143405,67060,333.43,miércoles,2021-02-03 19:15:00,23.39,bahía solano (mutis)
27,chocó,27077,bajo baudó (pizarro),27077905,buenavista (bajo baudó (pizarro) - chocó),2021,2,5367,752,24.1,martes,2021-02-02 19:00:00,9.28,bajo baudó (pizarro)
27,chocó,27077,bajo baudó (pizarro),27077000,pizarro (bajo baudó (pizarro) - chocó),2021,2,180241,84311,377.52,miércoles,2021-02-10 19:30:00,23.27,bajo baudó (pizarro)
27,chocó,27099,bojayá (bellavista),27099000,bellavista (bojayá (bellavista) - chocó),2021,2,26895,8876,222.11,martes,2021-02-09 19:30:00,6.26,bojayá (bellavista)
27,chocó,27099,bojayá (bellavista),27099002,la loma de bojayá (bojayá (bellavista) - chocó),2021,2,10977,4951,60.8,sábado,2021-02-13 19:00:00,8.26,bojayá (bellavista)
27,chocó,27099,bojayá (bellavista),27099005,napipí (bojayá (bellavista) - chocó),2021,2,9081,2828,60.8,domingo,2021-02-28 18:45:00,5.54,bojayá (bellavista)
27,chocó,27099,bojayá (bellavista),27099008,puerto conto (bojayá (bellavista) - choco),2021,2,9549,2434,79.2,sábado,2021-02-27 23:00:00,5.42,bojayá (bellavista)
27,chocó,27250,el litoral del san juan,27250000,santa genoveva de docordó (el litoral del san juan - chocó),2021,2,64914,32836,175.03,lunes,2021-02-16 00:45:00,17.01,el litoral del san juan
27,chocó,27372,juradó,27372000,juradó (juradó - chocó),2021,2,145467,72286,296.48,jueves,2021-02-04 19:15:00,23.57,juradó
27,chocó,27425,medio atrato (beté),27425000,beté (medio atrato (beté) - chocó),2021,2,19415,8333,80.0,viernes,2021-02-26 20:00:00,11.54,medio atrato (beté)
27,chocó,27495,nuquí,27495001,arusí (nuquí - choco),2021,2,8623,3574,48.0,martes,2021-02-16 19:15:00,8.02,nuquí
27,chocó,27006,acandí,27006007,san francisco,2026,1,28324,10589,142336.0,sábado,2026-01-02 19:15:00,24.0,acandí
27,chocó,27495,nuquí,27495912,comunidad indígena de panguí - el yucal (nuquí - chocó),2021,2,3466,1104,11.31,jueves,2021-02-25 14:30:00,17.51,nuquí
27,chocó,27495,nuquí,27495000,nuquí (nuquí - chocó),2021,2,227597,73614,477.66,martes,2021-02-23 19:45:00,23.56,nuquí
27,chocó,27495,nuquí,27495011,puerto jagua (nuquí - chocó),2021,2,638,341,4.37,martes,2021-02-02 20:30:00,7.25,nuquí
27,chocó,27800,unguía,27800001,balboa (unguía - chocó),2021,2,18818,7894,84.63,sábado,2021-02-27 19:00:00,10.16,unguía
27,chocó,27800,unguía,27800005,titumate (unguía - chocó),2021,2,15568,4826,70.31,miércoles,2021-02-24 20:15:00,11.2,unguía
94,guainía,94343,barrancominas,94343000,barrancominas (barrancominas - guainía),2021,2,44781,16050,189.06,lunes,2021-02-22 18:45:00,10.23,barrancominas
94,guainía,94001,inírida,94001000,inírida (inírida - guainía),2021,2,1601127,531339,3256.88,viernes,2021-02-19 14:45:00,24.0,inírida
95,guaviare,95200,miraflores,95200000,miraflores (miraflores - guaviare),2021,2,74114,26896,193.16,miércoles,2021-02-10 18:30:00,19.19,miraflores
44,la guajira,44847,uribia,44847012,nazareth (uribia - la guajira),2021,2,23115,9590,235.92,lunes,2021-02-15 18:45:00,5.02,uribia
47,magdalena,47189,ciénaga,47189018,palmor (ciénaga - magdalena),2021,2,85800,32370,184.45,martes,2021-02-23 20:00:00,22.43,ciénaga
50,meta,50325,mapiripán,50325000,mapiripán (mapiripán - meta),2021,2,140160,59411,311.08,miércoles,2021-02-10 18:45:00,23.36,mapiripán
52,nariño,52250,el charco,52250023,bazán (el charco - nariño),2021,2,18958,10468,100.8,miércoles,2021-02-24 19:00:00,8.19,el charco
52,nariño,52250,el charco,52250003,bolívar - san pedro (el charco - nariño),2021,2,3384,2488,21.38,viernes,2021-02-19 20:30:00,6.54,el charco
52,nariño,52250,el charco,52250007,san josé del tapaje (el charco - nariño),2021,2,13424,2208,88.0,viernes,2021-02-05 20:45:00,7.05,el charco
52,nariño,52520,francisco pizarro,52520013,san pedro del vino (francisco pizarro - nariño),2021,2,5240,2562,28.13,domingo,2021-02-21 19:00:00,8.25,francisco pizarro
52,nariño,52390,la tola,52390005,aguacatal (la tola - nariño),2021,2,1963,414,12.75,sábado,2021-02-06 18:45:00,6.46,la tola
52,nariño,52390,la tola,52390013,amárales (la tola - nariño),2021,2,10316,2768,63.04,martes,2021-02-02 19:15:00,7.26,la tola
52,nariño,52390,la tola,52390003,la vigía de la mar (la tola - nariño),2021,2,5648,2036,30.48,martes,2021-02-17 00:30:00,8.29,la tola
52,nariño,52390,la tola,52390009,mulatos (la tola - nariño),2021,2,3627,1507,32.48,domingo,2021-02-28 18:00:00,6.02,la tola
52,nariño,52473,mosquera,52473010,el bajito de echandía (mosquera - nariño),2021,2,3173,637,15.07,sábado,2021-02-13 19:00:00,8.59,mosquera
52,nariño,52490,olaya herrera,52490913,boca de prieta (olaya herrera - nariño),2021,2,2206,739,14.78,martes,2021-02-23 18:45:00,6.27,olaya herrera
52,nariño,52490,olaya herrera,52490008,san josé calabazal (olaya herrera - nariño),2021,2,2933,1264,43.42,sábado,2021-02-20 19:45:00,2.47,olaya herrera
52,nariño,52835,san andrés de tumaco,52835055,bocas de curay (tumaco - nariño),2021,2,8440,4277,60.0,viernes,2021-02-19 18:45:00,6.32,san andrés de tumaco
52,nariño,52835,san andrés de tumaco,52835012,chajal (tumaco - nariño),2021,2,19123,6568,140.1,lunes,2021-02-22 19:30:00,6.4,san andrés de tumaco
52,nariño,52835,san andrés de tumaco,52835016,pital de la costa (tumaco - nariño),2021,2,20688,12003,88.0,sábado,2021-02-20 21:00:00,10.43,san andrés de tumaco
52,nariño,52835,san andrés de tumaco,52835212,pueblo nuevo (tablón salado) (tumaco - nariño),2021,2,3120,1108,19.97,domingo,2021-02-14 23:00:00,8.34,san andrés de tumaco
52,nariño,52835,san andrés de tumaco,52835217,san juan de la costa (san andrés de tumaco - nariño),2021,2,22355,8222,134.4,martes,2021-02-23 18:45:00,8.26,san andrés de tumaco
52,nariño,52835,san andrés de tumaco,52835091,santa rosa (tumaco - nariño),2021,2,2641,920,25.6,miércoles,2021-02-24 20:00:00,4.4,san andrés de tumaco
52,nariño,52835,san andrés de tumaco,52835148,tablón dulce la pampa (tumaco - nariño),2021,2,2425,1079,26.85,sábado,2021-02-06 19:00:00,4.3,san andrés de tumaco
52,nariño,52696,santa bárbara (iscuandé),52696014,la ensenada (santa bárbara (iscuandé) - nariño),2021,2,1300,1204,17.22,lunes,2021-02-15 19:00:00,3.33,santa bárbara (iscuandé)
52,nariño,52696,santa bárbara (iscuandé),52696022,secadero (santa bárbara (iscuandé) - nariño),2021,2,2528,1777,12.67,martes,2021-02-02 19:30:00,8.55,santa bárbara (iscuandé)
86,putumayo,86573,puerto leguízamo,86573009,piñuña negro (puerto leguízamo - putumayo),2021,2,3993,2471,28.8,domingo,2021-02-28 20:15:00,6.58,puerto leguízamo
86,putumayo,86573,puerto leguízamo,86573000,puerto leguízamo (puerto leguízamo - putumayo),2021,2,760599,240856,1601.78,miércoles,2021-02-10 14:45:00,24.0,puerto leguízamo
76,valle del cauca,76109,buenaventura,76109028,puerto merizalde (buenaventura - valle del cauca),2021,2,33130,11989,278.61,jueves,2021-02-18 20:00:00,5.25,buenaventura
76,valle del cauca,76109,buenaventura,76109032,san francisco naya (buenaventura - valle del cauca),2021,2,4910,2349,32.29,jueves,2021-02-04 18:30:00,7.19,buenaventura
97,vaupés,97161,carurú,97161000,carurú (carurú - vaupés),2021,2,17881,4162,76.74,lunes,2021-02-15 19:30:00,12.2,carurú
97,vaupés,97001,mitú,97001000,mitú (mitú - vaupés),2021,2,1206776,361055,2785.36,miércoles,2021-02-17 23:30:00,23.57,mitú
97,vaupés,97666,taraira,97666000,taraira (taraira - vaupés),2021,2,15608,4818,108.42,jueves,2021-02-04 19:00:00,6.23,taraira
99,vichada,99773,cumaribo,99773000,cumaribo (cumaribo - vichada),2021,2,272336,114908,641.08,lunes,2021-02-08 23:30:00,20.21,cumaribo
99,vichada,99524,la primavera,99524000,la primavera (la primavera - vichada),2021,2,330690,149455,715.86,lunes,2021-02-22 19:00:00,23.57,la primavera
99,vichada,99001,puerto carreño,99001002,casuarito (puerto carreño - vichada),2021,2,27824,10023,112.82,lunes,2021-02-08 19:15:00,11.09,puerto carreño
99,vichada,99001,puerto carreño,99001000,puerto carreño (puerto carreño - vichada),2021,2,2302204,716591,4423.76,miércoles,2021-02-24 14:15:00,24.0,puerto carreño
99,vichada,99624,santa rosalía,99624000,santa rosalía (santa rosalía - vichada),2021,2,121585,58697,335.62,domingo,2021-02-14 19:30:00,16.31,santa rosalía
91,amazonas,91001,leticia,91001000,leticia (leticia - amazonas),2021,3,3461136,1073549,6281.87,lunes,2021-03-08 15:00:00,24.0,leticia
91,amazonas,91540,puerto nariño,91540000,puerto nariño (puerto nariño - amazonas),2021,3,103250,36336,199.58,martes,2021-03-30 18:45:00,24.0,puerto nariño
91,amazonas,91798,tarapacá (anm),91798000,tarapacá (tarapacá (anm) - amazonas),2021,3,20806,9031,75.82,lunes,2021-03-15 19:00:00,10.16,tarapacá (anm)
05,antioquia,05873,vigía del fuerte,05873001,san antonio de padua (vigía del fuerte - antioquia),2021,3,5629,1973,37.44,sábado,2021-03-14 00:45:00,6.1,vigía del fuerte
05,antioquia,05873,vigía del fuerte,05873002,vegáez (vigía del fuerte - antioquia),2021,3,5046,561,40.9,miércoles,2021-03-10 21:45:00,7.0,vigía del fuerte
05,antioquia,05873,vigía del fuerte,05873000,vigía del fuerte (vigía del fuerte - antioquia),2021,3,102734,44446,310.82,viernes,2021-03-26 15:00:00,12.36,vigía del fuerte
88,"archipiélago de san andrés, providencia y santa catalina",88001,san andrés,88001000,san andrés (san andrés - archipiélago de san andrés y providencia),2021,3,15192919,4515609,26974.33,miércoles,2021-03-31 15:15:00,24.0,san andrés
13,bolívar,13001,cartagena de indias,13001007,isla fuerte (cartagena de indias - bolívar),2021,3,21916,11767,168.44,miércoles,2021-03-31 23:15:00,6.36,cartagena de indias
13,bolívar,13001,cartagena de indias,13001017,santa cruz del islote (cartagena de indias - bolívar),2021,3,16798,5857,50.18,martes,2021-03-30 21:15:00,16.04,cartagena de indias
18,caquetá,18150,cartagena del chairá,18150001,remolino del caguán (cartagena del chaira - caquetá),2021,3,15434,7378,80.39,sábado,2021-03-20 18:45:00,8.11,cartagena del chairá
18,caquetá,18753,san vicente del caguán,18753002,guacamayas (san vicente del caguán - caquetá),2021,3,12504,5002,38.74,sábado,2021-03-20 19:15:00,18.22,san vicente del caguán
18,caquetá,18753,san vicente del caguán,18753015,guayabal (san vicente del caguán - caquetá),2021,3,6425,3436,37.42,domingo,2021-03-07 22:45:00,7.7,san vicente del caguán
18,caquetá,18753,san vicente del caguán,18753009,puerto betania (san vicente del caguán - caquetá),2021,3,5384,2143,44.24,sábado,2021-03-27 20:00:00,5.2,san vicente del caguán
85,casanare,85430,trinidad,85430001,bocas del pauto (trinidad - casanare),2021,3,12839,7438,90.05,jueves,2021-03-11 19:00:00,6.02,trinidad
19,cauca,19318,guapi,19318008,limones (guapi - cauca),2021,3,8836,3242,38.13,lunes,2021-03-22 19:45:00,9.31,guapi
19,cauca,19318,guapi,19318013,san antonio de guajuí (guapi - cauca),2021,3,12101,4848,53.04,martes,2021-03-02 19:45:00,9.15,guapi
19,cauca,19418,lópez (micay),19418038,isla de gallo (lópez de micay - cauca),2021,3,3916,1356,26.34,martes,2021-03-30 18:30:00,5.59,lópez de micay
19,cauca,19418,lópez (micay),19418009,noanamito (lópez de micay - cauca),2021,3,8108,2579,36.0,miércoles,2021-03-31 21:45:00,8.27,lópez de micay
19,cauca,19418,lópez (micay),19418012,san antonio de chuaré (lópez de micay - cauca),2021,3,7596,2569,60.48,viernes,2021-03-05 19:45:00,5.14,lópez de micay
19,cauca,19418,lópez (micay),19418019,zaragoza (lopez de micay - cauca),2021,3,12571,5929,64.22,martes,2021-03-30 19:30:00,9.45,lópez de micay
19,cauca,19809,timbiquí,19809014,chacón (timbiquí - cauca),2021,3,3820,752,32.26,domingo,2021-03-28 15:30:00,6.01,timbiquí
19,cauca,19809,timbiquí,19809010,comunidad de chete (timbiquí - cauca),2021,3,5795,1927,39.46,miércoles,2021-03-31 20:15:00,5.43,timbiquí
19,cauca,19809,timbiquí,19809003,coteje (timbiquí - cauca),2021,3,7011,3916,34.84,martes,2021-03-30 19:45:00,7.55,timbiquí
19,cauca,19809,timbiquí,19809026,los brazos (timbiquí - cauca),2021,3,9598,1798,48.29,miércoles,2021-03-31 19:15:00,7.29,timbiquí
19,cauca,19809,timbiquí,19809023,puerto saija (timbiquí - cauca),2021,3,29928,10306,196.24,jueves,2021-03-11 19:30:00,6.27,timbiquí
19,cauca,19809,timbiquí,19809007,san josé (timbiquí - cauca),2021,3,8306,5260,45.58,miércoles,2021-03-31 20:15:00,7.23,timbiquí
19,cauca,19809,timbiquí,19809008,santa maría (timbiquí - cauca),2021,3,16936,6932,77.95,miércoles,2021-03-31 20:45:00,9.21,timbiquí
27,chocó,27006,acandí,27006000,acandí (acandí - chocó),2021,3,595727,237934,1047.38,miércoles,2021-03-31 14:15:00,23.28,acandí
27,chocó,27006,acandí,27006003,capurganá (acandí - choco),2021,3,297943,111120,882.11,lunes,2021-03-29 21:30:00,18.44,acandí
27,chocó,27006,acandí,27006007,san francisco (acandí - chocó),2021,3,23597,8422,125.18,domingo,2021-03-28 19:15:00,8.41,acandí
27,chocó,27025,alto baudó (pie de pato),27025000,ciudad baudó - pie de pato (alto baudó - chocó),2021,3,42941,12923,107.45,lunes,2021-03-16 00:30:00,21.1,alto baudó (pie de pato)
27,chocó,27075,bahía solano (mutis),27075000,ciudad mutis (bahía solano - chocó),2021,3,669196,223396,1265.0,miércoles,2021-03-24 19:30:00,23.56,bahía solano (mutis)
27,chocó,27075,bahía solano (mutis),27075001,cupica (bahía solano - chocó),2021,3,65429,26160,138.67,jueves,2021-03-25 19:00:00,23.34,bahía solano (mutis)
27,chocó,27075,bahía solano (mutis),27075002,el valle (bahía solano - chocó),2021,3,154153,71647,343.99,jueves,2021-03-18 19:30:00,23.42,bahía solano (mutis)
27,chocó,27077,bajo baudó (pizarro),27077905,buenavista (bajo baudó (pizarro) - chocó),2021,3,5262,801,30.98,jueves,2021-03-04 23:30:00,8.47,bajo baudó (pizarro)
27,chocó,27077,bajo baudó (pizarro),27077000,pizarro (bajo baudó (pizarro) - chocó),2021,3,20858,99409,390.19,miércoles,2021-03-24 19:00:00,23.49,bajo baudó (pizarro)
27,chocó,27099,bojayá (bellavista),27099000,bellavista (bojayá (bellavista) - chocó),2021,3,98984,31167,210.49,miércoles,2021-03-17 19:15:00,20.1,bojayá (bellavista)
27,chocó,27099,bojayá (bellavista),27099002,la loma de bojayá (bojayá (bellavista) - chocó),2021,3,11694,5310,57.6,domingo,2021-03-07 19:30:00,8.3,bojayá (bellavista)
27,chocó,27099,bojayá (bellavista),27099005,napipí (bojayá (bellavista) - chocó),2021,3,9823,3074,60.8,miércoles,2021-03-31 22:00:00,5.46,bojayá (bellavista)
27,chocó,27099,bojayá (bellavista),27099008,puerto conto (bojayá (bellavista) - choco),2021,3,10563,2695,72.0,sábado,2021-03-06 19:45:00,5.4,bojayá (bellavista)
27,chocó,27250,el litoral del san juan,27250000,santa genoveva de docordó (el litoral del san juan - chocó),2021,3,72058,37684,184.54,lunes,2021-03-08 22:15:00,17.7,el litoral del san juan
27,chocó,27372,juradó,27372000,juradó (juradó - chocó),2021,3,157427,75971,282.24,miércoles,2021-03-31 21:15:00,23.58,juradó
27,chocó,27425,medio atrato (beté),27425000,beté (medio atrato (beté) - chocó),2021,3,21814,11045,80.0,martes,2021-03-09 19:45:00,12.21,medio atrato (beté)
27,chocó,27495,nuquí,27495001,arusí (nuquí - choco),2021,3,11056,4850,48.0,martes,2021-03-30 18:30:00,9.09,nuquí
27,chocó,27495,nuquí,27495912,comunidad indígena de panguí - el yucal (nuquí - chocó),2021,3,3434,1048,11.24,lunes,2021-03-01 19:15:00,14.01,nuquí
27,chocó,27495,nuquí,27495000,nuquí (nuquí - chocó),2021,3,256445,83318,505.47,jueves,2021-03-18 20:00:00,23.59,nuquí
27,chocó,27495,nuquí,27495011,puerto jagua (nuquí - chocó),2021,3,961,507,4.66,domingo,2021-03-07 19:45:00,9.54,nuquí
27,chocó,27800,unguía,27800001,balboa (unguía - chocó),2021,3,18512,7623,88.29,jueves,2021-03-25 19:30:00,9.1,unguía
27,chocó,27800,unguía,27800005,titumate (unguía - chocó),2021,3,17379,5246,74.62,martes,2021-03-30 21:15:00,11.23,unguía
27,chocó,27800,unguía,27800000,unguía (unguía - chocó),2021,3,404312,149475,836.35,martes,2021-03-30 20:00:00,22.19,unguía
94,guainía,94343,barrancominas,94343000,barrancominas (barrancominas - guainía),2021,3,52973,19162,189.22,sábado,2021-03-20 18:30:00,11.45,barrancominas
94,guainía,94001,inírida,94001000,inírida (inírida - guainía),2021,3,1657553,563245,3110.8,martes,2021-03-02 15:15:00,23.54,inírida
95,guaviare,95200,miraflores,95200000,miraflores (miraflores - guaviare),2021,3,82981,30030,198.0,jueves,2021-03-04 20:30:00,19.14,miraflores
44,la guajira,44847,uribia,44847012,nazareth (uribia - la guajira),2021,3,31360,16391,223.92,martes,2021-03-02 19:00:00,6.47,uribia
47,magdalena,47189,ciénaga,47189018,palmor (ciénaga - magdalena),2021,3,92616,32632,164.86,miércoles,2021-03-10 18:45:00,23.37,ciénaga
50,meta,50325,mapiripán,50325000,mapiripán (mapiripán - meta),2021,3,152534,63496,313.28,viernes,2021-03-19 18:45:00,23.48,mapiripán
52,nariño,52250,el charco,52250023,bazán (el charco - nariño),2021,3,20658,11334,10.08,jueves,2021-03-18 20:15:00,8.12,el charco
52,nariño,52250,el charco,52250003,bolívar - san pedro (el charco - nariño),2021,3,4448,3343,21.22,miércoles,2021-03-31 19:45:00,8.0,el charco
52,nariño,52250,el charco,52250007,san josé del tapaje (el charco - nariño),2021,3,15776,2962,88.0,martes,2021-03-30 19:45:00,7.54,el charco
52,nariño,52520,francisco pizarro,52520013,san pedro del vino (francisco pizarro - nariño),2021,3,5512,2615,27.78,miércoles,2021-03-31 17:45:00,8.06,francisco pizarro
52,nariño,52390,la tola,52390005,aguacatal (la tola - nariño),2021,3,2216,516,11.92,miércoles,2021-03-24 19:00:00,7.05,la tola
52,nariño,52390,la tola,52390013,amárales (la tola - nariño),2021,3,10957,2796,66.98,sábado,2021-03-20 19:30:00,6.59,la tola
52,nariño,52390,la tola,52390003,la vigía de la mar (la tola - nariño),2021,3,6328,2314,31.08,viernes,2021-03-12 19:00:00,8.23,la tola
52,nariño,52390,la tola,52390009,mulatos (la tola - nariño),2021,3,3919,2648,37.12,miércoles,2021-03-17 19:00:00,5.37,la tola
52,nariño,52390,la tola,52390016,san pablo del mar (la tola - nariño),2021,3,5065,1278,31.65,viernes,2021-03-05 19:30:00,6.34,la tola
52,nariño,52490,olaya herrera,52490913,boca de prieta (olaya herrera - nariño),2021,3,2492,862,15.41,miércoles,2021-03-31 19:45:00,6.3,olaya herrera
52,nariño,52490,olaya herrera,52490008,san josé calabazal (olaya herrera - nariño),2021,3,3721,1606,42.07,viernes,2021-03-05 19:45:00,5.5,olaya herrera
52,nariño,52835,san andrés de tumaco,52835055,bocas de curay (tumaco - nariño),2021,3,9526,5024,60.0,domingo,2021-03-28 23:45:00,6.38,san andrés de tumaco
52,nariño,52835,san andrés de tumaco,52835012,chajal (tumaco - nariño),2021,3,20571,6991,140.8,viernes,2021-03-12 19:30:00,6.0,san andrés de tumaco
52,nariño,52835,san andrés de tumaco,52835016,pital de la costa (tumaco - nariño),2021,3,23858,13741,96.0,domingo,2021-03-15 00:30:00,10.44,san andrés de tumaco
52,nariño,52835,san andrés de tumaco,52835212,pueblo nuevo (tablón salado) (tumaco - nariño),2021,3,4061,1434,17.28,viernes,2021-03-12 19:15:00,10.37,san andrés de tumaco
52,nariño,52835,san andrés de tumaco,52835217,san juan de la costa (san andrés de tumaco - nariño),2021,3,2788,10220,137.6,miércoles,2021-03-31 19:00:00,9.04,san andrés de tumaco
52,nariño,52835,san andrés de tumaco,52835091,santa rosa (tumaco - nariño),2021,3,4717,1636,35.97,sábado,2021-03-13 20:00:00,6.35,san andrés de tumaco
52,nariño,52835,san andrés de tumaco,52835148,tablón dulce la pampa (tumaco - nariño),2021,3,2059,940,23.49,sábado,2021-03-20 19:00:00,3.36,san andrés de tumaco
52,nariño,52696,santa bárbara (iscuandé),52696014,la ensenada (santa bárbara (iscuandé) - nariño),2021,3,2743,2629,18.78,miércoles,2021-03-31 20:15:00,6.0,santa bárbara (iscuandé)
52,nariño,52696,santa bárbara (iscuandé),52696022,secadero (santa bárbara (iscuandé) - nariño),2021,3,2876,1933,12.72,miércoles,2021-03-31 19:00:00,9.11,santa bárbara (iscuandé)
86,putumayo,86573,puerto leguízamo,86573009,piñuña negro (puerto leguízamo - putumayo),2021,3,4475,2510,28.8,sábado,2021-03-27 21:30:00,7.02,puerto leguízamo
76,valle del cauca,76109,buenaventura,76109028,puerto merizalde (buenaventura - valle del cauca),2021,3,56120,21235,294.98,miércoles,2021-03-31 20:00:00,7.38,buenaventura
76,valle del cauca,76109,buenaventura,76109032,san francisco naya (buenaventura - valle del cauca),2021,3,6065,2597,28.16,sábado,2021-03-27 23:30:00,8.27,buenaventura
97,vaupés,97161,carurú,97161000,carurú (carurú - vaupés),2021,3,19606,5039,74.45,martes,2021-03-16 18:30:00,12.19,carurú
97,vaupés,97001,mitú,97001000,mitú (mitú - vaupés),2021,3,1270436,382220,2717.27,lunes,2021-03-15 23:45:00,24.0,mitú
99,vichada,99773,cumaribo,99773000,cumaribo (cumaribo - vichada),2021,3,308352,136167,640.2,jueves,2021-03-11 14:15:00,23.38,cumaribo
99,vichada,99524,la primavera,99524000,la primavera (la primavera - vichada),2021,3,363668,168862,787.56,jueves,2021-03-18 18:45:00,23.12,la primavera
99,vichada,99001,puerto carreño,99001002,casuarito (puerto carreño - vichada),2021,3,30702,11079,104.19,miércoles,2021-03-03 20:00:00,11.5,puerto carreño
99,vichada,99001,puerto carreño,99001000,puerto carreño (puerto carreño - vichada),2021,3,2573686,811894,4506.48,lunes,2021-03-08 14:30:00,24.0,puerto carreño
99,vichada,99624,santa rosalía,99624000,santa rosalía (santa rosalía - vichada),2021,3,132848,66274,341.71,jueves,2021-03-18 19:15:00,16.19,santa rosalía
91,amazonas,91001,leticia,91001000,leticia (leticia - amazonas),2021,4,3367001,1036987,6684.89,jueves,2021-04-08 14:15:00,24.0,leticia
91,amazonas,91540,puerto nariño,91540000,puerto nariño (puerto nariño - amazonas),2021,4,103983,36710,216.13,lunes,2021-04-12 19:00:00,24.0,puerto nariño
91,amazonas,91798,tarapacá (anm),91798000,tarapacá (tarapacá (anm) - amazonas),2021,4,22200,10205,84.64,lunes,2021-04-12 19:45:00,10.17,tarapacá (anm)
05,antioquia,05873,vigía del fuerte,05873002,vegáez (vigía del fuerte - antioquia),2021,4,3320,161,35.49,sábado,2021-04-24 19:00:00,4.39,vigía del fuerte
05,antioquia,05873,vigía del fuerte,05873000,vigía del fuerte (vigía del fuerte - antioquia),2021,4,93016,38286,313.98,miércoles,2021-04-07 14:00:00,11.43,vigía del fuerte
88,"archipiélago de san andrés, providencia y santa catalina",88001,san andrés,88001000,san andrés (san andrés - archipiélago de san andrés y providencia),2021,4,15813363,4574773,26943.19,martes,2021-04-20 15:30:00,24.0,san andrés
13,bolívar,13001,cartagena de indias,13001007,isla fuerte (cartagena de indias - bolívar),2021,4,17858,9518,177.26,sábado,2021-04-03 00:00:00,5.27,cartagena de indias
13,bolívar,13001,cartagena de indias,13001037,isla múcura (cartagena de indias - bolívar),2021,4,6886,2794,20.32,viernes,2021-04-02 23:45:00,15.03,cartagena de indias
13,bolívar,13001,cartagena de indias,13001017,santa cruz del islote (cartagena de indias - bolívar),2021,4,13114,4518,49.76,viernes,2021-04-16 21:30:00,10.52,cartagena de indias
18,caquetá,18150,cartagena del chairá,18150001,remolino del caguán (cartagena del chaira - caquetá),2021,4,15248,7141,82.97,sábado,2021-04-17 19:15:00,8.13,cartagena del chairá
18,caquetá,18753,san vicente del caguán,18753002,guacamayas (san vicente del caguán - caquetá),2021,4,11863,5017,41.06,viernes,2021-04-30 19:00:00,17.32,san vicente del caguán
18,caquetá,18753,san vicente del caguán,18753015,guayabal (san vicente del caguán - caquetá),2021,4,5789,3019,36.8,sábado,2021-04-24 18:45:00,6.54,san vicente del caguán
18,caquetá,18753,san vicente del caguán,18753009,puerto betania (san vicente del caguán - caquetá),2021,4,5149,2022,45.52,sábado,2021-04-24 20:00:00,5.26,san vicente del caguán
85,casanare,85430,trinidad,85430001,bocas del pauto (trinidad - casanare),2021,4,3573,2106,86.4,viernes,2021-04-30 18:15:00,1.44,trinidad
19,cauca,19318,guapi,19318008,limones (guapi - cauca),2021,4,8156,3213,37.08,jueves,2021-04-29 18:45:00,9.19,guapi
19,cauca,19318,guapi,19318013,san antonio de guajuí (guapi - cauca),2021,4,11498,3048,49.33,sábado,2021-04-10 19:30:00,9.35,guapi
19,cauca,19418,lópez (micay),19418024,betania - naya (lópez (micay) - cauca),2021,4,6286,2119,28.64,lunes,2021-04-26 16:15:00,8.5,lópez de micay
19,cauca,19418,lópez (micay),19418033,boca grande (lópez (micay) - cauca),2021,4,4639,1015,33.28,jueves,2021-04-22 19:30:00,5.39,lópez de micay
19,cauca,19418,lópez (micay),19418038,isla de gallo (lópez de micay - cauca),2021,4,4112,1482,26.18,sábado,2021-04-03 19:00:00,6.42,lópez de micay
19,cauca,19418,lópez (micay),19418009,noanamito (lópez de micay - cauca),2021,4,7568,2427,40.0,viernes,2021-04-30 19:45:00,8.1,lópez de micay
19,cauca,19418,lópez (micay),19418015,san isidro (lópez de micay - cauca),2021,4,915,326,6.34,martes,2021-04-21 00:45:00,6.06,lópez de micay
19,cauca,19418,lópez (micay),19418019,zaragoza (lopez de micay - cauca),2021,4,13407,5828,70.5,sábado,2021-04-03 20:00:00,9.32,lópez de micay
19,cauca,19809,timbiquí,19809014,chacón (timbiquí - cauca),2021,4,4119,987,28.08,viernes,2021-04-09 19:45:00,6.21,timbiquí
19,cauca,19809,timbiquí,19809010,comunidad de chete (timbiquí - cauca),2021,4,6299,2199,37.22,sábado,2021-04-10 19:15:00,6.51,timbiquí
19,cauca,19809,timbiquí,19809003,coteje (timbiquí - cauca),2021,4,7360,4125,35.0,jueves,2021-04-08 20:00:00,8.31,timbiquí
19,cauca,19809,timbiquí,19809026,los brazos (timbiquí - cauca),2021,4,8793,1608,49.2,sábado,2021-04-10 19:45:00,7.14,timbiquí
19,cauca,19809,timbiquí,19809023,puerto saija (timbiquí - cauca),2021,4,27027,9253,180.05,jueves,2021-04-08 18:30:00,6.08,timbiquí
19,cauca,19809,timbiquí,19809007,san josé (timbiquí - cauca),2021,4,8109,5114,45.34,sábado,2021-04-10 20:00:00,7.21,timbiquí
19,cauca,19809,timbiquí,19809008,santa maría (timbiquí - cauca),2021,4,15984,6527,77.38,jueves,2021-04-01 19:30:00,9.12,timbiquí
27,chocó,27006,acandí,27006000,acandí (acandí - chocó),2021,4,556658,220397,1036.64,jueves,2021-04-22 19:45:00,22.21,acandí
27,chocó,27006,acandí,27006003,capurganá (acandí - choco),2021,4,303988,112821,902.18,jueves,2021-04-01 22:15:00,19.41,acandí
27,chocó,27006,acandí,27006007,san francisco (acandí - chocó),2021,4,21655,7659,131.71,jueves,2021-04-01 19:15:00,7.5,acandí
27,chocó,27025,alto baudó (pie de pato),27025000,ciudad baudó - pie de pato (alto baudó - chocó),2021,4,46655,13827,113.34,jueves,2021-04-16 00:00:00,23.58,alto baudó (pie de pato)
27,chocó,27075,bahía solano (mutis),27075000,ciudad mutis (bahía solano - chocó),2021,4,634355,230615,1246.52,lunes,2021-04-19 19:30:00,23.5,bahía solano (mutis)
27,chocó,27075,bahía solano (mutis),27075001,cupica (bahía solano - chocó),2021,4,63113,23464,172.1,jueves,2021-04-29 19:30:00,23.17,bahía solano (mutis)
27,chocó,27075,bahía solano (mutis),27075002,el valle (bahía solano - chocó),2021,4,147693,65713,323.4,jueves,2021-04-01 19:15:00,23.3,bahía solano (mutis)
27,chocó,27077,bajo baudó (pizarro),27077905,buenavista (bajo baudó (pizarro) - chocó),2021,4,5813,1022,22.82,miércoles,2021-04-21 19:45:00,10.6,bajo baudó (pizarro)
27,chocó,27077,bajo baudó (pizarro),27077000,pizarro (bajo baudó (pizarro) - chocó),2021,4,199840,95308,394.42,jueves,2021-04-29 19:30:00,24.0,bajo baudó (pizarro)
27,chocó,27099,bojayá (bellavista),27099000,bellavista (bojayá (bellavista) - chocó),2021,4,98307,13956,219.78,jueves,2021-04-29 19:45:00,19.59,bojayá (bellavista)
27,chocó,27099,bojayá (bellavista),27099002,la loma de bojayá (bojayá (bellavista) - chocó),2021,4,12049,5517,60.8,martes,2021-04-20 19:00:00,9.12,bojayá (bellavista)
27,chocó,27099,bojayá (bellavista),27099005,napipí (bojayá (bellavista) - chocó),2021,4,11723,3565,64.0,jueves,2021-04-29 18:45:00,7.14,bojayá (bellavista)
27,chocó,27099,bojayá (bellavista),27099008,puerto conto (bojayá (bellavista) - choco),2021,4,11317,2854,69.6,miércoles,2021-04-14 19:30:00,6.24,bojayá (bellavista)
27,chocó,27250,el litoral del san juan,27250000,santa genoveva de docordó (el litoral del san juan - chocó),2021,4,66994,36181,172.79,miércoles,2021-04-14 13:00:00,16.48,el litoral del san juan
27,chocó,27372,juradó,27372000,juradó (juradó - chocó),2021,4,154670,71127,302.88,miércoles,2021-04-28 19:30:00,23.57,juradó
27,chocó,27425,medio atrato (beté),27425000,beté (medio atrato (beté) - chocó),2021,4,21552,10592,80.0,jueves,2021-04-22 19:15:00,12.42,medio atrato (beté)
27,chocó,27495,nuquí,27495001,arusí (nuquí - choco),2021,4,11045,4619,48.0,martes,2021-04-13 20:30:00,9.48,nuquí
27,chocó,27495,nuquí,27495912,comunidad indígena de panguí - el yucal (nuquí - chocó),2021,4,3300,1400,11.23,jueves,2021-04-29 18:00:00,20.02,nuquí
27,chocó,27495,nuquí,27495000,nuquí (nuquí - chocó),2021,4,247974,80087,480.48,jueves,2021-04-22 19:45:00,24.0,nuquí
27,chocó,27495,nuquí,27495011,puerto jagua (nuquí - chocó),2021,4,794,1653,6.74,viernes,2021-04-16 20:45:00,7.29,nuquí
27,chocó,27800,unguía,27800001,balboa (unguía - chocó),2021,4,20040,8148,84.22,sábado,2021-04-24 20:00:00,9.59,unguía
27,chocó,27800,unguía,27800005,titumate (unguía - chocó),2021,4,15783,4726,79.29,jueves,2021-04-29 19:30:00,9.09,unguía
27,chocó,27800,unguía,27800000,unguía (unguía - chocó),2021,4,402583,143376,873.84,jueves,2021-04-22 20:30:00,22.11,unguía
94,guainía,94343,barrancominas,94343000,barrancominas (barrancominas - guainía),2021,4,57209,20041,188.72,jueves,2021-04-22 19:00:00,13.3,barrancominas
94,guainía,94001,inírida,94001000,inírida (inírida - guainía),2021,4,1551312,521989,3218.16,jueves,2021-04-22 14:30:00,23.57,inírida
95,guaviare,95200,miraflores,95200000,miraflores (miraflores - guaviare),2021,4,78950,28189,186.56,miércoles,2021-04-21 18:30:00,19.15,miraflores
44,la guajira,44847,uribia,44847012,nazareth (uribia - la guajira),2021,4,35845,17755,232.08,lunes,2021-04-26 19:45:00,7.56,uribia
47,magdalena,47189,ciénaga,47189018,palmor (ciénaga - magdalena),2021,4,77550,27680,164.03,jueves,2021-04-29 20:30:00,22.32,ciénaga
50,meta,50325,mapiripán,50325000,mapiripán (mapiripán - meta),2021,4,149555,61921,322.52,viernes,2021-04-23 19:00:00,23.47,mapiripán
52,nariño,52250,el charco,52250023,bazán (el charco - nariño),2021,4,19102,10249,100.8,sábado,2021-04-17 20:45:00,8.0,el charco
52,nariño,52250,el charco,52250003,bolívar - san pedro (el charco - nariño),2021,4,4182,3196,22.72,viernes,2021-04-16 16:00:00,7.26,el charco
52,nariño,52250,el charco,52250007,san josé del tapaje (el charco - nariño),2021,4,15392,3048,80.0,viernes,2021-04-30 20:15:00,7.54,el charco
52,nariño,52520,francisco pizarro,52520013,san pedro del vino (francisco pizarro - nariño),2021,4,5481,2631,27.62,jueves,2021-04-02 00:30:00,8.28,francisco pizarro
52,nariño,52390,la tola,52390005,aguacatal (la tola - nariño),2021,4,2401,553,15.98,domingo,2021-04-25 19:00:00,8.0,la tola
52,nariño,52390,la tola,52390013,amárales (la tola - nariño),2021,4,8736,2378,65.66,lunes,2021-04-26 19:45:00,5.43,la tola
52,nariño,52390,la tola,52390003,la vigía de la mar (la tola - nariño),2021,4,5686,2200,29.48,miércoles,2021-04-07 18:30:00,8.19,la tola
52,nariño,52390,la tola,52390009,mulatos (la tola - nariño),2021,4,3425,1531,33.82,jueves,2021-04-29 19:15:00,5.22,la tola
52,nariño,52390,la tola,52390016,san pablo del mar (la tola - nariño),2021,4,4886,1294,28.99,lunes,2021-04-05 17:00:00,6.42,la tola
52,nariño,52490,olaya herrera,52490913,boca de prieta (olaya herrera - nariño),2021,4,1427,404,15.02,jueves,2021-04-01 19:45:00,3.36,olaya herrera
52,nariño,52835,san andrés de tumaco,52835012,chajal (tumaco - nariño),2021,4,10669,3619,137.63,martes,2021-04-13 20:00:00,4.16,san andrés de tumaco
52,nariño,52835,san andrés de tumaco,52835016,pital de la costa (tumaco - nariño),2021,4,19894,11383,92.0,sábado,2021-04-17 20:00:00,9.21,san andrés de tumaco
52,nariño,52835,san andrés de tumaco,52835212,pueblo nuevo (tablón salado) (tumaco - nariño),2021,4,3288,1207,23.39,domingo,2021-04-04 21:30:00,9.2,san andrés de tumaco
52,nariño,52835,san andrés de tumaco,52835217,san juan de la costa (san andrés de tumaco - nariño),2021,4,16922,6309,140.8,viernes,2021-04-02 19:15:00,5.48,san andrés de tumaco
52,nariño,52835,san andrés de tumaco,52835091,santa rosa (tumaco - nariño),2021,4,4055,1514,56.77,miércoles,2021-04-14 18:45:00,6.12,san andrés de tumaco
52,nariño,52835,san andrés de tumaco,52835148,tablón dulce la pampa (tumaco - nariño),2021,4,939,437,23.46,sábado,2021-04-10 19:30:00,3.0,san andrés de tumaco
52,nariño,52696,santa bárbara (iscuandé),52696014,la ensenada (santa bárbara (iscuandé) - nariño),2021,4,3095,2903,20.13,jueves,2021-04-22 19:30:00,6.12,santa bárbara (iscuandé)
52,nariño,52696,santa bárbara (iscuandé),52696022,secadero (santa bárbara (iscuandé) - nariño),2021,4,2761,1792,12.72,lunes,2021-04-12 18:15:00,9.12,santa bárbara (iscuandé)
86,putumayo,86573,puerto leguízamo,86573009,piñuña negro (puerto leguízamo - putumayo),2021,4,4159,2224,28.8,sábado,2021-04-24 20:00:00,6.57,puerto leguízamo
76,valle del cauca,76109,buenaventura,76109028,puerto merizalde (buenaventura - valle del cauca),2021,4,30937,10601,285.12,viernes,2021-04-09 19:45:00,4.39,buenaventura
76,valle del cauca,76109,buenaventura,76109032,san francisco naya (buenaventura - valle del cauca),2021,4,5733,2769,28.8,lunes,2021-04-12 23:45:00,8.16,buenaventura
97,vaupés,97161,carurú,97161000,carurú (carurú - vaupés),2021,4,20059,5339,79.99,jueves,2021-04-22 18:30:00,12.37,carurú
97,vaupés,97001,mitú,97001000,mitú (mitú - vaupés),2021,4,927609,280657,2590.39,miércoles,2021-04-07 23:30:00,22.48,mitú
97,vaupés,97666,taraira,97666000,taraira (taraira - vaupés),2021,4,28140,8763,105.51,viernes,2021-04-09 19:00:00,11.17,taraira
99,vichada,99773,cumaribo,99773000,cumaribo (cumaribo - vichada),2021,4,303736,133946,687.28,viernes,2021-04-23 14:30:00,23.57,cumaribo
99,vichada,99524,la primavera,99524000,la primavera (la primavera - vichada),2021,4,335720,156561,689.36,viernes,2021-04-23 19:15:00,23.22,la primavera
99,vichada,99001,puerto carreño,99001002,casuarito (puerto carreño - vichada),2021,4,28829,10675,111.06,jueves,2021-04-22 18:45:00,11.3,puerto carreño
99,vichada,99001,puerto carreño,99001000,puerto carreño (puerto carreño - vichada),2021,4,2401457,794934,4685.12,viernes,2021-04-23 14:15:00,24.0,puerto carreño
99,vichada,99624,santa rosalía,99624000,santa rosalía (santa rosalía - vichada),2021,4,128741,63352,366.14,sábado,2021-04-24 19:30:00,16.12,santa rosalía
91,amazonas,91001,leticia,91001000,leticia (leticia - amazonas),2021,5,3349573,1068525,6642.57,viernes,2021-05-21 14:45:00,24.0,leticia
91,amazonas,91540,puerto nariño,91540000,puerto nariño (puerto nariño - amazonas),2021,5,104516,36339,210.32,miércoles,2021-05-05 19:15:00,24.0,puerto nariño
91,amazonas,91798,tarapacá (anm),91798000,tarapacá (tarapacá (anm) - amazonas),2021,5,24043,10115,90.62,sábado,2021-05-29 19:15:00,10.22,tarapacá (anm)
05,antioquia,05873,vigía del fuerte,05873002,vegáez (vigía del fuerte - antioquia),2021,5,3997,294,35.17,miércoles,2021-05-19 19:00:00,5.18,vigía del fuerte
05,antioquia,05873,vigía del fuerte,05873000,vigía del fuerte (vigía del fuerte - antioquia),2021,5,84101,36704,313.28,sábado,2021-05-30 00:00:00,9.49,vigía del fuerte
88,"archipiélago de san andrés, providencia y santa catalina",88001,san andrés,88001000,san andrés (san andrés - archipiélago de san andrés y providencia),2021,5,16801471,4795680,28744.52,viernes,2021-05-21 15:15:00,24.0,san andrés
13,bolívar,13001,cartagena de indias,13001007,isla fuerte (cartagena de indias - bolívar),2021,5,15612,8376,142.5,domingo,2021-05-16 14:30:00,4.34,cartagena de indias
13,bolívar,13001,cartagena de indias,13001037,isla múcura (cartagena de indias - bolívar),2021,5,6065,2500,21.47,viernes,2021-05-07 13:45:00,14.58,cartagena de indias
13,bolívar,13001,cartagena de indias,13001017,santa cruz del islote (cartagena de indias - bolívar),2021,5,17415,5974,48.83,miércoles,2021-05-05 21:15:00,14.57,cartagena de indias
18,caquetá,18150,cartagena del chairá,18150001,remolino del caguán (cartagena del chaira - caquetá),2021,5,11337,4771,87.79,sábado,2021-05-22 18:45:00,5.18,cartagena del chairá
18,caquetá,18753,san vicente del caguán,18753002,guacamayas (san vicente del caguán - caquetá),2021,5,9170,3448,37.61,domingo,2021-05-30 19:00:00,16.22,san vicente del caguán
18,caquetá,18753,san vicente del caguán,18753015,guayabal (san vicente del caguán - caquetá),2021,5,5112,2627,36.56,domingo,2021-05-03 00:30:00,5.51,san vicente del caguán
18,caquetá,18753,san vicente del caguán,18753009,puerto betania (san vicente del caguán - caquetá),2021,5,4216,1582,43.08,jueves,2021-05-27 18:45:00,4.0,san vicente del caguán
85,casanare,85430,trinidad,85430001,bocas del pauto (trinidad - casanare),2021,5,9060,5273,90.56,sábado,2021-05-15 18:45:00,4.11,trinidad
19,cauca,19318,guapi,19318008,limones (guapi - cauca),2021,5,8690,3527,36.14,lunes,2021-05-24 18:45:00,9.45,guapi
19,cauca,19318,guapi,19318013,san antonio de guajuí (guapi - cauca),2021,5,11115,4889,49.16,viernes,2021-05-21 19:15:00,9.14,guapi
19,cauca,19418,lópez (micay),19418024,betania - naya (lópez (micay) - cauca),2021,5,6403,2197,29.68,lunes,2021-05-24 17:30:00,8.47,lópez de micay
19,cauca,19418,lópez (micay),19418033,boca grande (lópez (micay) - cauca),2021,5,4509,983,30.56,viernes,2021-05-07 19:30:00,5.43,lópez de micay
19,cauca,19418,lópez (micay),19418038,isla de gallo (lópez de micay - cauca),2021,5,4218,1715,25.41,viernes,2021-05-07 18:30:00,7.01,lópez de micay
19,cauca,19418,lópez (micay),19418009,noanamito (lópez de micay - cauca),2021,5,4597,1396,40.0,martes,2021-05-25 15:45:00,4.52,lópez de micay
19,cauca,19418,lópez (micay),19418015,san isidro (lópez de micay - cauca),2021,5,948,347,6.18,lunes,2021-05-31 17:30:00,6.4,lópez de micay
19,cauca,19418,lópez (micay),19418019,zaragoza (lopez de micay - cauca),2021,5,12556,5553,64.16,sábado,2021-05-01 19:15:00,9.0,lópez de micay
19,cauca,19809,timbiquí,19809014,chacón (timbiquí - cauca),2021,5,4445,1298,34.14,sábado,2021-05-01 20:00:00,6.24,timbiquí
19,cauca,19809,timbiquí,19809010,comunidad de chete (timbiquí - cauca),2021,5,4190,1471,36.77,viernes,2021-05-07 20:00:00,4.27,timbiquí
19,cauca,19809,timbiquí,19809003,coteje (timbiquí - cauca),2021,5,6930,4043,34.0,jueves,2021-05-27 19:15:00,7.45,timbiquí
19,cauca,19809,timbiquí,19809026,los brazos (timbiquí - cauca),2021,5,4910,900,45.62,jueves,2021-05-13 19:15:00,4.06,timbiquí
19,cauca,19809,timbiquí,19809023,puerto saija (timbiquí - cauca),2021,5,15238,5047,171.78,viernes,2021-05-07 19:00:00,3.21,timbiquí
19,cauca,19809,timbiquí,19809007,san josé (timbiquí - cauca),2021,5,7549,4853,41.16,martes,2021-05-11 18:30:00,7.06,timbiquí
19,cauca,19809,timbiquí,19809008,santa maría (timbiquí - cauca),2021,5,14585,5922,69.95,viernes,2021-05-28 19:00:00,8.19,timbiquí
27,chocó,27006,acandí,27006000,acandí (acandí - chocó),2021,5,604750,232018,1053.89,miércoles,2021-05-05 19:00:00,23.31,acandí
27,chocó,27006,acandí,27006003,capurganá (acandí - choco),2021,5,268997,100681,645.92,viernes,2021-05-14 21:45:00,17.03,acandí
27,chocó,27006,acandí,27006007,san francisco (acandí - chocó),2021,5,21171,7639,108.77,sábado,2021-05-15 18:45:00,7.57,acandí
27,chocó,27025,alto baudó (pie de pato),27025000,ciudad baudó - pie de pato (alto baudó - chocó),2021,5,47415,14585,118.01,martes,2021-05-12 00:00:00,23.42,alto baudó (pie de pato)
27,chocó,27075,bahía solano (mutis),27075000,ciudad mutis (bahía solano - chocó),2021,5,687123,252377,1259.72,miércoles,2021-05-26 19:30:00,23.54,bahía solano (mutis)
27,chocó,27075,bahía solano (mutis),27075001,cupica (bahía solano - chocó),2021,5,65489,23692,142.33,lunes,2021-05-24 19:15:00,23.11,bahía solano (mutis)
27,chocó,27075,bahía solano (mutis),27075002,el valle (bahía solano - chocó),2021,5,152969,64056,314.16,lunes,2021-05-17 19:30:00,23.45,bahía solano (mutis)
27,chocó,27077,bajo baudó (pizarro),27077905,buenavista (bajo baudó (pizarro) - chocó),2021,5,6458,1053,24.8,domingo,2021-05-23 18:15:00,9.58,bajo baudó (pizarro)
27,chocó,27077,bajo baudó (pizarro),27077000,pizarro (bajo baudó (pizarro) - chocó),2021,5,203902,96357,382.8,jueves,2021-05-20 19:45:00,23.55,bajo baudó (pizarro)
27,chocó,27099,bojayá (bellavista),27099000,bellavista (bojayá (bellavista) - chocó),2021,5,104812,30818,229.08,jueves,2021-05-13 19:15:00,19.41,bojayá (bellavista)
27,chocó,27099,bojayá (bellavista),27099002,la loma de bojayá (bojayá (bellavista) - chocó),2021,5,4754,2098,60.8,sábado,2021-05-15 21:00:00,3.16,bojayá (bellavista)
27,chocó,27099,bojayá (bellavista),27099005,napipí (bojayá (bellavista) - chocó),2021,5,12609,3742,60.8,lunes,2021-05-31 21:30:00,7.35,bojayá (bellavista)
27,chocó,27099,bojayá (bellavista),27099008,puerto conto (bojayá (bellavista) - choco),2021,5,13107,3413,84.0,domingo,2021-05-23 18:15:00,7.04,bojayá (bellavista)
27,chocó,27250,el litoral del san juan,27250000,santa genoveva de docordó (el litoral del san juan - chocó),2021,5,70139,38520,176.48,martes,2021-05-26 00:30:00,17.57,el litoral del san juan
27,chocó,27372,juradó,27372000,juradó (juradó - chocó),2021,5,161498,73009,303.68,miércoles,2021-05-19 19:45:00,24.0,juradó
27,chocó,27425,medio atrato (beté),27425000,beté (medio atrato (beté) - chocó),2021,5,21576,10795,72.0,lunes,2021-05-31 20:00:00,12.36,medio atrato (beté)
27,chocó,27495,nuquí,27495001,arusí (nuquí - choco),2021,5,11042,4901,48.0,jueves,2021-05-27 19:15:00,9.2,nuquí
27,chocó,27495,nuquí,27495912,comunidad indígena de panguí - el yucal (nuquí - chocó),2021,5,5290,1951,11.32,domingo,2021-05-30 16:00:00,19.08,nuquí
27,chocó,27495,nuquí,27495000,nuquí (nuquí - chocó),2021,5,243203,77055,472.74,sábado,2021-05-08 19:45:00,23.39,nuquí
27,chocó,27495,nuquí,27495011,puerto jagua (nuquí - chocó),2021,5,795,399,3.79,miércoles,2021-05-19 19:00:00,8.04,nuquí
27,chocó,27001,quibdó,27001029,tagachi (quibdó - chocó),2021,5,9391,3091,41.04,domingo,2021-05-10 00:45:00,8.41,quibdó
27,chocó,27800,unguía,27800001,balboa (unguía - chocó),2021,5,21339,8718,85.38,viernes,2021-05-14 20:15:00,10.15,unguía
27,chocó,27800,unguía,27800005,titumate (unguía - chocó),2021,5,17127,5084,91.96,miércoles,2021-05-26 19:45:00,8.51,unguía
27,chocó,27800,unguía,27800000,unguía (unguía - chocó),2021,5,411243,143941,909.22,martes,2021-05-11 20:30:00,22.18,unguía
94,guainía,94343,barrancominas,94343000,barrancominas (barrancominas - guainía),2021,5,51807,15993,164.12,viernes,2021-05-28 18:45:00,13.37,barrancominas
94,guainía,94001,inírida,94001000,inírida (inírida - guainía),2021,5,1587220,528498,2999.92,viernes,2021-05-21 14:30:00,24.0,inírida
95,guaviare,95200,miraflores,95200000,miraflores (miraflores - guaviare),2021,5,74794,25564,185.68,jueves,2021-05-20 19:00:00,18.04,miraflores
47,magdalena,47189,ciénaga,47189018,palmor (ciénaga - magdalena),2021,5,92113,33292,181.63,sábado,2021-05-22 22:30:00,23.2,ciénaga
50,meta,50325,mapiripán,50325000,mapiripán (mapiripán - meta),2021,5,146793,58974,308.0,jueves,2021-05-20 18:45:00,23.37,mapiripán
52,nariño,52250,el charco,52250023,bazán (el charco - nariño),2021,5,18944,8303,96.0,jueves,2021-05-20 20:00:00,8.08,el charco
52,nariño,52250,el charco,52250003,bolívar - san pedro (el charco - nariño),2021,5,4217,3171,27.52,martes,2021-05-25 18:45:00,7.0,el charco
52,nariño,52250,el charco,52250007,san josé del tapaje (el charco - nariño),2021,5,13298,3176,80.0,lunes,2021-05-31 19:30:00,6.55,el charco
52,nariño,52390,la tola,52390005,aguacatal (la tola - nariño),2021,5,2140,455,13.47,martes,2021-05-18 18:15:00,6.34,la tola
52,nariño,52390,la tola,52390013,amárales (la tola - nariño),2021,5,9668,2976,61.66,martes,2021-05-25 20:30:00,6.29,la tola
52,nariño,52390,la tola,52390003,la vigía de la mar (la tola - nariño),2021,5,6076,3261,31.0,domingo,2021-05-31 00:45:00,8.24,la tola
52,nariño,52390,la tola,52390009,mulatos (la tola - nariño),2021,5,4295,2401,35.07,lunes,2021-05-10 18:30:00,6.19,la tola
52,nariño,52390,la tola,52390016,san pablo del mar (la tola - nariño),2021,5,4918,1494,27.52,martes,2021-05-25 18:45:00,7.02,la tola
52,nariño,52835,san andrés de tumaco,52835016,pital de la costa (tumaco - nariño),2021,5,19821,11634,96.0,martes,2021-05-11 19:00:00,8.53,san andrés de tumaco
52,nariño,52835,san andrés de tumaco,52835212,pueblo nuevo (tablón salado) (tumaco - nariño),2021,5,2842,1022,19.42,sábado,2021-05-29 18:15:00,7.17,san andrés de tumaco
52,nariño,52835,san andrés de tumaco,52835217,san juan de la costa (san andrés de tumaco - nariño),2021,5,18638,6634,134.4,miércoles,2021-05-26 19:00:00,6.16,san andrés de tumaco
52,nariño,52835,san andrés de tumaco,52835091,santa rosa (tumaco - nariño),2021,5,3795,1466,35.26,miércoles,2021-05-05 18:15:00,5.51,san andrés de tumaco
52,nariño,52696,santa bárbara (iscuandé),52696022,secadero (santa bárbara (iscuandé) - nariño),2021,5,2719,1876,13.25,miércoles,2021-05-26 18:45:00,8.59,santa bárbara (iscuandé)
86,putumayo,86573,puerto leguízamo,86573009,piñuña negro (puerto leguízamo - putumayo),2021,5,4428,2394,28.8,domingo,2021-05-16 20:00:00,7.15,puerto leguízamo
76,valle del cauca,76109,buenaventura,76109032,san francisco naya (buenaventura - valle del cauca),2021,5,5578,2264,29.73,martes,2021-05-25 23:30:00,8.0,buenaventura
97,vaupés,97161,carurú,97161000,carurú (carurú - vaupés),2021,5,20423,5268,86.77,miércoles,2021-05-19 18:45:00,11.41,carurú
97,vaupés,97001,mitú,97001000,mitú (mitú - vaupés),2021,5,1257930,375515,2674.38,miércoles,2021-05-06 00:00:00,24.0,mitú
97,vaupés,97666,taraira,97666000,taraira (taraira - vaupés),2021,5,29461,9160,110.79,lunes,2021-05-25 00:45:00,11.17,taraira
99,vichada,99773,cumaribo,99773000,cumaribo (cumaribo - vichada),2021,5,299048,130192,638.0,viernes,2021-05-21 14:45:00,23.52,cumaribo
99,vichada,99524,la primavera,99524000,la primavera (la primavera - vichada),2021,5,346303,160982,680.58,miércoles,2021-05-05 18:30:00,23.47,la primavera
99,vichada,99001,puerto carreño,99001002,casuarito (puerto carreño - vichada),2021,5,23418,8498,109.82,sábado,2021-05-22 18:30:00,9.01,puerto carreño
99,vichada,99001,puerto carreño,99001000,puerto carreño (puerto carreño - vichada),2021,5,2323099,769016,4292.64,viernes,2021-05-21 14:15:00,24.0,puerto carreño
99,vichada,99624,santa rosalía,99624000,santa rosalía (santa rosalía - vichada),2021,5,133752,68289,336.1,miércoles,2021-05-26 19:00:00,18.13,santa rosalía
91,amazonas,91001,leticia,91001000,leticia (leticia - amazonas),2021,6,3289472,1020489,6802.93,jueves,2021-06-10 14:45:00,24.0,leticia
91,amazonas,91540,puerto nariño,91540000,puerto nariño (puerto nariño - amazonas),2021,6,100352,34091,221.06,jueves,2021-06-03 18:30:00,23.57,puerto nariño
91,amazonas,91798,tarapacá (anm),91798000,tarapacá (tarapacá (anm) - amazonas),2021,6,22248,9635,83.47,jueves,2021-06-17 15:15:00,10.15,tarapacá (anm)
05,antioquia,05873,vigía del fuerte,05873002,vegáez (vigía del fuerte - antioquia),2021,6,4629,305,42.21,viernes,2021-06-18 17:30:00,6.33,vigía del fuerte
05,antioquia,05873,vigía del fuerte,05873000,vigía del fuerte (vigía del fuerte - antioquia),2021,6,114198,50553,320.32,domingo,2021-06-06 19:30:00,14.0,vigía del fuerte
88,"archipiélago de san andrés, providencia y santa catalina",88001,san andrés,88001000,san andrés (san andrés - archipiélago de san andrés y providencia),2021,6,16428918,4618390,28402.76,jueves,2021-06-17 15:45:00,24.0,san andrés
13,bolívar,13001,cartagena de indias,13001007,isla fuerte (cartagena de indias - bolívar),2021,6,27979,15039,165.37,sábado,2021-06-19 21:00:00,7.22,cartagena de indias
13,bolívar,13001,cartagena de indias,13001037,isla múcura (cartagena de indias - bolívar),2021,6,6701,2324,19.87,lunes,2021-06-07 14:45:00,15.32,cartagena de indias
13,bolívar,13001,cartagena de indias,13001017,santa cruz del islote (cartagena de indias - bolívar),2021,6,18743,6651,46.91,martes,2021-06-29 22:15:00,17.42,cartagena de indias
18,caquetá,18150,cartagena del chairá,18150001,remolino del caguán (cartagena del chaira - caquetá),2021,6,14606,6595,78.57,sábado,2021-06-19 18:45:00,8.09,cartagena del chairá
18,caquetá,18753,san vicente del caguán,18753002,guacamayas (san vicente del caguán - caquetá),2021,6,1137,455,33.46,jueves,2021-06-03 19:15:00,1.48,san vicente del caguán
18,caquetá,18753,san vicente del caguán,18753015,guayabal (san vicente del caguán - caquetá),2021,6,5187,2622,35.73,domingo,2021-06-07 00:00:00,6.15,san vicente del caguán
18,caquetá,18753,san vicente del caguán,18753009,puerto betania (san vicente del caguán - caquetá),2021,6,5144,1989,44.36,sábado,2021-06-05 19:00:00,5.11,san vicente del caguán
85,casanare,85430,trinidad,85430001,bocas del pauto (trinidad - casanare),2021,6,12348,7301,82.5,miércoles,2021-06-09 18:45:00,6.35,trinidad
19,cauca,19318,guapi,19318008,limones (guapi - cauca),2021,6,8067,3358,36.03,viernes,2021-06-25 16:30:00,9.44,guapi
19,cauca,19318,guapi,19318013,san antonio de guajuí (guapi - cauca),2021,6,11594,5021,51.1,sábado,2021-06-12 19:30:00,9.57,guapi
19,cauca,19418,lópez (micay),19418024,betania - naya (lópez (micay) - cauca),2021,6,6346,2215,29.52,sábado,2021-06-26 19:45:00,8.54,lópez de micay
19,cauca,19418,lópez (micay),19418033,boca grande (lópez (micay) - cauca),2021,6,4352,855,28.76,lunes,2021-06-21 18:45:00,6.6,lópez de micay
19,cauca,19418,lópez (micay),19418038,isla de gallo (lópez de micay - cauca),2021,6,3590,1456,24.58,sábado,2021-06-26 18:30:00,5.58,lópez de micay
19,cauca,19418,lópez (micay),19418009,noanamito (lópez de micay - cauca),2021,6,7106,2037,40.0,sábado,2021-06-26 19:00:00,8.11,lópez de micay
19,cauca,19418,lópez (micay),19418015,san isidro (lópez de micay - cauca),2021,6,846,316,6.05,viernes,2021-06-04 18:15:00,6.24,lópez de micay
19,cauca,19418,lópez (micay),19418019,zaragoza (lopez de micay - cauca),2021,6,11364,5167,61.25,viernes,2021-06-25 18:45:00,9.09,lópez de micay
19,cauca,19809,timbiquí,19809014,chacón (timbiquí - cauca),2021,6,4179,1136,28.46,lunes,2021-06-28 20:00:00,5.58,timbiquí
19,cauca,19809,timbiquí,19809010,comunidad de chete (timbiquí - cauca),2021,6,4504,1712,36.16,jueves,2021-06-03 19:15:00,5.06,timbiquí
19,cauca,19809,timbiquí,19809003,coteje (timbiquí - cauca),2021,6,7137,4191,33.88,miércoles,2021-06-30 19:00:00,8.21,timbiquí
19,cauca,19809,timbiquí,19809026,los brazos (timbiquí - cauca),2021,6,3521,682,46.54,sábado,2021-06-05 19:45:00,3.03,timbiquí
19,cauca,19809,timbiquí,19809023,puerto saija (timbiquí - cauca),2021,6,15392,5516,166.85,domingo,2021-06-13 20:15:00,4.53,timbiquí
19,cauca,19809,timbiquí,19809007,san josé (timbiquí - cauca),2021,6,7047,4288,40.94,domingo,2021-06-20 18:45:00,6.51,timbiquí
19,cauca,19809,timbiquí,19809008,santa maría (timbiquí - cauca),2021,6,10462,4312,66.5,sábado,2021-06-19 19:45:00,6.37,timbiquí
27,chocó,27006,acandí,27006000,acandí (acandí - chocó),2021,6,553208,210812,1179.2,martes,2021-06-29 20:00:00,21.39,acandí
27,chocó,27006,acandí,27006003,capurganá (acandí - choco),2021,6,282317,98813,750.46,domingo,2021-06-13 22:15:00,17.25,acandí
27,chocó,27006,acandí,27006007,san francisco (acandí - chocó),2021,6,20512,7599,117.17,sábado,2021-06-12 19:30:00,7.53,acandí
27,chocó,27025,alto baudó (pie de pato),27025000,ciudad baudó - pie de pato (alto baudó - chocó),2021,6,46537,14670,109.91,lunes,2021-06-28 19:30:00,23.58,alto baudó (pie de pato)
27,chocó,27075,bahía solano (mutis),27075000,ciudad mutis (bahía solano - chocó),2021,6,638399,234941,1239.92,jueves,2021-06-10 19:00:00,23.51,bahía solano (mutis)
27,chocó,27075,bahía solano (mutis),27075001,cupica (bahía solano - chocó),2021,6,56613,20817,136.68,jueves,2021-06-24 19:45:00,23.36,bahía solano (mutis)
27,chocó,27075,bahía solano (mutis),27075002,el valle (bahía solano - chocó),2021,6,148007,60770,325.78,martes,2021-06-08 19:15:00,23.52,bahía solano (mutis)
27,chocó,27077,bajo baudó (pizarro),27077905,buenavista (bajo baudó (pizarro) - chocó),2021,6,5274,863,25.15,sábado,2021-06-19 19:00:00,8.08,bajo baudó (pizarro)
27,chocó,27077,bajo baudó (pizarro),27077000,pizarro (bajo baudó (pizarro) - chocó),2021,6,192293,92453,373.82,jueves,2021-06-03 19:15:00,23.59,bajo baudó (pizarro)
27,chocó,27099,bojayá (bellavista),27099000,bellavista (bojayá (bellavista) - chocó),2021,6,89218,26542,246.51,martes,2021-06-29 19:30:00,17.17,bojayá (bellavista)
27,chocó,27099,bojayá (bellavista),27099002,la loma de bojayá (bojayá (bellavista) - chocó),2021,6,12198,5787,57.6,martes,2021-06-01 14:15:00,10.6,bojayá (bellavista)
27,chocó,27099,bojayá (bellavista),27099005,napipí (bojayá (bellavista) - chocó),2021,6,11897,3596,60.8,miércoles,2021-06-30 20:45:00,24.0,bojayá (bellavista)
91,amazonas,91540,puerto nariño,91540000,puerto nariño,2025,12,138439,42399,2784.0,miércoles,2025-12-10 18:30:00,2.306,puerto nariño
27,chocó,27099,bojayá (bellavista),27099008,puerto conto (bojayá (bellavista) - choco),2021,6,13748,3748,69.6,sábado,2021-06-19 19:30:00,7.48,bojayá (bellavista)
27,chocó,27250,el litoral del san juan,27250000,santa genoveva de docordó (el litoral del san juan - chocó),2021,6,71708,39399,170.15,sábado,2021-06-19 23:30:00,18.49,el litoral del san juan
27,chocó,27372,juradó,27372000,juradó (juradó - chocó),2021,6,150303,68540,289.44,lunes,2021-06-28 19:30:00,23.57,juradó
27,chocó,27425,medio atrato (beté),27425000,beté (medio atrato (beté) - chocó),2021,6,19853,10197,76.0,sábado,2021-06-12 20:00:00,12.15,medio atrato (beté)
27,chocó,27495,nuquí,27495001,arusí (nuquí - choco),2021,6,10799,5055,48.0,martes,2021-06-29 19:15:00,9.57,nuquí
27,chocó,27495,nuquí,27495912,comunidad indígena de panguí - el yucal (nuquí - chocó),2021,6,7572,2492,11.6,lunes,2021-06-29 00:45:00,23.45,nuquí
27,chocó,27495,nuquí,27495000,nuquí (nuquí - chocó),2021,6,229898,69451,468.86,martes,2021-06-29 19:30:00,23.56,nuquí
27,chocó,27495,nuquí,27495011,puerto jagua (nuquí - chocó),2021,6,919,389,3.84,martes,2021-06-15 19:45:00,10.18,nuquí
27,chocó,27001,quibdó,27001029,tagachi (quibdó - chocó),2021,6,8794,3002,41.09,sábado,2021-06-12 13:15:00,8.41,quibdó
27,chocó,27800,unguía,27800001,balboa (unguía - chocó),2021,6,20048,8075,88.04,sábado,2021-06-05 18:45:00,10.05,unguía
27,chocó,27800,unguía,27800005,titumate (unguía - chocó),2021,6,15235,4545,89.41,sábado,2021-06-19 21:45:00,7.51,unguía
27,chocó,27800,unguía,27800000,unguía (unguía - chocó),2021,6,375976,132286,868.56,miércoles,2021-06-16 20:00:00,21.12,unguía
91,amazonas,91001,leticia,91001000,leticia (leticia - amazonas),2021,7,3468354,1081769,6995.84,viernes,2021-07-23 14:30:00,24.0,leticia
91,amazonas,91540,puerto nariño,91540000,puerto nariño (puerto nariño - amazonas),2021,7,101229,35227,216.48,viernes,2021-07-09 19:00:00,24.0,puerto nariño
91,amazonas,91798,tarapacá (anm),91798000,tarapacá (tarapacá (anm) - amazonas),2021,7,22753,10194,83.81,viernes,2021-07-23 19:30:00,10.16,tarapacá (anm)
05,antioquia,05873,vigía del fuerte,05873002,vegáez (vigía del fuerte - antioquia),2021,7,5563,339,41.95,miércoles,2021-07-07 19:15:00,8.15,vigía del fuerte
05,antioquia,05873,vigía del fuerte,05873000,vigía del fuerte (vigía del fuerte - antioquia),2021,7,107662,47536,312.22,miércoles,2021-07-07 19:15:00,12.59,vigía del fuerte
88,"archipiélago de san andrés, providencia y santa catalina",88001,san andrés,88001000,san andrés (san andrés - archipiélago de san andrés y providencia),2021,7,17991705,4904871,29462.66,lunes,2021-07-19 15:45:00,24.0,san andrés
13,bolívar,13001,cartagena de indias,13001007,isla fuerte (cartagena de indias - bolívar),2021,7,28819,15362,172.02,sábado,2021-07-17 22:45:00,7.09,cartagena de indias
13,bolívar,13001,cartagena de indias,13001037,isla múcura (cartagena de indias - bolívar),2021,7,6984,2342,21.15,domingo,2021-07-04 14:15:00,14.37,cartagena de indias
13,bolívar,13001,cartagena de indias,13001017,santa cruz del islote (cartagena de indias - bolívar),2021,7,20586,7161,48.42,martes,2021-07-13 22:30:00,18.7,cartagena de indias
18,caquetá,18150,cartagena del chairá,18150001,remolino del caguán (cartagena del chaira - caquetá),2021,7,15208,6995,75.91,sábado,2021-07-17 18:30:00,9.0,cartagena del chairá
18,caquetá,18753,san vicente del caguán,18753002,guacamayas (san vicente del caguán - caquetá),2021,7,10049,5073,40.03,sábado,2021-07-24 19:15:00,17.7,san vicente del caguán
18,caquetá,18753,san vicente del caguán,18753015,guayabal (san vicente del caguán - caquetá),2021,7,5762,2817,37.36,sábado,2021-07-10 00:15:00,6.4,san vicente del caguán
18,caquetá,18753,san vicente del caguán,18753009,puerto betania (san vicente del caguán - caquetá),2021,7,5230,2088,42.8,jueves,2021-07-08 19:30:00,5.3,san vicente del caguán
85,casanare,85430,trinidad,85430001,bocas del pauto (trinidad - casanare),2021,7,12206,6910,86.46,sábado,2021-07-17 19:00:00,6.17,trinidad
19,cauca,19318,guapi,19318008,limones (guapi - cauca),2021,7,8397,3349,35.81,viernes,2021-07-02 19:00:00,9.33,guapi
19,cauca,19318,guapi,19318013,san antonio de guajuí (guapi - cauca),2021,7,11919,5301,48.77,miércoles,2021-07-21 19:00:00,9.46,guapi
19,cauca,19418,lópez (micay),19418024,betania - naya (lópez (micay) - cauca),2021,7,5777,2059,30.12,domingo,2021-07-25 19:00:00,7.24,lópez de micay
19,cauca,19418,lópez (micay),19418033,boca grande (lópez (micay) - cauca),2021,7,4135,854,29.56,martes,2021-07-06 19:15:00,5.31,lópez de micay
19,cauca,19418,lópez (micay),19418038,isla de gallo (lópez de micay - cauca),2021,7,3920,1615,24.22,viernes,2021-07-30 19:00:00,6.29,lópez de micay
19,cauca,19418,lópez (micay),19418007,la concha - concepción naya (lopez (micay) - cauca),2021,7,1034,247,14.32,sábado,2021-07-31 18:15:00,3.08,lópez de micay
19,cauca,19418,lópez (micay),19418009,noanamito (lópez de micay - cauca),2021,7,7660,2416,40.0,sábado,2021-07-31 21:00:00,8.11,lópez de micay
19,cauca,19418,lópez (micay),19418012,san antonio de chuaré (lópez de micay - cauca),2021,7,7440,2566,55.55,domingo,2021-07-25 19:30:00,5.26,lópez de micay
19,cauca,19418,lópez (micay),19418015,san isidro (lópez de micay - cauca),2021,7,897,334,5.98,sábado,2021-07-31 17:30:00,6.23,lópez de micay
19,cauca,19418,lópez (micay),19418019,zaragoza (lopez de micay - cauca),2021,7,9865,4618,70.4,viernes,2021-07-23 20:30:00,7.14,lópez de micay
19,cauca,19809,timbiquí,19809010,comunidad de chete (timbiquí - cauca),2021,7,5521,2254,33.82,jueves,2021-07-15 20:30:00,6.25,timbiquí
19,cauca,19809,timbiquí,19809003,coteje (timbiquí - cauca),2021,7,7378,4256,34.84,sábado,2021-07-10 19:30:00,8.03,timbiquí
19,cauca,19809,timbiquí,19809026,los brazos (timbiquí - cauca),2021,7,8936,1727,46.87,sábado,2021-07-17 19:30:00,7.14,timbiquí
19,cauca,19809,timbiquí,19809023,puerto saija (timbiquí - cauca),2021,7,26959,9298,172.13,miércoles,2021-07-28 19:15:00,5.54,timbiquí
19,cauca,19809,timbiquí,19809007,san josé (timbiquí - cauca),2021,7,7033,4386,40.25,martes,2021-07-27 19:45:00,6.36,timbiquí
19,cauca,19809,timbiquí,19809008,santa maría (timbiquí - cauca),2021,7,15828,6815,67.97,jueves,2021-07-15 21:00:00,9.28,timbiquí
19,cauca,19809,timbiquí,19809009,santa rosa de saija (timbiquí - cauca),2021,7,4556,2748,25.66,martes,2021-07-13 19:00:00,7.6,timbiquí
27,chocó,27006,acandí,27006000,acandí (acandí - chocó),2021,7,514513,198418,1253.3,viernes,2021-07-23 19:45:00,18.53,acandí
27,chocó,27006,acandí,27006003,capurganá (acandí - choco),2021,7,337622,128121,818.4,domingo,2021-07-04 20:00:00,18.51,acandí
27,chocó,27006,acandí,27006007,san francisco (acandí - chocó),2021,7,24539,8898,122.83,lunes,2021-07-19 19:45:00,8.44,acandí
27,chocó,27025,alto baudó (pie de pato),27025000,ciudad baudó - pie de pato (alto baudó - chocó),2021,7,49047,14855,118.98,lunes,2021-07-19 00:00:00,23.58,alto baudó (pie de pato)
27,chocó,27075,bahía solano (mutis),27075000,ciudad mutis (bahía solano - chocó),2021,7,674516,236268,1286.56,jueves,2021-07-22 19:45:00,23.52,bahía solano (mutis)
27,chocó,27075,bahía solano (mutis),27075001,cupica (bahía solano - chocó),2021,7,59119,20817,139.51,lunes,2021-07-12 19:30:00,21.49,bahía solano (mutis)
27,chocó,27075,bahía solano (mutis),27075002,el valle (bahía solano - chocó),2021,7,159362,65978,338.45,jueves,2021-07-22 19:30:00,23.46,bahía solano (mutis)
27,chocó,27077,bajo baudó (pizarro),27077011,piliza (bajo baudó (pizarro) - chocó),2021,7,5959,5988,35.2,viernes,2021-07-02 19:00:00,6.2,bajo baudó (pizarro)
27,chocó,27077,bajo baudó (pizarro),27077000,pizarro (bajo baudó (pizarro) - chocó),2021,7,206504,102075,401.28,martes,2021-07-06 19:15:00,23.48,bajo baudó (pizarro)
27,chocó,27099,bojayá (bellavista),27099000,bellavista (bojayá (bellavista) - chocó),2021,7,84736,24667,258.3,lunes,2021-07-05 19:00:00,14.4,bojayá (bellavista)
27,chocó,27099,bojayá (bellavista),27099002,la loma de bojayá (bojayá (bellavista) - chocó),2021,7,11242,5062,64.0,jueves,2021-07-08 19:30:00,8.1,bojayá (bellavista)
27,chocó,27099,bojayá (bellavista),27099005,napipí (bojayá (bellavista) - chocó),2021,7,10215,3108,64.0,viernes,2021-07-09 19:30:00,6.12,bojayá (bellavista)
27,chocó,27099,bojayá (bellavista),27099008,puerto conto (bojayá (bellavista) - choco),2021,7,9421,2585,74.4,jueves,2021-07-22 19:15:00,5.03,bojayá (bellavista)
27,chocó,27250,el litoral del san juan,27250000,santa genoveva de docordó (el litoral del san juan - chocó),2021,7,70378,39934,168.96,viernes,2021-07-16 13:30:00,17.52,el litoral del san juan
27,chocó,27372,juradó,27372000,juradó (juradó - chocó),2021,7,161638,74315,303.36,miércoles,2021-07-07 19:45:00,23.31,juradó
27,chocó,27425,medio atrato (beté),27425000,beté (medio atrato (beté) - chocó),2021,7,20289,10538,84.0,miércoles,2021-07-21 19:45:00,11.59,medio atrato (beté)
27,chocó,27425,medio atrato (beté),27425008,san roque (medio atrato (beté) - chocó),2021,7,3181,889,27.58,jueves,2021-07-15 19:15:00,4.34,medio atrato (beté)
27,chocó,27495,nuquí,27495001,arusí (nuquí - choco),2021,7,10999,5376,48.0,viernes,2021-07-09 20:00:00,9.12,nuquí
27,chocó,27495,nuquí,27495912,comunidad indígena de panguí - el yucal (nuquí - chocó),2021,7,7175,2445,11.23,sábado,2021-07-24 17:45:00,22.46,nuquí
27,chocó,27495,nuquí,27495000,nuquí (nuquí - chocó),2021,7,250756,76581,505.47,jueves,2021-07-15 19:45:00,23.28,nuquí
27,chocó,27495,nuquí,27495011,puerto jagua (nuquí - chocó),2021,7,426,75,3.48,jueves,2021-07-01 21:00:00,5.43,nuquí
27,chocó,27001,quibdó,27001029,tagachi (quibdó - chocó),2021,7,8633,2975,41.23,lunes,2021-07-26 13:15:00,8.15,quibdó
27,chocó,27800,unguía,27800001,balboa (unguía - chocó),2021,7,21354,8561,87.38,sábado,2021-07-17 19:45:00,9.54,unguía
27,chocó,27800,unguía,27800005,titumate (unguía - chocó),2021,7,18246,5516,94.07,miércoles,2021-07-07 20:30:00,9.26,unguía
27,chocó,27800,unguía,27800000,unguía (unguía - chocó),2021,7,426751,151030,911.86,lunes,2021-07-19 20:30:00,21.59,unguía
94,guainía,94343,barrancominas,94343000,barrancominas (barrancominas - guainía),2021,7,53463,17307,161.95,miércoles,2021-07-21 19:00:00,13.48,barrancominas
94,guainía,94001,inírida,94001000,inírida (inírida - guainía),2021,7,1539048,517740,2970.88,jueves,2021-07-29 14:45:00,24.0,inírida
95,guaviare,95200,miraflores,95200000,miraflores (miraflores - guaviare),2021,7,72315,24881,168.96,viernes,2021-07-23 18:46:00,19.9,miraflores
47,magdalena,47189,ciénaga,47189018,palmor (ciénaga - magdalena),2021,7,80159,30431,166.4,domingo,2021-07-04 00:45:00,21.51,ciénaga
50,meta,50325,mapiripán,50325000,mapiripán (mapiripán - meta),2021,7,149997,59258,308.88,miércoles,2021-07-28 18:45:00,23.56,mapiripán
52,nariño,52250,el charco,52250016,alterón (uribe uribe) (el charco - nariño),2021,7,1321,238,18.14,martes,2021-07-27 18:45:00,5.57,el charco
52,nariño,52250,el charco,52250023,bazán (el charco - nariño),2021,7,18182,8786,100.8,viernes,2021-07-30 20:15:00,7.24,el charco
52,nariño,52250,el charco,52250003,bolívar - san pedro (el charco - nariño),2021,7,3677,2501,22.24,jueves,2021-07-15 19:15:00,6.13,el charco
52,nariño,52250,el charco,52250022,el cuil pueblo nuevo (el charco - nariño),2021,7,5563,7257,28.22,viernes,2021-07-09 19:30:00,7.36,el charco
52,nariño,52250,el charco,52250005,las mercedes (el charco - nariño),2021,7,1921,805,15.87,sábado,2021-07-10 19:00:00,3.41,el charco
52,nariño,52250,el charco,52250007,san josé del tapaje (el charco - nariño),2021,7,16244,4164,80.0,sábado,2021-07-31 21:15:00,8.04,el charco
52,nariño,52520,francisco pizarro,52520013,san pedro del vino (francisco pizarro - nariño),2021,7,4411,2141,29.06,sábado,2021-07-10 19:15:00,6.3,francisco pizarro
52,nariño,52390,la tola,52390005,aguacatal (la tola - nariño),2021,7,2053,424,13.55,jueves,2021-07-15 18:45:00,6.25,la tola
52,nariño,52390,la tola,52390013,amárales (la tola - nariño),2021,7,7561,2063,58.98,miércoles,2021-07-21 20:00:00,5.29,la tola
52,nariño,52390,la tola,52390003,la vigía de la mar (la tola - nariño),2021,7,6297,2533,30.4,sábado,2021-07-03 00:30:00,8.58,la tola
52,nariño,52390,la tola,52390009,mulatos (la tola - nariño),2021,7,4832,3888,38.02,miércoles,2021-07-21 19:15:00,6.24,la tola
52,nariño,52390,la tola,52390016,san pablo del mar (la tola - nariño),2021,7,5049,1511,28.67,jueves,2021-07-08 18:45:00,7.04,la tola
52,nariño,52473,mosquera,52473010,el bajito de echandía (mosquera - nariño),2021,7,3705,821,15.07,jueves,2021-07-08 18:30:00,9.11,mosquera
52,nariño,52490,olaya herrera,52490913,boca de prieta (olaya herrera - nariño),2021,7,3654,996,19.25,viernes,2021-07-16 19:45:00,7.11,olaya herrera
52,nariño,52835,san andrés de tumaco,52835055,bocas de curay (tumaco - nariño),2021,7,8487,2807,55.2,jueves,2021-07-15 18:30:00,6.33,san andrés de tumaco
52,nariño,52835,san andrés de tumaco,52835016,pital de la costa (tumaco - nariño),2021,7,19896,11314,100.0,sábado,2021-07-31 00:00:00,8.45,san andrés de tumaco
52,nariño,52835,san andrés de tumaco,52835217,san juan de la costa (san andrés de tumaco - nariño),2021,7,24442,8274,134.4,viernes,2021-07-23 18:30:00,8.01,san andrés de tumaco
52,nariño,52696,santa bárbara (iscuandé),52696014,la ensenada (santa bárbara (iscuandé) - nariño),2021,7,1956,1972,18.46,miércoles,2021-07-28 19:45:00,4.55,santa bárbara (iscuandé)
52,nariño,52696,santa bárbara (iscuandé),52696017,santa rita (santa barbara (iscuandé) - nariño),2021,7,3384,1769,26.28,jueves,2021-07-22 19:15:00,4.36,santa bárbara (iscuandé)
52,nariño,52696,santa bárbara (iscuandé),52696022,secadero (santa bárbara (iscuandé) - nariño),2021,7,2704,1945,13.44,martes,2021-07-27 18:30:00,8.54,santa bárbara (iscuandé)
86,putumayo,86573,puerto leguízamo,86573009,piñuña negro (puerto leguízamo - putumayo),2021,7,4350,2478,28.8,sábado,2021-07-31 20:00:00,6.48,puerto leguízamo
86,putumayo,86573,puerto leguízamo,86573000,puerto leguízamo (puerto leguízamo - putumayo),2021,7,861962,342040,1778.74,jueves,2021-07-08 14:30:00,23.42,puerto leguízamo
76,valle del cauca,76109,buenaventura,76109032,san francisco naya (buenaventura - valle del cauca),2021,7,5823,2633,28.51,miércoles,2021-07-07 23:45:00,8.05,buenaventura
97,vaupés,97161,carurú,97161000,carurú (carurú - vaupés),2021,7,17752,2813,71.37,jueves,2021-07-29 19:15:00,12.16,carurú
97,vaupés,97001,mitú,97001000,mitú (mitú - vaupés),2021,7,1221413,377485,2559.94,jueves,2021-07-29 23:45:00,24.0,mitú
97,vaupés,97666,taraira,97666000,taraira (taraira - vaupés),2021,7,28872,8920,121.88,martes,2021-07-27 00:30:00,10.49,taraira
99,vichada,99773,cumaribo,99773000,cumaribo (cumaribo - vichada),2021,7,278417,122022,609.84,martes,2021-07-13 14:45:00,23.32,cumaribo
99,vichada,99524,la primavera,99524000,la primavera (la primavera - vichada),2021,7,302496,137297,576.36,lunes,2021-07-12 18:30:00,24.0,la primavera
99,vichada,99001,puerto carreño,99001002,casuarito (puerto carreño - vichada),2021,7,22270,8640,113.87,jueves,2021-07-15 19:15:00,8.31,puerto carreño
99,vichada,99001,puerto carreño,99001000,puerto carreño (puerto carreño - vichada),2021,7,2154809,748079,3975.84,jueves,2021-07-29 14:15:00,23.59,puerto carreño
99,vichada,99624,santa rosalía,99624000,santa rosalía (santa rosalía - vichada),2021,7,126001,66150,314.45,martes,2021-07-06 19:30:00,18.16,santa rosalía
91,amazonas,91001,leticia,91001000,leticia (leticia - amazonas),2021,8,3849566,1187349,7946.33,miércoles,2021-08-25 15:15:00,24.0,leticia
91,amazonas,91540,puerto nariño,91540000,puerto nariño (puerto nariño - amazonas),2021,8,110682,39445,237.78,martes,2021-08-24 18:45:00,24.0,puerto nariño
91,amazonas,91798,tarapacá (anm),91798000,tarapacá (tarapacá (anm) - amazonas),2021,8,23827,10761,88.96,jueves,2021-08-26 18:30:00,10.16,tarapacá (anm)
05,antioquia,05873,vigía del fuerte,05873001,san antonio de padua (vigía del fuerte - antioquia),2021,8,5399,2044,36.99,sábado,2021-08-21 13:00:00,6.02,vigía del fuerte
05,antioquia,05873,vigía del fuerte,05873002,vegáez (vigía del fuerte - antioquia),2021,8,1470,106,40.77,lunes,2021-08-02 19:15:00,1.57,vigía del fuerte
05,antioquia,05873,vigía del fuerte,05873000,vigía del fuerte (vigía del fuerte - antioquia),2021,8,86883,37800,320.67,sábado,2021-08-28 13:30:00,10.16,vigía del fuerte
88,"archipiélago de san andrés, providencia y santa catalina",88001,san andrés,88001000,san andrés (san andrés - archipiélago de san andrés y providencia),2021,8,17665156,1187349,30229.27,viernes,2021-08-13 15:30:00,24.0,san andrés
13,bolívar,13001,cartagena de indias,13001007,isla fuerte (cartagena de indias - bolívar),2021,8,14790,7712,137.02,domingo,2021-08-01 15:00:00,4.24,cartagena de indias
13,bolívar,13001,cartagena de indias,13001037,isla múcura (cartagena de indias - bolívar),2021,8,6170,2136,22.82,domingo,2021-08-15 00:30:00,12.27,cartagena de indias
13,bolívar,13001,cartagena de indias,13001017,santa cruz del islote (cartagena de indias - bolívar),2021,8,20083,7311,47.46,miércoles,2021-08-18 22:15:00,17.29,cartagena de indias
18,caquetá,18150,cartagena del chairá,18150001,remolino del caguán (cartagena del chaira - caquetá),2021,8,17548,7603,82.89,sábado,2021-08-28 20:00:00,9.51,cartagena del chairá
18,caquetá,18753,san vicente del caguán,18753002,guacamayas (san vicente del caguán - caquetá),2021,8,12445,6071,44.33,jueves,2021-08-26 18:45:00,17.23,san vicente del caguán
18,caquetá,18753,san vicente del caguán,18753015,guayabal (san vicente del caguán - caquetá),2021,8,6469,3127,36.96,sábado,2021-08-14 18:30:00,7.09,san vicente del caguán
18,caquetá,18753,san vicente del caguán,18753009,puerto betania (san vicente del caguán - caquetá),2021,8,5662,2226,46.04,viernes,2021-08-27 18:30:00,5.3,san vicente del caguán
85,casanare,85430,trinidad,85430001,bocas del pauto (trinidad - casanare),2021,8,12634,7253,82.43,martes,2021-08-31 18:45:00,6.28,trinidad
19,cauca,19318,guapi,19318008,limones (guapi - cauca),2021,8,8950,3734,37.47,sábado,2021-08-21 20:15:00,10.0,guapi
19,cauca,19318,guapi,19318013,san antonio de guajuí (guapi - cauca),2021,8,11744,5105,48.05,viernes,2021-08-06 19:45:00,9.38,guapi
19,cauca,19418,lópez (micay),19418033,boca grande (lópez (micay) - cauca),2021,8,4112,845,30.52,martes,2021-08-24 19:15:00,5.37,lópez de micay
19,cauca,19418,lópez (micay),19418038,isla de gallo (lópez de micay - cauca),2021,8,3720,1509,25.09,sábado,2021-08-14 19:45:00,6.19,lópez de micay
19,cauca,19418,lópez (micay),19418007,la concha - concepción naya (lopez (micay) - cauca),2021,8,2213,479,14.2,sábado,2021-08-14 19:30:00,6.22,lópez de micay
19,cauca,19418,lópez (micay),19418009,noanamito (lópez de micay - cauca),2021,8,5418,1801,40.0,miércoles,2021-08-18 20:15:00,6.0,lópez de micay
19,cauca,19418,lópez (micay),19418012,san antonio de chuaré (lópez de micay - cauca),2021,8,8774,3212,54.53,jueves,2021-08-05 19:00:00,6.44,lópez de micay
19,cauca,19418,lópez (micay),19418015,san isidro (lópez de micay - cauca),2021,8,836,360,5.66,miércoles,2021-08-25 18:45:00,5.51,lópez de micay
19,cauca,19809,timbiquí,19809010,comunidad de chete (timbiquí - cauca),2021,8,4619,1957,32.1,jueves,2021-08-19 18:30:00,5.28,timbiquí
19,cauca,19809,timbiquí,19809003,coteje (timbiquí - cauca),2021,8,6831,4015,35.08,viernes,2021-08-06 19:15:00,7.42,timbiquí
19,cauca,19809,timbiquí,19809007,san josé (timbiquí - cauca),2021,8,7907,5353,38.28,lunes,2021-08-09 20:00:00,8.04,timbiquí
19,cauca,19809,timbiquí,19809008,santa maría (timbiquí - cauca),2021,8,16142,6865,69.82,lunes,2021-08-02 19:15:00,9.42,timbiquí
19,cauca,19809,timbiquí,19809009,santa rosa de saija (timbiquí - cauca),2021,8,5031,3000,25.27,sábado,2021-08-28 20:45:00,8.1,timbiquí
27,chocó,27006,acandí,27006000,acandí (acandí - chocó),2021,8,557523,215995,1186.59,jueves,2021-08-05 20:15:00,19.5,acandí
27,chocó,27006,acandí,27006003,capurganá (acandí - choco),2021,8,223554,91867,694.85,jueves,2021-08-05 21:00:00,14.4,acandí
27,chocó,27006,acandí,27006007,san francisco (acandí - chocó),2021,8,22177,7911,121.34,lunes,2021-08-30 18:45:00,7.47,acandí
27,chocó,27025,alto baudó (pie de pato),27025000,ciudad baudó - pie de pato (alto baudó - chocó),2021,8,48295,14438,113.16,viernes,2021-08-06 00:00:00,24.0,alto baudó (pie de pato)
27,chocó,27075,bahía solano (mutis),27075000,ciudad mutis (bahía solano - chocó),2021,8,657328,214127,1259.28,lunes,2021-08-02 19:15:00,23.52,bahía solano (mutis)
27,chocó,27075,bahía solano (mutis),27075001,cupica (bahía solano - chocó),2021,8,58747,23510,144.66,lunes,2021-08-23 23:30:00,23.45,bahía solano (mutis)
27,chocó,27075,bahía solano (mutis),27075002,el valle (bahía solano - chocó),2021,8,149273,64719,321.82,miércoles,2021-08-04 19:15:00,22.38,bahía solano (mutis)
27,chocó,27077,bajo baudó (pizarro),27077905,buenavista (bajo baudó (pizarro) - chocó),2021,8,1494,267,22.56,jueves,2021-08-26 17:45:00,2.24,bajo baudó (pizarro)
27,chocó,27077,bajo baudó (pizarro),27077000,pizarro (bajo baudó (pizarro) - chocó),2021,8,204214,99883,387.55,miércoles,2021-08-04 19:45:00,23.44,bajo baudó (pizarro)
27,chocó,27099,bojayá (bellavista),27099000,bellavista (bojayá (bellavista) - chocó),2021,8,92763,26609,236.22,jueves,2021-08-05 19:30:00,16.4,bojayá (bellavista)
27,chocó,27099,bojayá (bellavista),27099002,la loma de bojayá (bojayá (bellavista) - chocó),2021,8,12070,5437,64.0,viernes,2021-08-06 19:00:00,8.3,bojayá (bellavista)
27,chocó,27099,bojayá (bellavista),27099005,napipí (bojayá (bellavista) - chocó),2021,8,11006,2945,60.8,lunes,2021-08-30 20:15:00,6.43,bojayá (bellavista)
27,chocó,27099,bojayá (bellavista),27099008,puerto conto (bojayá (bellavista) - choco),2021,8,12719,3531,74.4,viernes,2021-08-27 19:00:00,6.54,bojayá (bellavista)
27,chocó,27250,el litoral del san juan,27250000,santa genoveva de docordó (el litoral del san juan - chocó),2021,8,51902,30085,149.03,lunes,2021-08-02 19:15:00,18.44,el litoral del san juan
27,chocó,27372,juradó,27372000,juradó (juradó - chocó),2021,8,157126,71490,313.76,sábado,2021-08-21 19:15:00,22.57,juradó
27,chocó,27425,medio atrato (beté),27425000,beté (medio atrato (beté) - chocó),2021,8,14772,8182,56.0,martes,2021-08-03 19:45:00,12.2,medio atrato (beté)
27,chocó,27495,nuquí,27495001,arusí (nuquí - choco),2021,8,10316,4993,44.8,domingo,2021-08-22 19:30:00,9.3,nuquí
27,chocó,27495,nuquí,27495912,comunidad indígena de panguí - el yucal (nuquí - chocó),2021,8,6132,2262,11.33,domingo,2021-08-22 18:30:00,22.18,nuquí
27,chocó,27495,nuquí,27495000,nuquí (nuquí - chocó),2021,8,243140,74218,489.98,viernes,2021-08-13 18:45:00,23.5,nuquí
27,chocó,27495,nuquí,27495011,puerto jagua (nuquí - chocó),2021,8,880,128,3.29,lunes,2021-08-09 18:45:00,7.39,nuquí
27,chocó,27001,quibdó,27001029,tagachi (quibdó - chocó),2021,8,8686,3061,40.61,domingo,2021-08-22 19:15:00,8.28,quibdó
27,chocó,27800,unguía,27800001,balboa (unguía - chocó),2021,8,20171,7392,90.37,sábado,2021-08-07 19:30:00,8.47,unguía
27,chocó,27800,unguía,27800005,titumate (unguía - chocó),2021,8,18716,5483,94.69,jueves,2021-08-12 20:00:00,8.59,unguía
27,chocó,27800,unguía,27800000,unguía (unguía - chocó),2021,8,420962,149705,927.7,viernes,2021-08-06 20:15:00,21.51,unguía
94,guainía,94343,barrancominas,94343000,barrancominas (barrancominas - guainía),2021,8,59261,19836,180.91,jueves,2021-08-26 18:15:00,13.33,barrancominas
94,guainía,94001,inírida,94001000,inírida (inírida - guainía),2021,8,1654297,556149,3200.56,martes,2021-08-24 14:45:00,23.51,inírida
95,guaviare,95200,miraflores,95200000,miraflores (miraflores - guaviare),2021,8,75422,26209,187.88,jueves,2021-08-19 19:00:00,19.11,miraflores
44,la guajira,44847,uribia,44847012,nazareth (uribia - la guajira),2021,8,70977,22091,306.7,lunes,2021-08-23 19:00:00,12.2,uribia
47,magdalena,47189,ciénaga,47189018,palmor (ciénaga - magdalena),2021,8,85325,30760,169.41,domingo,2021-08-08 23:00:00,22.9,ciénaga
50,meta,50325,mapiripán,50325000,mapiripán (mapiripán - meta),2021,8,154955,61917,312.84,jueves,2021-08-19 18:30:00,24.0,mapiripán
52,nariño,52250,el charco,52250023,bazán (el charco - nariño),2021,8,20533,12886,100.8,sábado,2021-08-28 19:45:00,8.07,el charco
52,nariño,52250,el charco,52250003,bolívar - san pedro (el charco - nariño),2021,8,3380,2051,23.62,sábado,2021-08-14 19:30:00,5.3,el charco
52,nariño,52250,el charco,52250022,el cuil pueblo nuevo (el charco - nariño),2021,8,6046,7853,30.18,sábado,2021-08-21 19:30:00,7.57,el charco
52,nariño,52250,el charco,52250007,san josé del tapaje (el charco - nariño),2021,8,16506,4140,88.0,sábado,2021-08-07 20:00:00,8.11,el charco
52,nariño,52520,francisco pizarro,52520013,san pedro del vino (francisco pizarro - nariño),2021,8,4834,2334,28.06,domingo,2021-08-01 00:00:00,7.16,francisco pizarro
52,nariño,52390,la tola,52390005,aguacatal (la tola - nariño),2021,8,2261,447,13.94,miércoles,2021-08-04 17:45:00,7.08,la tola
52,nariño,52390,la tola,52390013,amárales (la tola - nariño),2021,8,6967,1817,55.58,miércoles,2021-08-11 19:15:00,5.32,la tola
52,nariño,52390,la tola,52390003,la vigía de la mar (la tola - nariño),2021,8,6064,2461,30.56,jueves,2021-08-26 23:30:00,9.05,la tola
52,nariño,52390,la tola,52390009,mulatos (la tola - nariño),2021,8,4746,3922,39.3,miércoles,2021-08-11 19:00:00,6.14,la tola
52,nariño,52390,la tola,52390016,san pablo del mar (la tola - nariño),2021,8,4761,1351,29.34,miércoles,2021-08-04 19:00:00,6.46,la tola
52,nariño,52473,mosquera,52473010,el bajito de echandía (mosquera - nariño),2021,8,4205,929,16.58,lunes,2021-08-16 18:45:00,10.32,mosquera
52,nariño,52490,olaya herrera,52490913,boca de prieta (olaya herrera - nariño),2021,8,3546,899,19.63,martes,2021-08-10 18:15:00,7.9,olaya herrera
52,nariño,52835,san andrés de tumaco,52835055,bocas de curay (tumaco - nariño),2021,8,9664,3078,55.2,martes,2021-08-31 19:00:00,7.29,san andrés de tumaco
52,nariño,52835,san andrés de tumaco,52835016,pital de la costa (tumaco - nariño),2021,8,20977,11894,96.0,martes,2021-08-31 19:30:00,8.56,san andrés de tumaco
52,nariño,52835,san andrés de tumaco,52835217,san juan de la costa (san andrés de tumaco - nariño),2021,8,23247,8498,134.4,sábado,2021-08-21 18:45:00,7.41,san andrés de tumaco
52,nariño,52696,santa bárbara (iscuandé),52696014,la ensenada (santa bárbara (iscuandé) - nariño),2021,8,2474,1349,17.54,domingo,2021-08-01 20:00:00,5.4,santa bárbara (iscuandé)
52,nariño,52696,santa bárbara (iscuandé),52696022,secadero (santa bárbara (iscuandé) - nariño),2021,8,2899,2219,14.54,sábado,2021-08-21 00:15:00,8.57,santa bárbara (iscuandé)
86,putumayo,86573,puerto leguízamo,86573009,piñuña negro (puerto leguízamo - putumayo),2021,8,4394,2594,28.8,sábado,2021-08-28 18:30:00,7.0,puerto leguízamo
86,putumayo,86573,puerto leguízamo,86573000,puerto leguízamo (puerto leguízamo - putumayo),2021,8,961358,369644,1975.95,jueves,2021-08-26 14:15:00,23.59,puerto leguízamo
76,valle del cauca,76109,buenaventura,76109032,san francisco naya (buenaventura - valle del cauca),2021,8,5921,2588,30.14,lunes,2021-08-30 23:30:00,8.0,buenaventura
97,vaupés,97161,carurú,97161000,carurú (carurú - vaupés),2021,8,19390,3104,74.45,martes,2021-08-24 19:00:00,12.19,carurú
97,vaupés,97001,mitú,97001000,mitú (mitú - vaupés),2021,8,1273403,390768,2696.34,miércoles,2021-08-11 23:45:00,23.58,mitú
97,vaupés,97666,taraira,97666000,taraira (taraira - vaupés),2021,8,30762,9153,123.46,martes,2021-08-24 00:30:00,10.5,taraira
99,vichada,99773,cumaribo,99773000,cumaribo (cumaribo - vichada),2021,8,294302,126008,662.2,jueves,2021-08-26 14:45:00,23.59,cumaribo
99,vichada,99524,la primavera,99524000,la primavera (la primavera - vichada),2021,8,312980,139626,611.82,miércoles,2021-08-18 15:45:00,23.59,la primavera
99,vichada,99001,puerto carreño,99001002,casuarito (puerto carreño - vichada),2021,8,23993,9524,114.05,domingo,2021-08-29 19:00:00,8.49,puerto carreño
99,vichada,99001,puerto carreño,99001000,puerto carreño (puerto carreño - vichada),2021,8,2225164,745045,4172.08,viernes,2021-08-27 13:15:00,24.0,puerto carreño
99,vichada,99624,santa rosalía,99624000,santa rosalía (santa rosalía - vichada),2021,8,134645,70101,346.37,jueves,2021-08-26 18:45:00,18.12,santa rosalía
19,cauca,19418,lópez (micay),19418009,noanamito (lópez de micay - cauca),2021,9,5674,1841,44.0,sábado,2021-09-18 20:30:00,6.18,lópez de micay
91,amazonas,91001,leticia,91001000,leticia (leticia - amazonas),2021,9,3758106,1158829,7348.51,lunes,2021-09-20 15:45:00,24.0,leticia
91,amazonas,91540,puerto nariño,91540000,puerto nariño (puerto nariño - amazonas),2021,9,109597,38862,231.97,sábado,2021-09-04 19:00:00,24.0,puerto nariño
91,amazonas,91798,tarapacá (anm),91798000,tarapacá (tarapacá (anm) - amazonas),2021,9,23838,10769,90.96,martes,2021-09-28 18:15:00,10.21,tarapacá (anm)
05,antioquia,05873,vigía del fuerte,05873001,san antonio de padua (vigía del fuerte - antioquia),2021,9,4520,1671,38.5,martes,2021-09-21 19:00:00,5.8,vigía del fuerte
05,antioquia,05873,vigía del fuerte,05873002,vegáez (vigía del fuerte - antioquia),2021,9,4371,511,38.37,jueves,2021-09-16 19:30:00,6.51,vigía del fuerte
05,antioquia,05873,vigía del fuerte,05873000,vigía del fuerte (vigía del fuerte - antioquia),2021,9,95811,39504,328.77,lunes,2021-09-06 00:30:00,11.26,vigía del fuerte
88,"archipiélago de san andrés, providencia y santa catalina",88564,providencia,88564000,providencia (providencia - archipiélago de san andrés y providencia),2021,9,1033890,278455,1762.32,jueves,2021-09-16 21:15:00,24.0,providencia
88,"archipiélago de san andrés, providencia y santa catalina",88001,san andrés,88001000,san andrés (san andrés - archipiélago de san andrés y providencia),2021,9,17428300,4721823,30240.2,jueves,2021-09-23 15:30:00,24.0,san andrés
13,bolívar,13001,cartagena de indias,13001007,isla fuerte (cartagena de indias - bolívar),2021,9,13611,7311,140.51,viernes,2021-09-17 15:00:00,4.21,cartagena de indias
13,bolívar,13001,cartagena de indias,13001037,isla múcura (cartagena de indias - bolívar),2021,9,6464,2355,19.23,sábado,2021-09-25 22:15:00,14.8,cartagena de indias
13,bolívar,13001,cartagena de indias,13001017,santa cruz del islote (cartagena de indias - bolívar),2021,9,19617,7176,49.06,jueves,2021-09-30 21:45:00,17.27,cartagena de indias
18,caquetá,18150,cartagena del chairá,18150001,remolino del caguán (cartagena del chaira - caquetá),2021,9,15904,6818,83.89,sábado,2021-09-11 18:45:00,8.27,cartagena del chairá
18,caquetá,18753,san vicente del caguán,18753002,guacamayas (san vicente del caguán - caquetá),2021,9,12661,6607,38.3,sábado,2021-09-25 19:00:00,18.22,san vicente del caguán
18,caquetá,18753,san vicente del caguán,18753015,guayabal (san vicente del caguán - caquetá),2021,9,6544,3157,40.78,sábado,2021-09-25 18:30:00,7.21,san vicente del caguán
18,caquetá,18753,san vicente del caguán,18753009,puerto betania (san vicente del caguán - caquetá),2021,9,5861,2302,45.2,jueves,2021-09-09 19:30:00,5.53,san vicente del caguán
85,casanare,85430,trinidad,85430001,bocas del pauto (trinidad - casanare),2021,9,13022,7142,88.77,martes,2021-09-14 19:00:00,6.26,trinidad
19,cauca,19318,guapi,19318008,limones (guapi - cauca),2021,9,7729,3452,58.97,jueves,2021-09-02 18:00:00,9.19,guapi
19,cauca,19318,guapi,19318013,san antonio de guajuí (guapi - cauca),2021,9,8896,3861,47.33,miércoles,2021-09-15 18:45:00,7.42,guapi
19,cauca,19418,lópez (micay),19418033,boca grande (lópez (micay) - cauca),2021,9,4195,859,29.84,martes,2021-09-21 18:45:00,5.54,lópez de micay
19,cauca,19418,lópez (micay),19418011,dos quebradas río naya (lópez de micay - cauca),2021,9,2874,1215,31.55,lunes,2021-09-20 18:30:00,3.46,lópez de micay
19,cauca,19418,lópez (micay),19418038,isla de gallo (lópez de micay - cauca),2021,9,3573,1572,26.4,sábado,2021-09-18 18:30:00,5.48,lópez de micay
19,cauca,19418,lópez (micay),19418007,la concha - concepción naya (lopez (micay) - cauca),2021,9,2518,462,15.16,viernes,2021-09-10 19:45:00,6.45,lópez de micay
19,cauca,19418,lópez (micay),19418012,san antonio de chuaré (lópez de micay - cauca),2021,9,8156,2975,52.03,viernes,2021-09-17 18:45:00,6.37,lópez de micay
19,cauca,19418,lópez (micay),19418015,san isidro (lópez de micay - cauca),2021,9,776,333,5.63,viernes,2021-09-17 17:30:00,5.53,lópez de micay
19,cauca,19418,lópez (micay),19418019,zaragoza (lopez de micay - cauca),2021,9,4090,1786,52.58,domingo,2021-09-19 19:15:00,3.21,lópez de micay
19,cauca,19809,timbiquí,19809014,chacón (timbiquí - cauca),2021,9,38,6,14.56,jueves,2021-09-09 15:00:00,0.06,timbiquí
19,cauca,19809,timbiquí,19809010,comunidad de chete (timbiquí - cauca),2021,9,5737,2711,31.78,lunes,2021-09-06 20:00:00,7.41,timbiquí
19,cauca,19809,timbiquí,19809003,coteje (timbiquí - cauca),2021,9,7108,4204,33.68,miércoles,2021-09-22 19:30:00,8.3,timbiquí
19,cauca,19809,timbiquí,19809007,san josé (timbiquí - cauca),2021,9,7793,5400,38.52,sábado,2021-09-18 20:15:00,8.03,timbiquí
19,cauca,19809,timbiquí,19809008,santa maría (timbiquí - cauca),2021,9,14985,6470,65.54,jueves,2021-09-02 19:45:00,9.23,timbiquí
19,cauca,19809,timbiquí,19809009,santa rosa de saija (timbiquí - cauca),2021,9,5154,3102,27.17,martes,2021-09-07 19:15:00,8.36,timbiquí
27,chocó,27006,acandí,27006000,acandí (acandí - chocó),2021,9,555951,214374,1232.88,viernes,2021-09-17 21:00:00,19.33,acandí
27,chocó,27006,acandí,27006003,capurganá (acandí - choco),2021,9,284499,111601,708.22,viernes,2021-09-17 21:15:00,19.26,acandí
27,chocó,27006,acandí,27006007,san francisco (acandí - chocó),2021,9,21444,7742,120.43,domingo,2021-09-26 20:15:00,7.44,acandí
27,chocó,27025,alto baudó (pie de pato),27025000,ciudad baudó - pie de pato (alto baudó - chocó),2021,9,47784,15047,113.08,miércoles,2021-09-08 19:30:00,23.57,alto baudó (pie de pato)
27,chocó,27075,bahía solano (mutis),27075000,ciudad mutis (bahía solano - chocó),2021,9,670181,241618,1371.92,sábado,2021-09-25 23:30:00,23.57,bahía solano (mutis)
27,chocó,27075,bahía solano (mutis),27075001,cupica (bahía solano - chocó),2021,9,61966,22999,135.18,martes,2021-09-07 19:15:00,24.0,bahía solano (mutis)
27,chocó,27075,bahía solano (mutis),27075002,el valle (bahía solano - chocó),2021,9,149526,65553,327.62,jueves,2021-09-02 19:15:00,23.48,bahía solano (mutis)
27,chocó,27077,bajo baudó (pizarro),27077011,piliza (bajo baudó (pizarro) - chocó),2021,9,5440,6529,32.0,sábado,2021-09-25 18:30:00,7.32,bajo baudó (pizarro)
27,chocó,27077,bajo baudó (pizarro),27077000,pizarro (bajo baudó (pizarro) - chocó),2021,9,198443,96052,396.53,viernes,2021-09-10 19:15:00,23.21,bajo baudó (pizarro)
27,chocó,27099,bojayá (bellavista),27099000,bellavista (bojayá (bellavista) - chocó),2021,9,96786,28380,231.07,lunes,2021-09-06 19:45:00,18.0,bojayá (bellavista)
27,chocó,27099,bojayá (bellavista),27099002,la loma de bojayá (bojayá (bellavista) - chocó),2021,9,10188,4506,60.8,sábado,2021-09-18 19:45:00,7.36,bojayá (bellavista)
27,chocó,27099,bojayá (bellavista),27099005,napipí (bojayá (bellavista) - chocó),2021,9,5946,1558,60.8,domingo,2021-09-12 18:30:00,3.41,bojayá (bellavista)
27,chocó,27099,bojayá (bellavista),27099008,puerto conto (bojayá (bellavista) - choco),2021,9,10991,3086,72.0,viernes,2021-09-03 18:45:00,6.2,bojayá (bellavista)
27,chocó,27250,el litoral del san juan,27250000,santa genoveva de docordó (el litoral del san juan - chocó),2021,9,50714,29070,152.2,viernes,2021-09-03 00:45:00,18.48,el litoral del san juan
27,chocó,27372,juradó,27372000,juradó (juradó - chocó),2021,9,157094,71722,289.12,lunes,2021-09-20 19:15:00,23.57,juradó
27,chocó,27425,medio atrato (beté),27425000,beté (medio atrato (beté) - chocó),2021,9,15956,9568,56.0,jueves,2021-09-30 19:30:00,12.31,medio atrato (beté)
27,chocó,27425,medio atrato (beté),27425008,san roque (medio atrato (beté) - chocó),2021,9,2148,611,27.1,miércoles,2021-09-01 19:30:00,3.09,medio atrato (beté)
27,chocó,27495,nuquí,27495001,arusí (nuquí - choco),2021,9,9379,4585,44.8,lunes,2021-09-06 19:30:00,8.45,nuquí
27,chocó,27495,nuquí,27495912,comunidad indígena de panguí - el yucal (nuquí - chocó),2021,9,6811,1707,11.4,lunes,2021-09-06 19:00:00,22.18,nuquí
27,chocó,27495,nuquí,27495000,nuquí (nuquí - chocó),2021,9,241075,74436,501.25,viernes,2021-09-17 19:15:00,24.0,nuquí
27,chocó,27495,nuquí,27495011,puerto jagua (nuquí - chocó),2021,9,671,559,5.02,miércoles,2021-09-22 18:45:00,7.0,nuquí
27,chocó,27001,quibdó,27001029,tagachi (quibdó - chocó),2021,9,7785,2827,42.22,sábado,2021-09-25 13:45:00,7.37,quibdó
27,chocó,27800,unguía,27800001,balboa (unguía - chocó),2021,9,21460,8135,91.04,sábado,2021-09-04 20:15:00,9.54,unguía
27,chocó,27800,unguía,27800005,titumate (unguía - chocó),2021,9,20480,6066,94.86,domingo,2021-09-12 19:00:00,10.34,unguía
27,chocó,27800,unguía,27800000,unguía (unguía - chocó),2021,9,411202,144187,927.17,viernes,2021-09-03 13:45:00,21.38,unguía
94,guainía,94001,inírida,94001000,inírida (inírida - guainía),2021,9,1644339,536099,3282.4,jueves,2021-09-02 15:15:00,23.53,inírida
95,guaviare,95200,miraflores,95200000,miraflores (miraflores - guaviare),2021,9,77896,28647,196.68,lunes,2021-09-13 18:45:00,19.17,miraflores
44,la guajira,44847,uribia,44847012,nazareth (uribia - la guajira),2021,9,71218,22324,297.96,jueves,2021-09-02 19:00:00,13.24,uribia
47,magdalena,47189,ciénaga,47189018,palmor (ciénaga - magdalena),2021,9,84503,30837,187.39,sábado,2021-09-18 18:45:00,21.44,ciénaga
50,meta,50325,mapiripán,50325000,mapiripán (mapiripán - meta),2021,9,157120,61697,320.76,jueves,2021-09-09 18:45:00,23.58,mapiripán
52,nariño,52250,el charco,52250016,alterón (uribe uribe) (el charco - nariño),2021,9,1133,219,14.23,martes,2021-09-07 17:45:00,5.16,el charco
52,nariño,52250,el charco,52250023,bazán (el charco - nariño),2021,9,9806,6036,100.8,sábado,2021-09-18 19:00:00,3.52,el charco
52,nariño,52250,el charco,52250003,bolívar - san pedro (el charco - nariño),2021,9,3516,2167,22.82,jueves,2021-09-16 19:30:00,5.57,el charco
52,nariño,52250,el charco,52250022,el cuil pueblo nuevo (el charco - nariño),2021,9,5054,6476,30.41,domingo,2021-09-12 18:45:00,6.28,el charco
52,nariño,52250,el charco,52250005,las mercedes (el charco - nariño),2021,9,2034,759,13.22,viernes,2021-09-10 20:00:00,6.3,el charco
52,nariño,52250,el charco,52250007,san josé del tapaje (el charco - nariño),2021,9,16044,4250,88.0,sábado,2021-09-18 18:45:00,8.0,el charco
52,nariño,52520,francisco pizarro,52520013,san pedro del vino (francisco pizarro - nariño),2021,9,4073,2024,29.31,miércoles,2021-09-01 19:30:00,6.08,francisco pizarro
52,nariño,52390,la tola,52390005,aguacatal (la tola - nariño),2021,9,2088,468,12.16,miércoles,2021-09-22 16:45:00,7.1,la tola
52,nariño,52390,la tola,52390003,la vigía de la mar (la tola - nariño),2021,9,5970,2647,28.16,sábado,2021-09-11 23:30:00,9.45,la tola
52,nariño,52390,la tola,52390009,mulatos (la tola - nariño),2021,9,4026,3335,37.79,lunes,2021-09-27 18:45:00,5.42,la tola
52,nariño,52390,la tola,52390016,san pablo del mar (la tola - nariño),2021,9,4675,1318,29.57,sábado,2021-09-18 18:45:00,6.42,la tola
52,nariño,52490,olaya herrera,52490913,boca de prieta (olaya herrera - nariño),2021,9,3466,847,18.89,jueves,2021-09-30 19:15:00,7.06,olaya herrera
52,nariño,52835,san andrés de tumaco,52835055,bocas de curay (tumaco - nariño),2021,9,8557,2698,55.2,miércoles,2021-09-29 18:15:00,6.59,san andrés de tumaco
52,nariño,52835,san andrés de tumaco,52835016,pital de la costa (tumaco - nariño),2021,9,12194,6995,96.0,sábado,2021-09-18 13:00:00,5.24,san andrés de tumaco
52,nariño,52835,san andrés de tumaco,52835217,san juan de la costa (san andrés de tumaco - nariño),2021,9,23581,8294,147.2,sábado,2021-09-18 18:45:00,7.45,san andrés de tumaco
52,nariño,52696,santa bárbara (iscuandé),52696014,la ensenada (santa bárbara (iscuandé) - nariño),2021,9,2664,1037,16.54,jueves,2021-09-30 19:15:00,6.24,santa bárbara (iscuandé)
52,nariño,52696,santa bárbara (iscuandé),52696022,secadero (santa bárbara (iscuandé) - nariño),2021,9,2813,2084,13.49,viernes,2021-09-10 18:30:00,8.5,santa bárbara (iscuandé)
86,putumayo,86573,puerto leguízamo,86573009,piñuña negro (puerto leguízamo - putumayo),2021,9,3863,2238,25.6,lunes,2021-09-27 19:00:00,6.49,puerto leguízamo
86,putumayo,86573,puerto leguízamo,86573000,puerto leguízamo (puerto leguízamo - putumayo),2021,9,938441,362606,1975.69,lunes,2021-09-27 15:15:00,24.0,puerto leguízamo
76,valle del cauca,76109,buenaventura,76109032,san francisco naya (buenaventura - valle del cauca),2021,9,5735,3014,33.89,sábado,2021-09-18 00:00:00,7.39,buenaventura
97,vaupés,97001,mitú,97001000,mitú (mitú - vaupés),2021,9,1296787,397946,2765.64,lunes,2021-09-06 00:00:00,23.57,mitú
97,vaupés,97666,taraira,97666000,taraira (taraira - vaupés),2021,9,32757,10214,133.76,martes,2021-09-14 00:30:00,11.12,taraira
99,vichada,99773,cumaribo,99773000,cumaribo (cumaribo - vichada),2021,9,313026,129260,704.0,lunes,2021-09-20 14:45:00,23.59,cumaribo
99,vichada,99524,la primavera,99524000,la primavera (la primavera - vichada),2021,9,314855,138177,623.59,jueves,2021-09-02 18:15:00,23.49,la primavera
99,vichada,99001,puerto carreño,99001002,casuarito (puerto carreño - vichada),2021,9,25753,9700,117.74,jueves,2021-09-09 18:45:00,9.12,puerto carreño
99,vichada,99001,puerto carreño,99001000,puerto carreño (puerto carreño - vichada),2021,9,2273788,757876,4409.68,jueves,2021-09-02 14:30:00,24.0,puerto carreño
99,vichada,99624,santa rosalía,99624000,santa rosalía (santa rosalía - vichada),2021,9,135039,69389,343.97,lunes,2021-09-20 18:45:00,18.9,santa rosalía
91,amazonas,91001,leticia,91001000,leticia (leticia - amazonas),2021,10,3944821,1212683,7894.22,viernes,2021-10-15 14:30:00,23.59,leticia
91,amazonas,91540,puerto nariño,91540000,puerto nariño (puerto nariño - amazonas),2021,10,110001,40089,225.81,jueves,2021-10-07 18:15:00,24.0,puerto nariño
91,amazonas,91798,tarapacá (anm),91798000,tarapacá (tarapacá (anm) - amazonas),2021,10,24608,11094,93.62,viernes,2021-10-15 18:45:00,10.17,tarapacá (anm)
05,antioquia,05873,vigía del fuerte,05873002,vegáez (vigía del fuerte - antioquia),2021,10,5006,500,37.02,sábado,2021-10-23 19:45:00,7.0,vigía del fuerte
05,antioquia,05873,vigía del fuerte,05873000,vigía del fuerte (vigía del fuerte - antioquia),2021,10,64864,24729,330.53,jueves,2021-10-28 20:30:00,7.31,vigía del fuerte
88,"archipiélago de san andrés, providencia y santa catalina",88564,providencia,88564000,providencia (providencia - archipiélago de san andrés y providencia),2021,10,1103164,291374,1805.1,jueves,2021-10-28 22:00:00,24.0,providencia
88,"archipiélago de san andrés, providencia y santa catalina",88001,san andrés,88001000,san andrés (san andrés - archipiélago de san andrés y providencia),2021,10,18448579,4936520,30671.25,viernes,2021-10-29 15:30:00,24.0,san andrés
13,bolívar,13001,cartagena de indias,13001007,isla fuerte (cartagena de indias - bolívar),2021,10,16314,8875,134.27,domingo,2021-10-31 15:00:00,4.52,cartagena de indias
13,bolívar,13001,cartagena de indias,13001037,isla múcura (cartagena de indias - bolívar),2021,10,7190,2522,21.18,lunes,2021-10-18 15:15:00,14.3,cartagena de indias
13,bolívar,13001,cartagena de indias,13001017,santa cruz del islote (cartagena de indias - bolívar),2021,10,20040,7202,52.03,jueves,2021-10-14 21:30:00,16.06,cartagena de indias
18,caquetá,18150,cartagena del chairá,18150001,remolino del caguán (cartagena del chaira - caquetá),2021,10,16823,7085,88.13,sábado,2021-10-23 18:30:00,8.24,cartagena del chairá
18,caquetá,18753,san vicente del caguán,18753002,guacamayas (san vicente del caguán - caquetá),2021,10,12852,6491,39.36,domingo,2021-10-03 19:00:00,17.17,san vicente del caguán
18,caquetá,18753,san vicente del caguán,18753015,guayabal (san vicente del caguán - caquetá),2021,10,7139,3543,42.42,martes,2021-10-26 17:45:00,7.14,san vicente del caguán
18,caquetá,18753,san vicente del caguán,18753009,puerto betania (san vicente del caguán - caquetá),2021,10,5993,2322,46.6,miércoles,2021-10-20 19:00:00,5.39,san vicente del caguán
85,casanare,85430,trinidad,85430001,bocas del pauto (trinidad - casanare),2021,10,12327,6694,91.58,lunes,2021-10-25 19:00:00,5.37,trinidad
19,cauca,19318,guapi,19318008,limones (guapi - cauca),2021,10,8323,3782,36.47,viernes,2021-10-22 18:15:00,9.35,guapi
19,cauca,19318,guapi,19318013,san antonio de guajuí (guapi - cauca),2021,10,10113,4210,47.44,domingo,2021-10-17 20:00:00,8.35,guapi
19,cauca,19418,lópez (micay),19418033,boca grande (lópez (micay) - cauca),2021,10,4429,863,29.48,domingo,2021-10-31 18:30:00,6.05,lópez de micay
19,cauca,19418,lópez (micay),19418011,dos quebradas río naya (lópez de micay - cauca),2021,10,4914,2040,30.4,martes,2021-10-12 18:15:00,6.3,lópez de micay
19,cauca,19418,lópez (micay),19418038,isla de gallo (lópez de micay - cauca),2021,10,3436,1553,24.58,sábado,2021-10-09 19:00:00,5.45,lópez de micay
19,cauca,19418,lópez (micay),19418009,noanamito (lópez de micay - cauca),2021,10,6657,2070,44.0,jueves,2021-10-28 18:30:00,6.22,lópez de micay
19,cauca,19418,lópez (micay),19418012,san antonio de chuaré (lópez de micay - cauca),2021,10,6339,2235,55.26,jueves,2021-10-28 18:45:00,4.43,lópez de micay
19,cauca,19418,lópez (micay),19418015,san isidro (lópez de micay - cauca),2021,10,834,390,5.73,lunes,2021-10-04 18:00:00,6.01,lópez de micay
19,cauca,19418,lópez (micay),19418019,zaragoza (lopez de micay - cauca),2021,10,9358,3864,64.93,sábado,2021-10-09 20:00:00,6.36,lópez de micay
19,cauca,19809,timbiquí,19809014,chacón (timbiquí - cauca),2021,10,2967,694,29.54,domingo,2021-10-17 19:30:00,4.1,timbiquí
19,cauca,19809,timbiquí,19809010,comunidad de chete (timbiquí - cauca),2021,10,5093,2472,34.14,sábado,2021-10-30 19:00:00,5.57,timbiquí
19,cauca,19809,timbiquí,19809003,coteje (timbiquí - cauca),2021,10,5460,3118,34.64,jueves,2021-10-28 19:15:00,5.56,timbiquí
19,cauca,19809,timbiquí,19809007,san josé (timbiquí - cauca),2021,10,7706,5410,37.46,miércoles,2021-10-27 19:30:00,7.47,timbiquí
19,cauca,19809,timbiquí,19809008,santa maría (timbiquí - cauca),2021,10,9591,3958,75.58,viernes,2021-10-15 19:15:00,5.3,timbiquí
19,cauca,19809,timbiquí,19809009,santa rosa de saija (timbiquí - cauca),2021,10,4002,2418,22.56,sábado,2021-10-02 22:00:00,6.49,timbiquí
27,chocó,27006,acandí,27006000,acandí (acandí - chocó),2021,10,550551,211845,1261.04,martes,2021-10-19 19:15:00,19.6,acandí
27,chocó,27006,acandí,27006003,capurganá (acandí - choco),2021,10,341968,125983,894.78,domingo,2021-10-17 19:45:00,20.25,acandí
27,chocó,27025,alto baudó (pie de pato),27025000,ciudad baudó - pie de pato (alto baudó - chocó),2021,10,48365,14617,115.02,viernes,2021-10-08 00:15:00,23.3,alto baudó (pie de pato)
27,chocó,27075,bahía solano (mutis),27075000,ciudad mutis (bahía solano - chocó),2021,10,680368,247385,1277.32,jueves,2021-10-28 19:00:00,24.0,bahía solano (mutis)
27,chocó,27075,bahía solano (mutis),27075001,cupica (bahía solano - chocó),2021,10,62953,21749,139.34,lunes,2021-10-11 19:00:00,23.28,bahía solano (mutis)
27,chocó,27075,bahía solano (mutis),27075002,el valle (bahía solano - chocó),2021,10,157458,68223,326.57,jueves,2021-10-28 19:00:00,23.53,bahía solano (mutis)
27,chocó,27077,bajo baudó (pizarro),27077905,buenavista (bajo baudó (pizarro) - chocó),2021,10,4990,581,40.29,miércoles,2021-10-06 17:45:00,4.3,bajo baudó (pizarro)
27,chocó,27077,bajo baudó (pizarro),27077011,piliza (bajo baudó (pizarro) - chocó),2021,10,5670,6342,32.0,sábado,2021-10-02 19:45:00,7.1,bajo baudó (pizarro)
27,chocó,27077,bajo baudó (pizarro),27077000,pizarro (bajo baudó (pizarro) - chocó),2021,10,212097,102147,389.14,sábado,2021-10-16 19:00:00,23.59,bajo baudó (pizarro)
27,chocó,27099,bojayá (bellavista),27099000,bellavista (bojayá (bellavista) - chocó),2021,10,100361,28454,236.05,jueves,2021-10-28 19:00:00,17.43,bojayá (bellavista)
27,chocó,27099,bojayá (bellavista),27099002,la loma de bojayá (bojayá (bellavista) - chocó),2021,10,11785,5930,64.0,miércoles,2021-10-13 19:30:00,8.35,bojayá (bellavista)
27,chocó,27099,bojayá (bellavista),27099005,napipí (bojayá (bellavista) - chocó),2021,10,7662,2113,60.8,sábado,2021-10-30 21:30:00,4.49,bojayá (bellavista)
27,chocó,27250,el litoral del san juan,27250000,santa genoveva de docordó (el litoral del san juan - chocó),2021,10,51775,29429,156.82,martes,2021-10-12 21:30:00,18.35,el litoral del san juan
27,chocó,27372,juradó,27372000,juradó (juradó - chocó),2021,10,163233,71738,290.08,jueves,2021-10-28 20:15:00,24.0,juradó
27,chocó,27425,medio atrato (beté),27425000,beté (medio atrato (beté) - chocó),2021,10,16522,10113,60.0,lunes,2021-10-11 19:00:00,12.33,medio atrato (beté)
27,chocó,27495,nuquí,27495912,comunidad indígena de panguí - el yucal (nuquí - chocó),2021,10,8207,1799,11.25,lunes,2021-10-11 23:15:00,23.46,nuquí
27,chocó,27495,nuquí,27495000,nuquí (nuquí - chocó),2021,10,249402,75889,479.07,miércoles,2021-10-13 19:30:00,24.0,nuquí
27,chocó,27495,nuquí,27495011,puerto jagua (nuquí - chocó),2021,10,996,755,4.7,domingo,2021-10-17 19:45:00,9.38,nuquí
27,chocó,27001,quibdó,27001029,tagachi (quibdó - chocó),2021,10,9699,3527,42.34,domingo,2021-10-24 19:30:00,9.06,quibdó
27,chocó,27800,unguía,27800001,balboa (unguía - chocó),2021,10,22124,8431,89.79,jueves,2021-10-07 21:00:00,9.59,unguía
27,chocó,27800,unguía,27800005,titumate (unguía - chocó),2021,10,19142,5428,93.54,viernes,2021-10-08 19:00:00,9.16,unguía
27,chocó,27800,unguía,27800000,unguía (unguía - chocó),2021,10,432673,151105,913.97,domingo,2021-10-24 20:00:00,22.0,unguía
94,guainía,94343,barrancominas,94343000,barrancominas (barrancominas - guainía),2021,10,69451,24460,214.33,jueves,2021-10-14 18:30:00,15.25,barrancominas
94,guainía,94001,inírida,94001000,inírida (inírida - guainía),2021,10,1779424,583191,3419.68,jueves,2021-10-14 17:45:00,24.0,inírida
95,guaviare,95200,miraflores,95200000,miraflores (miraflores - guaviare),2021,10,82653,30237,192.72,jueves,2021-10-21 18:30:00,19.1,miraflores
44,la guajira,44847,uribia,44847012,nazareth (uribia - la guajira),2021,10,60853,16581,264.84,martes,2021-10-26 18:15:00,11.35,uribia
47,magdalena,47189,ciénaga,47189018,palmor (ciénaga - magdalena),2021,10,96684,35992,179.78,martes,2021-10-12 00:30:00,23.3,ciénaga
50,meta,50325,mapiripán,50325000,mapiripán (mapiripán - meta),2021,10,167930,65062,348.92,jueves,2021-10-14 18:00:00,23.46,mapiripán
52,nariño,52250,el charco,52250016,alterón (uribe uribe) (el charco - nariño),2021,10,1401,275,8.78,viernes,2021-10-29 19:00:00,6.02,el charco
52,nariño,52250,el charco,52250023,bazán (el charco - nariño),2021,10,18786,11821,100.8,sábado,2021-10-30 18:45:00,7.27,el charco
52,nariño,52250,el charco,52250003,bolívar - san pedro (el charco - nariño),2021,10,3887,2545,21.95,lunes,2021-10-18 19:30:00,6.34,el charco
52,nariño,52250,el charco,52250022,el cuil pueblo nuevo (el charco - nariño),2021,10,5885,7760,30.18,sábado,2021-10-23 18:15:00,7.28,el charco
52,nariño,52250,el charco,52250005,las mercedes (el charco - nariño),2021,10,1981,608,12.83,viernes,2021-10-01 21:00:00,6.14,el charco
52,nariño,52250,el charco,52250007,san josé del tapaje (el charco - nariño),2021,10,15568,4320,80.0,domingo,2021-10-31 13:15:00,7.51,el charco
52,nariño,52520,francisco pizarro,52520013,san pedro del vino (francisco pizarro - nariño),2021,10,3698,1842,27.46,viernes,2021-10-29 19:15:00,5.4,francisco pizarro
52,nariño,52390,la tola,52390005,aguacatal (la tola - nariño),2021,10,1670,416,11.95,jueves,2021-10-21 18:30:00,5.32,la tola
52,nariño,52390,la tola,52390003,la vigía de la mar (la tola - nariño),2021,10,6619,2859,30.0,miércoles,2021-10-06 23:15:00,10.1,la tola
52,nariño,52390,la tola,52390009,mulatos (la tola - nariño),2021,10,2491,1489,36.61,lunes,2021-10-04 18:30:00,3.31,la tola
52,nariño,52390,la tola,52390016,san pablo del mar (la tola - nariño),2021,10,4906,1381,30.05,sábado,2021-10-02 19:15:00,6.48,la tola
52,nariño,52490,olaya herrera,52490913,boca de prieta (olaya herrera - nariño),2021,10,3807,1027,1968.0,jueves,2021-10-14 15:15:00,7.21,olaya herrera
52,nariño,52835,san andrés de tumaco,52835055,bocas de curay (tumaco - nariño),2021,10,9440,2821,57.6,domingo,2021-10-31 23:45:00,7.29,san andrés de tumaco
52,nariño,52835,san andrés de tumaco,52835016,pital de la costa (tumaco - nariño),2021,10,12205,6959,92.0,miércoles,2021-10-06 19:00:00,5.38,san andrés de tumaco
52,nariño,52835,san andrés de tumaco,52835217,san juan de la costa (san andrés de tumaco - nariño),2021,10,17961,6334,137.6,jueves,2021-10-07 18:30:00,5.44,san andrés de tumaco
52,nariño,52696,santa bárbara (iscuandé),52696014,la ensenada (santa bárbara (iscuandé) - nariño),2021,10,2719,1134,16.7,miércoles,2021-10-20 19:45:00,6.15,santa bárbara (iscuandé)
52,nariño,52696,santa bárbara (iscuandé),52696022,secadero (santa bárbara (iscuandé) - nariño),2021,10,3080,2233,12.94,sábado,2021-10-30 00:15:00,9.51,santa bárbara (iscuandé)
86,putumayo,86573,puerto leguízamo,86573009,piñuña negro (puerto leguízamo - putumayo),2021,10,4256,2501,28.8,sábado,2021-10-23 18:30:00,7.03,puerto leguízamo
86,putumayo,86573,puerto leguízamo,86573000,puerto leguízamo (puerto leguízamo - putumayo),2021,10,999016,389395,2167.0,jueves,2021-10-14 14:30:00,23.45,puerto leguízamo
76,valle del cauca,76109,buenaventura,76109032,san francisco naya (buenaventura - valle del cauca),2021,10,6084,3540,32.13,sábado,2021-10-30 23:45:00,7.45,buenaventura
97,vaupés,97161,carurú,97161000,carurú (carurú - vaupés),2021,10,20535,3710,77.26,viernes,2021-10-22 18:30:00,12.21,carurú
97,vaupés,97001,mitú,97001000,mitú (mitú - vaupés),2021,10,1366845,415274,2809.6,jueves,2021-10-14 23:45:00,24.0,mitú
97,vaupés,97666,taraira,97666000,taraira (taraira - vaupés),2021,10,22286,6711,133.85,martes,2021-10-19 00:30:00,7.25,taraira
99,vichada,99773,cumaribo,99773000,cumaribo (cumaribo - vichada),2021,10,342503,141923,721.6,viernes,2021-10-15 14:30:00,24.0,cumaribo
99,vichada,99524,la primavera,99524000,la primavera (la primavera - vichada),2021,10,334634,146934,636.71,viernes,2021-10-15 19:45:00,23.54,la primavera
99,vichada,99001,puerto carreño,99001002,casuarito (puerto carreño - vichada),2021,10,25408,9467,122.85,jueves,2021-10-28 19:00:00,8.41,puerto carreño
99,vichada,99001,puerto carreño,99001000,puerto carreño (puerto carreño - vichada),2021,10,2451986,812783,4664.0,lunes,2021-10-04 13:30:00,23.59,puerto carreño
99,vichada,99624,santa rosalía,99624000,santa rosalía (santa rosalía - vichada),2021,10,144935,72513,396.1,viernes,2021-10-15 18:45:00,17.28,santa rosalía
91,amazonas,91001,leticia,91001000,leticia (leticia - amazonas),2021,11,3823218,1160411,7531.4,miércoles,2021-11-03 15:00:00,24.0,leticia
91,amazonas,91540,puerto nariño,91540000,puerto nariño (puerto nariño - amazonas),2021,11,109712,38533,228.27,viernes,2021-11-26 19:15:00,23.58,puerto nariño
91,amazonas,91798,tarapacá (anm),91798000,tarapacá (tarapacá (anm) - amazonas),2021,11,24076,11003,89.96,viernes,2021-11-26 18:30:00,10.21,tarapacá (anm)
05,antioquia,05873,vigía del fuerte,05873002,vegáez (vigía del fuerte - antioquia),2021,11,3965,495,36.32,martes,2021-11-23 18:30:00,5.44,vigía del fuerte
05,antioquia,05873,vigía del fuerte,05873000,vigía del fuerte (vigía del fuerte - antioquia),2021,11,65658,25385,330.88,martes,2021-11-09 18:30:00,7.53,vigía del fuerte
88,"archipiélago de san andrés, providencia y santa catalina",88564,providencia,88564000,providencia (providencia - archipiélago de san andrés y providencia),2021,11,1034784,275967,1767.29,viernes,2021-11-05 20:15:00,24.0,providencia
88,"archipiélago de san andrés, providencia y santa catalina",88001,san andrés,88001000,san andrés (san andrés - archipiélago de san andrés y providencia),2021,11,17286561,4695528,29708.78,martes,2021-11-02 15:30:00,24.0,san andrés
13,bolívar,13001,cartagena de indias,13001007,isla fuerte (cartagena de indias - bolívar),2021,11,14532,7927,135.77,domingo,2021-11-14 00:00:00,4.41,cartagena de indias
13,bolívar,13001,cartagena de indias,13001037,isla múcura (cartagena de indias - bolívar),2021,11,6776,2469,22.72,domingo,2021-11-14 00:15:00,14.13,cartagena de indias
13,bolívar,13001,cartagena de indias,13001017,santa cruz del islote (cartagena de indias - bolívar),2021,11,19273,6881,50.66,martes,2021-11-09 21:45:00,14.5,cartagena de indias
18,caquetá,18150,cartagena del chairá,18150001,remolino del caguán (cartagena del chaira - caquetá),2021,11,16425,6853,87.63,sábado,2021-11-13 18:15:00,8.14,cartagena del chairá
18,caquetá,18753,san vicente del caguán,18753002,guacamayas (san vicente del caguán - caquetá),2021,11,9164,3854,39.34,sábado,2021-11-27 19:15:00,12.37,san vicente del caguán
18,caquetá,18753,san vicente del caguán,18753015,guayabal (san vicente del caguán - caquetá),2021,11,5573,2721,41.58,sábado,2021-11-20 18:15:00,5.47,san vicente del caguán
18,caquetá,18753,san vicente del caguán,18753009,puerto betania (san vicente del caguán - caquetá),2021,11,5542,2080,47.6,viernes,2021-11-12 18:15:00,5.17,san vicente del caguán
85,casanare,85430,trinidad,85430001,bocas del pauto (trinidad - casanare),2021,11,13748,7698,88.64,lunes,2021-11-15 18:30:00,6.25,trinidad
19,cauca,19318,guapi,19318008,limones (guapi - cauca),2021,11,8593,3789,41.18,martes,2021-11-09 17:00:00,9.42,guapi
19,cauca,19318,guapi,19318013,san antonio de guajuí (guapi - cauca),2021,11,9404,3897,45.89,domingo,2021-11-21 19:15:00,9.11,guapi
19,cauca,19418,lópez (micay),19418033,boca grande (lópez (micay) - cauca),2021,11,4101,808,29.72,martes,2021-11-30 18:30:00,5.56,lópez de micay
19,cauca,19418,lópez (micay),19418011,dos quebradas río naya (lópez de micay - cauca),2021,11,5485,2173,31.87,martes,2021-11-02 17:15:00,7.23,lópez de micay
19,cauca,19418,lópez (micay),19418038,isla de gallo (lópez de micay - cauca),2021,11,2969,1187,24.48,sábado,2021-11-06 19:15:00,5.2,lópez de micay
19,cauca,19418,lópez (micay),19418009,noanamito (lópez de micay - cauca),2021,11,6520,1917,44.0,sábado,2021-11-13 19:15:00,6.16,lópez de micay
19,cauca,19418,lópez (micay),19418012,san antonio de chuaré (lópez de micay - cauca),2021,11,6479,2281,56.96,martes,2021-11-02 18:30:00,4.49,lópez de micay
19,cauca,19418,lópez (micay),19418015,san isidro (lópez de micay - cauca),2021,11,832,396,5.86,martes,2021-11-09 17:30:00,6.17,lópez de micay
19,cauca,19418,lópez (micay),19418019,zaragoza (lopez de micay - cauca),2021,11,6325,2653,57.28,martes,2021-11-02 19:00:00,5.03,lópez de micay
19,cauca,19809,timbiquí,19809014,chacón (timbiquí - cauca),2021,11,4588,1137,29.46,domingo,2021-11-14 18:45:00,6.39,timbiquí
19,cauca,19809,timbiquí,19809010,comunidad de chete (timbiquí - cauca),2021,11,5405,2678,33.79,martes,2021-11-30 18:30:00,6.35,timbiquí
19,cauca,19809,timbiquí,19809003,coteje (timbiquí - cauca),2021,11,6493,3956,35.16,domingo,2021-11-28 19:00:00,7.19,timbiquí
19,cauca,19809,timbiquí,19809007,san josé (timbiquí - cauca),2021,11,7362,4794,38.35,sábado,2021-11-13 19:45:00,7.21,timbiquí
19,cauca,19809,timbiquí,19809008,santa maría (timbiquí - cauca),2021,11,12559,4990,69.5,sábado,2021-11-27 19:00:00,7.18,timbiquí
19,cauca,19809,timbiquí,19809009,santa rosa de saija (timbiquí - cauca),2021,11,3804,2234,23.57,martes,2021-11-02 19:00:00,6.27,timbiquí
27,chocó,27006,acandí,27006000,acandí (acandí - chocó),2021,11,546662,207743,1229.36,jueves,2021-11-11 19:15:00,20.8,acandí
27,chocó,27025,alto baudó (pie de pato),27025000,ciudad baudó - pie de pato (alto baudó - chocó),2021,11,47086,14330,113.7,lunes,2021-11-01 00:00:00,23.59,alto baudó (pie de pato)
27,chocó,27075,bahía solano (mutis),27075000,ciudad mutis (bahía solano - chocó),2021,11,638416,235410,1203.4,martes,2021-11-16 19:00:00,23.59,bahía solano (mutis)
27,chocó,27075,bahía solano (mutis),27075001,cupica (bahía solano - chocó),2021,11,61967,21137,135.35,jueves,2021-11-11 19:15:00,24.0,bahía solano (mutis)
27,chocó,27075,bahía solano (mutis),27075002,el valle (bahía solano - chocó),2021,11,149429,63547,312.05,jueves,2021-11-11 19:00:00,23.48,bahía solano (mutis)
27,chocó,27077,bajo baudó (pizarro),27077011,piliza (bajo baudó (pizarro) - chocó),2021,11,4910,5279,32.0,lunes,2021-11-01 20:15:00,7.07,bajo baudó (pizarro)
27,chocó,27077,bajo baudó (pizarro),27077000,pizarro (bajo baudó (pizarro) - chocó),2021,11,188254,89881,417.12,miércoles,2021-11-17 18:15:00,21.59,bajo baudó (pizarro)
27,chocó,27099,bojayá (bellavista),27099000,bellavista (bojayá (bellavista) - chocó),2021,11,93760,26921,242.36,martes,2021-11-16 19:00:00,17.09,bojayá (bellavista)
27,chocó,27099,bojayá (bellavista),27099002,la loma de bojayá (bojayá (bellavista) - chocó),2021,11,11920,5958,60.8,viernes,2021-11-19 18:45:00,8.59,bojayá (bellavista)
27,chocó,27099,bojayá (bellavista),27099005,napipí (bojayá (bellavista) - chocó),2021,11,9217,2553,60.8,lunes,2021-11-29 18:00:00,5.53,bojayá (bellavista)
27,chocó,27250,el litoral del san juan,27250002,cucurrupí (el litoral del san juan - chocó),2021,11,3091,1020,21.09,sábado,2021-11-27 19:15:00,5.54,el litoral del san juan
27,chocó,27250,el litoral del san juan,27250000,santa genoveva de docordó (el litoral del san juan - chocó),2021,11,55891,34418,143.62,viernes,2021-11-26 00:15:00,22.51,el litoral del san juan
27,chocó,27250,el litoral del san juan,27250914,togoroma playa (el litoral del san juan - chocó),2021,11,1148,19,9.74,viernes,2021-11-05 18:00:00,4.5,el litoral del san juan
27,chocó,27372,juradó,27372000,juradó (juradó - chocó),2021,11,158959,68705,300.64,viernes,2021-11-12 19:00:00,23.56,juradó
27,chocó,27425,medio atrato (beté),27425000,beté (medio atrato (beté) - chocó),2021,11,15747,10162,56.0,miércoles,2021-11-03 19:00:00,12.3,medio atrato (beté)
27,chocó,27495,nuquí,27495912,comunidad indígena de panguí - el yucal (nuquí - chocó),2021,11,7855,1767,11.44,jueves,2021-11-18 15:45:00,23.24,nuquí
27,chocó,27495,nuquí,27495000,nuquí (nuquí - chocó),2021,11,233841,68503,473.79,viernes,2021-11-05 18:45:00,24.0,nuquí
27,chocó,27495,nuquí,27495011,puerto jagua (nuquí - chocó),2021,11,446,242,4.34,jueves,2021-11-25 18:15:00,4.49,nuquí
27,chocó,27001,quibdó,27001029,tagachi (quibdó - chocó),2021,11,9452,3326,43.51,sábado,2021-11-27 13:30:00,9.12,quibdó
27,chocó,27800,unguía,27800001,balboa (unguía - chocó),2021,11,19150,7324,90.54,jueves,2021-11-04 18:45:00,9.18,unguía
27,chocó,27800,unguía,27800005,titumate (unguía - chocó),2021,11,18453,5046,104.9,jueves,2021-11-11 19:30:00,8.46,unguía
27,chocó,27800,unguía,27800000,unguía (unguía - chocó),2021,11,402900,141932,893.9,viernes,2021-11-05 19:15:00,21.54,unguía
94,guainía,94343,barrancominas,94343000,barrancominas (barrancominas - guainía),2021,11,62478,21920,210.84,miércoles,2021-11-17 18:00:00,13.58,barrancominas
94,guainía,94001,inírida,94001000,inírida (inírida - guainía),2021,11,1980076,649948,3845.6,miércoles,2021-11-17 14:15:00,24.0,inírida
95,guaviare,95200,miraflores,95200000,miraflores (miraflores - guaviare),2021,11,84440,31684,199.32,viernes,2021-11-19 18:00:00,19.3,miraflores
44,la guajira,44847,uribia,44847012,nazareth (uribia - la guajira),2021,11,59512,16885,263.38,lunes,2021-11-08 19:00:00,11.43,uribia
47,magdalena,47189,ciénaga,47189018,palmor (ciénaga - magdalena),2021,11,98914,36419,196.22,jueves,2021-11-18 18:30:00,22.41,ciénaga
50,meta,50325,mapiripán,50325000,mapiripán (mapiripán - meta),2021,11,170433,67624,342.76,sábado,2021-11-06 18:30:00,23.42,mapiripán
52,nariño,52250,el charco,52250016,alterón (uribe uribe) (el charco - nariño),2021,11,1388,270,15.41,jueves,2021-11-04 18:15:00,6.28,el charco
52,nariño,52250,el charco,52250023,bazán (el charco - nariño),2021,11,19668,12482,100.8,jueves,2021-11-11 19:30:00,8.09,el charco
52,nariño,52250,el charco,52250007,san josé del tapaje (el charco - nariño),2021,11,15278,4134,80.0,viernes,2021-11-26 18:45:00,7.44,el charco
52,nariño,52520,francisco pizarro,52520013,san pedro del vino (francisco pizarro - nariño),2021,11,4187,2206,29.44,jueves,2021-11-18 19:00:00,6.19,francisco pizarro
52,nariño,52390,la tola,52390005,aguacatal (la tola - nariño),2021,11,2106,522,12.61,miércoles,2021-11-03 18:30:00,7.26,la tola
52,nariño,52390,la tola,52390003,la vigía de la mar (la tola - nariño),2021,11,5853,2524,29.76,viernes,2021-11-12 23:15:00,9.3,la tola
52,nariño,52390,la tola,52390009,mulatos (la tola - nariño),2021,11,4142,1994,34.53,miércoles,2021-11-03 18:15:00,6.27,la tola
52,nariño,52390,la tola,52390016,san pablo del mar (la tola - nariño),2021,11,4697,1349,29.06,domingo,2021-11-07 19:00:00,6.51,la tola
52,nariño,52490,olaya herrera,52490913,boca de prieta (olaya herrera - nariño),2021,11,3322,907,18.74,lunes,2021-11-08 18:30:00,6.45,olaya herrera
52,nariño,52835,san andrés de tumaco,52835055,bocas de curay (tumaco - nariño),2021,11,8589,2549,55.2,domingo,2021-11-07 23:45:00,6.45,san andrés de tumaco
52,nariño,52835,san andrés de tumaco,52835016,pital de la costa (tumaco - nariño),2021,11,17575,9485,88.0,viernes,2021-11-19 13:00:00,8.56,san andrés de tumaco
52,nariño,52835,san andrés de tumaco,52835217,san juan de la costa (san andrés de tumaco - nariño),2021,11,18194,6530,144.0,martes,2021-11-23 18:45:00,6.01,san andrés de tumaco
52,nariño,52696,santa bárbara (iscuandé),52696014,la ensenada (santa bárbara (iscuandé) - nariño),2021,11,1855,633,17.15,viernes,2021-11-26 19:45:00,4.29,santa bárbara (iscuandé)
52,nariño,52696,santa bárbara (iscuandé),52696022,secadero (santa bárbara (iscuandé) - nariño),2021,11,2779,2033,12.96,miércoles,2021-11-03 19:15:00,8.51,santa bárbara (iscuandé)
86,putumayo,86573,puerto leguízamo,86573009,piñuña negro (puerto leguízamo - putumayo),2021,11,3906,2403,28.8,sábado,2021-11-27 20:45:00,6.45,puerto leguízamo
86,putumayo,86573,puerto leguízamo,86573000,puerto leguízamo (puerto leguízamo - putumayo),2021,11,992047,400518,1951.84,martes,2021-11-16 15:15:00,23.53,puerto leguízamo
76,valle del cauca,76109,buenaventura,76109032,san francisco naya (buenaventura - valle del cauca),2021,11,5919,2589,43.94,jueves,2021-11-25 17:45:00,7.43,buenaventura
97,vaupés,97161,carurú,97161000,carurú (carurú - vaupés),2021,11,26121,7678,92.93,jueves,2021-11-18 18:30:00,12.58,carurú
97,vaupés,97001,mitú,97001000,mitú (mitú - vaupés),2021,11,1283068,379678,2720.19,miércoles,2021-11-17 23:45:00,23.03,mitú
97,vaupés,97666,taraira,97666000,taraira (taraira - vaupés),2021,11,29213,9089,125.84,lunes,2021-11-30 00:30:00,10.32,taraira
99,vichada,99773,cumaribo,99773000,cumaribo (cumaribo - vichada),2021,11,331422,137011,696.96,martes,2021-11-16 14:15:00,23.53,cumaribo
99,vichada,99524,la primavera,99524000,la primavera (la primavera - vichada),2021,11,330853,138094,654.19,martes,2021-11-30 18:15:00,23.54,la primavera
99,vichada,99001,puerto carreño,99001002,casuarito (puerto carreño - vichada),2021,11,25865,9443,126.19,martes,2021-11-16 18:15:00,8.45,puerto carreño
99,vichada,99001,puerto carreño,99001000,puerto carreño (puerto carreño - vichada),2021,11,2457318,801104,4497.68,jueves,2021-11-04 13:45:00,24.0,puerto carreño
99,vichada,99624,santa rosalía,99624000,santa rosalía (santa rosalía - vichada),2021,11,150513,75590,391.68,martes,2021-11-16 18:30:00,18.15,santa rosalía
91,amazonas,91001,leticia,91001000,leticia (leticia - amazonas),2021,12,3879570,1172569,7428.24,lunes,2021-12-13 15:00:00,24.0,leticia
91,amazonas,91540,puerto nariño,91540000,puerto nariño (puerto nariño - amazonas),2021,12,114582,39961,221.41,lunes,2021-12-27 19:00:00,24.0,puerto nariño
91,amazonas,91798,tarapacá (anm),91798000,tarapacá (tarapacá (anm) - amazonas),2021,12,24153,10613,90.46,jueves,2021-12-02 15:30:00,10.15,tarapacá (anm)
05,antioquia,05873,vigía del fuerte,05873002,vegáez (vigía del fuerte - antioquia),2021,12,3721,429,51.14,jueves,2021-12-23 19:00:00,5.05,vigía del fuerte
88,"archipiélago de san andrés, providencia y santa catalina",88564,providencia,88564000,providencia (providencia - archipiélago de san andrés y providencia),2021,12,1000207,268745,1727.19,lunes,2021-12-06 21:15:00,24.0,providencia
88,"archipiélago de san andrés, providencia y santa catalina",88001,san andrés,88001000,san andrés (san andrés - archipiélago de san andrés y providencia),2021,12,17345299,4825617,28953.4,jueves,2021-12-30 15:45:00,23.59,san andrés
13,bolívar,13001,cartagena de indias,13001007,isla fuerte (cartagena de indias - bolívar),2021,12,14819,8437,184.82,viernes,2021-12-31 22:00:00,5.03,cartagena de indias
13,bolívar,13001,cartagena de indias,13001037,isla múcura (cartagena de indias - bolívar),2021,12,6715,2639,20.64,miércoles,2021-12-09 00:30:00,15.17,cartagena de indias
13,bolívar,13001,cartagena de indias,13001017,santa cruz del islote (cartagena de indias - bolívar),2021,12,13297,4463,34.24,miércoles,2021-12-29 22:00:00,16.36,cartagena de indias
18,caquetá,18150,cartagena del chairá,18150001,remolino del caguán (cartagena del chaira - caquetá),2021,12,18509,9100,93.36,viernes,2021-12-31 18:45:00,8.32,cartagena del chairá
18,caquetá,18150,cartagena del chairá,18150002,santa fe del caguán (cartagena del chaira - caquetá),2021,12,4758,2196,45.12,sábado,2021-12-04 18:15:00,5.01,cartagena del chairá
18,caquetá,18753,san vicente del caguán,18753002,guacamayas (san vicente del caguán - caquetá),2021,12,15996,6347,49.8,viernes,2021-12-31 18:30:00,18.43,san vicente del caguán
18,caquetá,18753,san vicente del caguán,18753015,guayabal (san vicente del caguán - caquetá),2021,12,6968,3531,40.64,lunes,2021-12-06 18:00:00,7.11,san vicente del caguán
18,caquetá,18753,san vicente del caguán,18753009,puerto betania (san vicente del caguán - caquetá),2021,12,6174,2393,48.04,sábado,2021-12-18 18:45:00,5.47,san vicente del caguán
85,casanare,85430,trinidad,85430001,bocas del pauto (trinidad - casanare),2021,12,14236,7725,93.12,viernes,2021-12-31 18:30:00,6.12,trinidad
19,cauca,19318,guapi,19318008,limones (guapi - cauca),2021,12,8928,3931,38.91,jueves,2021-12-30 18:45:00,10.0,guapi
19,cauca,19318,guapi,19318013,san antonio de guajuí (guapi - cauca),2021,12,12223,4838,49.5,jueves,2021-12-30 18:45:00,10.21,guapi
19,cauca,19418,lópez (micay),19418011,dos quebradas río naya (lópez de micay - cauca),2021,12,5160,2184,29.5,miércoles,2021-12-29 18:00:00,7.12,lópez de micay
19,cauca,19418,lópez (micay),19418038,isla de gallo (lópez de micay - cauca),2021,12,3727,1504,23.97,viernes,2021-12-31 19:00:00,6.58,lópez de micay
19,cauca,19418,lópez (micay),19418009,noanamito (lópez de micay - cauca),2021,12,6828,1988,52.0,domingo,2021-12-19 20:30:00,6.36,lópez de micay
19,cauca,19418,lópez (micay),19418012,san antonio de chuaré (lópez de micay - cauca),2021,12,8525,2868,57.79,viernes,2021-12-24 19:30:00,6.1,lópez de micay
19,cauca,19418,lópez (micay),19418015,san isidro (lópez de micay - cauca),2021,12,931,457,6.08,miércoles,2021-12-29 18:45:00,7.06,lópez de micay
19,cauca,19418,lópez (micay),19418019,zaragoza (lopez de micay - cauca),2021,12,7200,2989,51.1,jueves,2021-12-02 19:30:00,5.42,lópez de micay
19,cauca,19809,timbiquí,19809014,chacón (timbiquí - cauca),2021,12,4535,1071,32.46,martes,2021-12-07 18:45:00,6.19,timbiquí
19,cauca,19809,timbiquí,19809010,comunidad de chete (timbiquí - cauca),2021,12,5190,2822,33.09,jueves,2021-12-09 19:30:00,6.21,timbiquí
19,cauca,19809,timbiquí,19809003,coteje (timbiquí - cauca),2021,12,6959,4600,34.92,miércoles,2021-12-08 18:30:00,8.02,timbiquí
19,cauca,19809,timbiquí,19809026,los brazos (timbiquí - cauca),2021,12,8236,1602,44.45,martes,2021-12-07 19:30:00,7.1,timbiquí
19,cauca,19809,timbiquí,19809023,puerto saija (timbiquí - cauca),2021,12,17508,8514,146.96,viernes,2021-12-31 19:00:00,4.47,timbiquí
19,cauca,19809,timbiquí,19809007,san josé (timbiquí - cauca),2021,12,9283,6251,39.36,jueves,2021-12-30 19:45:00,9.33,timbiquí
19,cauca,19809,timbiquí,19809008,santa maría (timbiquí - cauca),2021,12,12877,5113,74.05,viernes,2021-12-31 19:30:00,7.29,timbiquí
19,cauca,19809,timbiquí,19809009,santa rosa de saija (timbiquí - cauca),2021,12,3994,2500,22.2,miércoles,2021-12-01 19:30:00,7.35,timbiquí
27,chocó,27006,acandí,27006000,acandí (acandí - chocó),2021,12,522324,195138,1257.52,viernes,2021-12-31 18:45:00,19.7,acandí
27,chocó,27006,acandí,27006007,san francisco (acandí - chocó),2021,12,22309,6892,118.03,miércoles,2021-12-29 20:15:00,8.27,acandí
27,chocó,27025,alto baudó (pie de pato),27025000,ciudad baudó - pie de pato (alto baudó - chocó),2021,12,45837,14481,106.57,martes,2021-12-08 00:15:00,23.47,alto baudó (pie de pato)
27,chocó,27075,bahía solano (mutis),27075000,ciudad mutis (bahía solano - chocó),2021,12,639792,260790,1248.72,viernes,2021-12-18 00:00:00,24.0,bahía solano (mutis)
27,chocó,27075,bahía solano (mutis),27075001,cupica (bahía solano - chocó),2021,12,67376,24294,158.96,sábado,2021-12-04 20:00:00,24.0,bahía solano (mutis)
27,chocó,27075,bahía solano (mutis),27075002,el valle (bahía solano - chocó),2021,12,161254,65484,356.66,lunes,2021-12-27 18:45:00,23.31,bahía solano (mutis)
27,chocó,27077,bajo baudó (pizarro),27077011,piliza (bajo baudó (pizarro) - chocó),2021,12,7230,6342,32.0,jueves,2021-12-30 19:00:00,10.0,bajo baudó (pizarro)
27,chocó,27077,bajo baudó (pizarro),27077000,pizarro (bajo baudó (pizarro) - chocó),2021,12,212096,99661,394.94,martes,2021-12-07 19:00:00,23.59,bajo baudó (pizarro)
27,chocó,27099,bojayá (bellavista),27099000,bellavista (bojayá (bellavista) - chocó),2021,12,95310,27440,228.08,miércoles,2021-12-15 19:00:00,17.44,bojayá (bellavista)
27,chocó,27099,bojayá (bellavista),27099002,la loma de bojayá (bojayá (bellavista) - chocó),2021,12,11874,5942,57.6,miércoles,2021-12-01 19:00:00,9.08,bojayá (bellavista)
27,chocó,27099,bojayá (bellavista),27099005,napipí (bojayá (bellavista) - chocó),2021,12,8410,2213,64.0,miércoles,2021-12-29 19:45:00,5.13,bojayá (bellavista)
27,chocó,27099,bojayá (bellavista),27099008,puerto conto (bojayá (bellavista) - choco),2021,12,8024,2285,69.6,viernes,2021-12-24 20:00:00,5.11,bojayá (bellavista)
27,chocó,27250,el litoral del san juan,27250002,cucurrupí (el litoral del san juan - chocó),2021,12,2995,1063,32.0,viernes,2021-12-24 13:00:00,4.58,el litoral del san juan
27,chocó,27250,el litoral del san juan,27250000,santa genoveva de docordó (el litoral del san juan - chocó),2021,12,64753,37259,165.0,jueves,2021-12-09 23:00:00,23.26,el litoral del san juan
27,chocó,27250,el litoral del san juan,27250914,togoroma playa (el litoral del san juan - chocó),2021,12,1126,208,10.94,lunes,2021-12-06 18:00:00,5.02,el litoral del san juan
27,chocó,27372,juradó,27372000,juradó (juradó - chocó),2021,12,170787,72659,308.32,jueves,2021-12-09 19:15:00,23.52,juradó
27,chocó,27425,medio atrato (beté),27425000,beté (medio atrato (beté) - chocó),2021,12,15691,10231,56.0,sábado,2021-12-11 19:30:00,12.32,medio atrato (beté)
27,chocó,27425,medio atrato (beté),27425008,san roque (medio atrato (beté) - chocó),2021,12,4173,1301,25.54,viernes,2021-12-24 18:45:00,6.33,medio atrato (beté)
27,chocó,27495,nuquí,27495912,comunidad indígena de panguí - el yucal (nuquí - chocó),2021,12,8167,1892,11.35,lunes,2021-12-20 00:00:00,23.29,nuquí
27,chocó,27495,nuquí,27495000,nuquí (nuquí - chocó),2021,12,259262,89340,511.81,domingo,2021-12-19 19:00:00,23.54,nuquí
27,chocó,27495,nuquí,27495011,puerto jagua (nuquí - chocó),2021,12,809,470,4.7,jueves,2021-12-23 18:45:00,7.17,nuquí
27,chocó,27001,quibdó,27001029,tagachi (quibdó - chocó),2021,12,9949,3488,56.02,jueves,2021-12-30 13:45:00,8.26,quibdó
27,chocó,27800,unguía,27800001,balboa (unguía - chocó),2021,12,20287,8071,84.3,viernes,2021-12-31 18:45:00,9.54,unguía
27,chocó,27800,unguía,27800005,titumate (unguía - chocó),2021,12,18197,4683,100.5,domingo,2021-12-19 19:00:00,8.15,unguía
27,chocó,27800,unguía,27800000,unguía (unguía - chocó),2021,12,424583,147401,855.89,jueves,2021-12-16 21:30:00,22.17,unguía
94,guainía,94343,barrancominas,94343000,barrancominas (barrancominas - guainía),2021,12,71310,24211,187.06,viernes,2021-12-03 19:00:00,16.0,barrancominas
94,guainía,94001,inírida,94001000,inírida (inírida - guainía),2021,12,2002273,666182,3726.8,lunes,2021-12-06 17:45:00,24.0,inírida
95,guaviare,95200,miraflores,95200000,miraflores (miraflores - guaviare),2021,12,88210,32159,193.16,jueves,2021-12-23 18:15:00,19.36,miraflores
44,la guajira,44847,uribia,44847012,nazareth (uribia - la guajira),2021,12,46448,17396,194.88,miércoles,2021-12-01 18:15:00,12.11,uribia
47,magdalena,47189,ciénaga,47189018,palmor (ciénaga - magdalena),2021,12,108744,39858,208.32,martes,2021-12-07 18:30:00,23.23,ciénaga
50,meta,50325,mapiripán,50325000,mapiripán (mapiripán - meta),2021,12,182933,73333,348.48,miércoles,2021-12-22 18:30:00,23.51,mapiripán
52,nariño,52250,el charco,52250016,alterón (uribe uribe) (el charco - nariño),2021,12,1389,251,9.1,sábado,2021-12-18 19:15:00,6.05,el charco
52,nariño,52250,el charco,52250023,bazán (el charco - nariño),2021,12,20899,12895,105.6,viernes,2021-12-10 19:30:00,8.0,el charco
52,nariño,52250,el charco,52250003,bolívar - san pedro (el charco - nariño),2021,12,1843,1402,24.93,viernes,2021-12-24 19:45:00,3.09,el charco
52,nariño,52250,el charco,52250007,san josé del tapaje (el charco - nariño),2021,12,17048,4186,80.0,jueves,2021-12-30 21:45:00,8.29,el charco
52,nariño,52390,la tola,52390005,aguacatal (la tola - nariño),2021,12,2156,497,13.68,domingo,2021-12-19 18:15:00,7.12,la tola
52,nariño,52390,la tola,52390003,la vigía de la mar (la tola - nariño),2021,12,6502,2950,31.52,miércoles,2021-12-08 23:15:00,9.35,la tola
52,nariño,52390,la tola,52390009,mulatos (la tola - nariño),2021,12,4102,1882,38.43,lunes,2021-12-27 18:00:00,5.46,la tola
52,nariño,52390,la tola,52390016,san pablo del mar (la tola - nariño),2021,12,4474,1287,28.67,viernes,2021-12-24 19:45:00,6.29,la tola
52,nariño,52490,olaya herrera,52490913,boca de prieta (olaya herrera - nariño),2021,12,2876,800,19.3,miércoles,2021-12-01 19:30:00,7.31,olaya herrera
52,nariño,52835,san andrés de tumaco,52835055,bocas de curay (tumaco - nariño),2021,12,10189,3188,57.6,viernes,2021-12-24 19:00:00,7.53,san andrés de tumaco
52,nariño,52835,san andrés de tumaco,52835016,pital de la costa (tumaco - nariño),2021,12,18848,10118,84.0,sábado,2021-12-04 00:45:00,9.31,san andrés de tumaco
52,nariño,52835,san andrés de tumaco,52835217,san juan de la costa (san andrés de tumaco - nariño),2021,12,24319,9134,128.0,jueves,2021-12-30 19:00:00,8.22,san andrés de tumaco
52,nariño,52696,santa bárbara (iscuandé),52696014,la ensenada (santa bárbara (iscuandé) - nariño),2021,12,2748,1098,17.44,viernes,2021-12-24 20:00:00,6.25,santa bárbara (iscuandé)
52,nariño,52696,santa bárbara (iscuandé),52696022,secadero (santa bárbara (iscuandé) - nariño),2021,12,2729,1926,13.61,miércoles,2021-12-08 18:45:00,9.01,santa bárbara (iscuandé)
86,putumayo,86573,puerto leguízamo,86573009,piñuña negro (puerto leguízamo - putumayo),2021,12,4492,2941,28.8,sábado,2021-12-25 17:30:00,7.28,puerto leguízamo
76,valle del cauca,76109,buenaventura,76109028,puerto merizalde (buenaventura - valle del cauca),2021,12,58393,19668,188.5,viernes,2021-12-17 20:00:00,13.14,buenaventura
76,valle del cauca,76109,buenaventura,76109032,san francisco naya (buenaventura - valle del cauca),2021,12,4366,2000,31.23,domingo,2021-12-12 00:00:00,5.33,buenaventura
97,vaupés,97161,carurú,97161000,carurú (carurú - vaupés),2021,12,29197,8890,96.98,miércoles,2021-12-01 18:15:00,12.51,carurú
97,vaupés,97001,mitú,97001000,mitú (mitú - vaupés),2021,12,1411146,419135,2828.12,lunes,2021-12-06 23:45:00,24.0,mitú
97,vaupés,97666,taraira,97666000,taraira (taraira - vaupés),2021,12,33243,10338,118.18,lunes,2021-12-27 18:00:00,11.27,taraira
99,vichada,99773,cumaribo,99773000,cumaribo (cumaribo - vichada),2021,12,354309,146964,705.76,lunes,2021-12-13 18:00:00,23.58,cumaribo
99,vichada,99524,la primavera,99524000,la primavera (la primavera - vichada),2021,12,349787,146817,690.6,lunes,2021-12-27 18:15:00,23.54,la primavera
99,vichada,99001,puerto carreño,99001002,casuarito (puerto carreño - vichada),2021,12,38120,14660,107.54,viernes,2021-12-10 19:15:00,14.16,puerto carreño
99,vichada,99001,puerto carreño,99001000,puerto carreño (puerto carreño - vichada),2021,12,2512513,817352,4354.24,lunes,2021-12-06 14:00:00,24.0,puerto carreño
99,vichada,99624,santa rosalía,99624000,santa rosalía (santa rosalía - vichada),2021,12,157971,79928,369.94,miércoles,2021-12-22 18:30:00,18.3,santa rosalía
91,amazonas,91001,leticia,91001000,leticia (leticia - amazonas),2022,1,3835285,1145154,7171.5,miércoles,2022-01-19 15:15:00,24.0,leticia
91,amazonas,91540,puerto nariño,91540000,puerto nariño (puerto nariño - amazonas),2022,1,104004,37309,227.22,miércoles,2022-01-05 19:15:00,23.55,puerto nariño
27,chocó,27372,juradó,27372000,jurado,2025,12,200343,58239,356.0,jueves,2025-12-24 19:30:00,2.393,jurado
91,amazonas,91798,tarapacá (anm),91798000,tarapacá (tarapacá (anm) - amazonas),2022,1,23629,10738,86.8,domingo,2022-01-16 18:00:00,10.24,tarapacá (anm)
05,antioquia,05873,vigía del fuerte,05873002,vegáez (vigía del fuerte - antioquia),2022,1,3438,423,39.71,lunes,2022-01-03 19:30:00,4.23,vigía del fuerte
88,"archipiélago de san andrés, providencia y santa catalina",88564,providencia,88564000,providencia (providencia - archipiélago de san andrés y providencia),2022,1,936385,255183,1561.15,jueves,2022-01-20 21:30:00,24.0,providencia
88,"archipiélago de san andrés, providencia y santa catalina",88001,san andrés,88001000,san andrés (san andrés - archipiélago de san andrés y providencia),2022,1,16784250,4654748,28400.01,lunes,2022-01-03 23:30:00,23.59,san andrés
13,bolívar,13001,cartagena de indias,13001007,isla fuerte (cartagena de indias - bolívar),2022,1,20571,11791,187.32,sábado,2022-01-01 23:15:00,5.23,cartagena de indias
13,bolívar,13001,cartagena de indias,13001037,isla múcura (cartagena de indias - bolívar),2022,1,7048,2701,20.8,miércoles,2022-01-05 14:30:00,16.01,cartagena de indias
13,bolívar,13001,cartagena de indias,13001017,santa cruz del islote (cartagena de indias - bolívar),2022,1,13431,4523,33.38,domingo,2022-01-09 21:45:00,17.24,cartagena de indias
18,caquetá,18150,cartagena del chairá,18150001,remolino del caguán (cartagena del chaira - caquetá),2022,1,16339,8129,89.29,sábado,2022-01-15 19:00:00,7.53,cartagena del chairá
18,caquetá,18150,cartagena del chairá,18150002,santa fe del caguán (cartagena del chaira - caquetá),2022,1,3669,1701,39.92,domingo,2022-01-30 18:45:00,3.56,cartagena del chairá
18,caquetá,18753,san vicente del caguán,18753002,guacamayas (san vicente del caguán - caquetá),2022,1,15105,6256,42.31,domingo,2022-01-02 18:30:00,18.21,san vicente del caguán
18,caquetá,18753,san vicente del caguán,18753009,puerto betania (san vicente del caguán - caquetá),2022,1,6220,2452,51.24,sábado,2022-01-29 19:15:00,5.38,san vicente del caguán
85,casanare,85430,trinidad,85430001,bocas del pauto (trinidad - casanare),2022,1,14414,8102,96.7,jueves,2022-01-06 18:30:00,6.01,trinidad
19,cauca,19318,guapi,19318008,limones (guapi - cauca),2022,1,7662,3177,36.3,jueves,2022-01-13 19:00:00,8.55,guapi
19,cauca,19318,guapi,19318013,san antonio de guajuí (guapi - cauca),2022,1,11541,4806,48.16,viernes,2022-01-07 18:30:00,9.41,guapi
19,cauca,19418,lópez (micay),19418011,dos quebradas río naya (lópez de micay - cauca),2022,1,5401,2361,30.53,martes,2022-01-25 16:15:00,7.34,lópez de micay
19,cauca,19418,lópez (micay),19418038,isla de gallo (lópez de micay - cauca),2022,1,3673,1647,24.35,miércoles,2022-01-05 18:45:00,6.46,lópez de micay
19,cauca,19418,lópez (micay),19418009,noanamito (lópez de micay - cauca),2022,1,6526,1990,44.0,domingo,2022-01-30 19:15:00,6.23,lópez de micay
19,cauca,19418,lópez (micay),19418012,san antonio de chuaré (lópez de micay - cauca),2022,1,8262,2868,61.15,viernes,2022-01-21 18:45:00,5.3,lópez de micay
19,cauca,19418,lópez (micay),19418015,san isidro (lópez de micay - cauca),2022,1,1053,570,6.34,jueves,2022-01-13 19:00:00,7.21,lópez de micay
19,cauca,19418,lópez (micay),19418019,zaragoza (lopez de micay - cauca),2022,1,6137,2391,56.48,domingo,2022-01-23 19:00:00,4.55,lópez de micay
19,cauca,19809,timbiquí,19809014,chacón (timbiquí - cauca),2022,1,2450,616,29.81,jueves,2022-01-13 19:45:00,3.28,timbiquí
19,cauca,19809,timbiquí,19809010,comunidad de chete (timbiquí - cauca),2022,1,4581,2748,31.78,jueves,2022-01-20 19:00:00,5.51,timbiquí
19,cauca,19809,timbiquí,19809003,coteje (timbiquí - cauca),2022,1,5863,4178,33.0,lunes,2022-01-24 18:45:00,7.01,timbiquí
19,cauca,19809,timbiquí,19809026,los brazos (timbiquí - cauca),2022,1,8045,1531,42.34,miércoles,2022-01-19 19:45:00,7.05,timbiquí
19,cauca,19809,timbiquí,19809023,puerto saija (timbiquí - cauca),2022,1,24669,11861,151.54,miércoles,2022-01-19 20:00:00,6.26,timbiquí
19,cauca,19809,timbiquí,19809007,san josé (timbiquí - cauca),2022,1,8205,5676,39.26,lunes,2022-01-31 19:45:00,8.3,timbiquí
19,cauca,19809,timbiquí,19809008,santa maría (timbiquí - cauca),2022,1,13803,5622,71.1,jueves,2022-01-06 18:45:00,7.59,timbiquí
19,cauca,19809,timbiquí,19809009,santa rosa de saija (timbiquí - cauca),2022,1,3882,2566,22.68,miércoles,2022-01-26 18:30:00,7.21,timbiquí
27,chocó,27006,acandí,27006000,acandí (acandí - chocó),2022,1,560845,210349,1107.74,domingo,2022-01-02 20:30:00,21.7,acandí
27,chocó,27006,acandí,27006007,san francisco (acandí - chocó),2022,1,10598,3551,84.82,miércoles,2022-01-05 19:30:00,5.48,acandí
27,chocó,27025,alto baudó (pie de pato),27025000,ciudad baudó - pie de pato (alto baudó - chocó),2022,1,45799,14594,107.89,sábado,2022-01-30 00:15:00,23.5,alto baudó (pie de pato)
27,chocó,27075,bahía solano (mutis),27075000,ciudad mutis (bahía solano - chocó),2022,1,664600,240197,1286.12,jueves,2022-01-20 19:15:00,23.54,bahía solano (mutis)
27,chocó,27075,bahía solano (mutis),27075001,cupica (bahía solano - chocó),2022,1,67016,22507,145.99,sábado,2022-01-29 19:30:00,23.59,bahía solano (mutis)
27,chocó,27075,bahía solano (mutis),27075002,el valle (bahía solano - chocó),2022,1,166124,69597,349.27,martes,2022-01-04 19:15:00,23.48,bahía solano (mutis)
27,chocó,27077,bajo baudó (pizarro),27077905,buenavista (bajo baudó (pizarro) - chocó),2022,1,2346,288,34.66,miércoles,2022-01-26 20:00:00,2.27,bajo baudó (pizarro)
27,chocó,27077,bajo baudó (pizarro),27077011,piliza (bajo baudó (pizarro) - chocó),2022,1,6045,5855,32.0,viernes,2022-01-28 19:00:00,7.55,bajo baudó (pizarro)
27,chocó,27077,bajo baudó (pizarro),27077000,pizarro (bajo baudó (pizarro) - chocó),2022,1,207075,96330,416.06,lunes,2022-01-31 19:45:00,23.01,bajo baudó (pizarro)
27,chocó,27099,bojayá (bellavista),27099000,bellavista (bojayá (bellavista) - chocó),2022,1,92871,26910,255.81,jueves,2022-01-27 19:15:00,16.42,bojayá (bellavista)
27,chocó,27099,bojayá (bellavista),27099002,la loma de bojayá (bojayá (bellavista) - chocó),2022,1,13026,6487,60.8,lunes,2022-01-31 19:15:00,9.3,bojayá (bellavista)
27,chocó,27099,bojayá (bellavista),27099005,napipí (bojayá (bellavista) - chocó),2022,1,9644,2507,64.0,lunes,2022-01-03 20:15:00,5.51,bojayá (bellavista)
27,chocó,27250,el litoral del san juan,27250000,santa genoveva de docordó (el litoral del san juan - chocó),2022,1,60799,34401,167.64,martes,2022-01-26 00:45:00,22.45,el litoral del san juan
27,chocó,27372,juradó,27372000,juradó (juradó - chocó),2022,1,164830,72505,318.88,jueves,2022-01-20 19:30:00,23.47,juradó
27,chocó,27425,medio atrato (beté),27425000,beté (medio atrato (beté) - chocó),2022,1,14515,9906,52.0,lunes,2022-01-31 20:00:00,11.56,medio atrato (beté)
27,chocó,27425,medio atrato (beté),27425008,san roque (medio atrato (beté) - chocó),2022,1,4040,1287,24.43,sábado,2022-01-22 19:15:00,6.38,medio atrato (beté)
27,chocó,27495,nuquí,27495912,comunidad indígena de panguí - el yucal (nuquí - chocó),2022,1,6776,1851,11.34,sábado,2022-01-08 16:30:00,23.46,nuquí
27,chocó,27495,nuquí,27495000,nuquí (nuquí - chocó),2022,1,251923,97354,493.86,sábado,2022-01-08 19:00:00,24.0,nuquí
27,chocó,27495,nuquí,27495011,puerto jagua (nuquí - chocó),2022,1,560,314,4.34,martes,2022-01-18 19:45:00,5.02,nuquí
27,chocó,27001,quibdó,27001029,tagachi (quibdó - chocó),2022,1,8280,2970,56.86,martes,2022-01-04 13:15:00,7.12,quibdó
27,chocó,27800,unguía,27800001,balboa (unguía - chocó),2022,1,19504,7918,81.14,domingo,2022-01-02 20:00:00,9.57,unguía
27,chocó,27800,unguía,27800005,titumate (unguía - chocó),2022,1,17535,4497,95.3,sábado,2022-01-22 20:15:00,8.25,unguía
27,chocó,27800,unguía,27800000,unguía (unguía - chocó),2022,1,386380,137484,799.39,jueves,2022-01-20 19:15:00,22.15,unguía
94,guainía,94343,barrancominas,94343000,barrancominas (barrancominas - guainía),2022,1,60972,19836,202.86,domingo,2022-01-02 18:30:00,14.14,barrancominas
94,guainía,94001,inírida,94001000,inírida (inírida - guainía),2022,1,1991755,673698,3589.52,viernes,2022-01-14 15:15:00,24.0,inírida
95,guaviare,95200,miraflores,95200000,miraflores (miraflores - guaviare),2022,1,76973,28414,199.32,lunes,2022-01-31 18:30:00,17.4,miraflores
44,la guajira,44847,uribia,44847012,nazareth (uribia - la guajira),2022,1,42883,17085,185.52,martes,2022-01-18 18:30:00,13.22,uribia
47,magdalena,47189,ciénaga,47189018,palmor (ciénaga - magdalena),2022,1,98133,34540,184.06,sábado,2022-01-15 18:45:00,23.23,ciénaga
50,meta,50325,mapiripán,50325000,mapiripán (mapiripán - meta),2022,1,172163,71286,345.84,jueves,2022-01-27 18:45:00,23.54,mapiripán
52,nariño,52250,el charco,52250007,san josé del tapaje (el charco - nariño),2022,1,16612,4662,80.0,lunes,2022-01-31 21:15:00,8.1,el charco
52,nariño,52390,la tola,52390003,la vigía de la mar (la tola - nariño),2022,1,7083,3306,35.48,miércoles,2022-01-12 23:15:00,9.3,la tola
52,nariño,52390,la tola,52390009,mulatos (la tola - nariño),2022,1,4201,1947,35.36,lunes,2022-01-31 17:30:00,6.19,la tola
52,nariño,52390,la tola,52390016,san pablo del mar (la tola - nariño),2022,1,1149,350,27.01,jueves,2022-01-06 20:00:00,1.44,la tola
52,nariño,52490,olaya herrera,52490913,boca de prieta (olaya herrera - nariño),2022,1,2675,749,17.64,martes,2022-01-11 19:30:00,7.22,olaya herrera
52,nariño,52835,san andrés de tumaco,52835055,bocas de curay (tumaco - nariño),2022,1,8122,2524,60.0,lunes,2022-01-03 18:45:00,5.53,san andrés de tumaco
52,nariño,52835,san andrés de tumaco,52835016,pital de la costa (tumaco - nariño),2022,1,14171,7383,80.0,domingo,2022-01-30 19:15:00,7.36,san andrés de tumaco
52,nariño,52835,san andrés de tumaco,52835217,san juan de la costa (san andrés de tumaco - nariño),2022,1,16552,6129,144.0,martes,2022-01-04 18:45:00,5.46,san andrés de tumaco
52,nariño,52696,santa bárbara (iscuandé),52696014,la ensenada (santa bárbara (iscuandé) - nariño),2022,1,2621,1179,16.8,miércoles,2022-01-19 19:45:00,6.01,santa bárbara (iscuandé)
52,nariño,52696,santa bárbara (iscuandé),52696022,secadero (santa bárbara (iscuandé) - nariño),2022,1,2814,2067,12.46,miércoles,2022-01-26 19:00:00,9.23,santa bárbara (iscuandé)
86,putumayo,86573,puerto leguízamo,86573009,piñuña negro (puerto leguízamo - putumayo),2022,1,4221,2702,25.6,lunes,2022-01-31 19:45:00,6.55,puerto leguízamo
76,valle del cauca,76109,buenaventura,76109028,puerto merizalde (buenaventura - valle del cauca),2022,1,63790,20259,201.17,jueves,2022-01-20 20:15:00,13.23,buenaventura
76,valle del cauca,76109,buenaventura,76109032,san francisco naya (buenaventura - valle del cauca),2022,1,2649,1068,29.82,jueves,2022-01-06 18:30:00,3.34,buenaventura
97,vaupés,97161,carurú,97161000,carurú (carurú - vaupés),2022,1,19768,4438,99.09,jueves,2022-01-27 16:15:00,12.18,carurú
97,vaupés,97001,mitú,97001000,mitú (mitú - vaupés),2022,1,1349700,411611,2694.06,viernes,2022-01-15 00:00:00,23.56,mitú
97,vaupés,97666,taraira,97666000,taraira (taraira - vaupés),2022,1,31365,9992,111.85,jueves,2022-01-06 18:45:00,11.23,taraira
99,vichada,99773,cumaribo,99773000,cumaribo (cumaribo - vichada),2022,1,338320,145066,679.8,viernes,2022-01-14 18:15:00,24.0,cumaribo
99,vichada,99524,la primavera,99524000,la primavera (la primavera - vichada),2022,1,349259,148899,664.26,viernes,2022-01-21 18:30:00,24.0,la primavera
99,vichada,99001,puerto carreño,99001002,casuarito (puerto carreño - vichada),2022,1,30981,11900,113.87,martes,2022-01-25 18:45:00,11.32,puerto carreño
99,vichada,99001,puerto carreño,99001000,puerto carreño (puerto carreño - vichada),2022,1,2403410,819682,4357.76,martes,2022-01-25 14:15:00,24.0,puerto carreño
99,vichada,99624,santa rosalía,99624000,santa rosalía (santa rosalía - vichada),2022,1,148679,76843,360.1,martes,2022-01-25 19:15:00,18.11,santa rosalía
91,amazonas,91001,leticia,91001000,leticia (leticia - amazonas),2022,2,3397360,1010457,7288.15,martes,2022-02-01 15:00:00,24.0,leticia
91,amazonas,91540,puerto nariño,91540000,puerto nariño (puerto nariño - amazonas),2022,2,97153,34791,213.49,jueves,2022-02-10 19:00:00,24.0,puerto nariño
91,amazonas,91798,tarapacá (anm),91798000,tarapacá (tarapacá (anm) - amazonas),2022,2,21154,9652,85.14,martes,2022-02-01 19:45:00,10.2,tarapacá (anm)
05,antioquia,05873,vigía del fuerte,05873002,vegáez (vigía del fuerte - antioquia),2022,2,2753,272,46.62,sábado,2022-02-26 19:45:00,4.01,vigía del fuerte
88,"archipiélago de san andrés, providencia y santa catalina",88564,providencia,88564000,providencia (providencia - archipiélago de san andrés y providencia),2022,2,903471,236728,1679.16,jueves,2022-02-17 21:30:00,24.0,providencia
27,chocó,27372,juradó,27372000,jurado,2026,1,194368,57797,35296.0,viernes,2026-01-29 20:00:00,2.36,jurado
88,"archipiélago de san andrés, providencia y santa catalina",88001,san andrés,88001000,san andrés (san andrés - archipiélago de san andrés y providencia),2022,2,15272113,4213256,28710.91,jueves,2022-02-17 15:45:00,24.0,san andrés
13,bolívar,13001,cartagena de indias,13001007,isla fuerte (cartagena de indias - bolívar),2022,2,14980,8050,160.63,jueves,2022-02-17 22:15:00,4.4,cartagena de indias
13,bolívar,13001,cartagena de indias,13001037,isla múcura (cartagena de indias - bolívar),2022,2,6153,2518,18.21,miércoles,2022-02-09 22:15:00,16.18,cartagena de indias
13,bolívar,13001,cartagena de indias,13001017,santa cruz del islote (cartagena de indias - bolívar),2022,2,11959,4111,34.21,jueves,2022-02-17 22:30:00,16.21,cartagena de indias
18,caquetá,18150,cartagena del chairá,18150001,remolino del caguán (cartagena del chaira - caquetá),2022,2,16018,7882,87.88,sábado,2022-02-19 18:45:00,8.48,cartagena del chairá
18,caquetá,18150,cartagena del chairá,18150002,santa fe del caguán (cartagena del chaira - caquetá),2022,2,3067,1392,40.44,martes,2022-02-22 18:45:00,3.31,cartagena del chairá
18,caquetá,18753,san vicente del caguán,18753002,guacamayas (san vicente del caguán - caquetá),2022,2,13566,5492,48.12,domingo,2022-02-13 19:00:00,17.5,san vicente del caguán
18,caquetá,18753,san vicente del caguán,18753009,puerto betania (san vicente del caguán - caquetá),2022,2,5180,2007,48.04,lunes,2022-02-14 19:00:00,5.13,san vicente del caguán
85,casanare,85430,trinidad,85430001,bocas del pauto (trinidad - casanare),2022,2,11762,6282,109.5,miércoles,2022-02-23 18:30:00,5.13,trinidad
19,cauca,19318,guapi,19318008,limones (guapi - cauca),2022,2,7453,3213,40.79,viernes,2022-02-25 17:00:00,9.27,guapi
19,cauca,19318,guapi,19318013,san antonio de guajuí (guapi - cauca),2022,2,10060,4088,46.83,lunes,2022-02-07 19:45:00,9.29,guapi
19,cauca,19418,lópez (micay),19418011,dos quebradas río naya (lópez de micay - cauca),2022,2,3659,1437,33.79,miércoles,2022-02-16 20:00:00,5.11,lópez de micay
19,cauca,19418,lópez (micay),19418038,isla de gallo (lópez de micay - cauca),2022,2,2655,1284,22.37,sábado,2022-02-12 19:15:00,5.23,lópez de micay
19,cauca,19418,lópez (micay),19418012,san antonio de chuaré (lópez de micay - cauca),2022,2,7457,2635,63.14,viernes,2022-02-25 19:00:00,5.33,lópez de micay
19,cauca,19418,lópez (micay),19418015,san isidro (lópez de micay - cauca),2022,2,800,444,6.18,domingo,2022-02-13 19:00:00,5.51,lópez de micay
19,cauca,19418,lópez (micay),19418019,zaragoza (lopez de micay - cauca),2022,2,6783,2665,59.49,viernes,2022-02-18 19:15:00,5.39,lópez de micay
19,cauca,19809,timbiquí,19809003,coteje (timbiquí - cauca),2022,2,5856,4140,33.6,lunes,2022-02-14 19:00:00,7.34,timbiquí
19,cauca,19809,timbiquí,19809026,los brazos (timbiquí - cauca),2022,2,7455,1431,43.82,viernes,2022-02-04 19:30:00,7.0,timbiquí
19,cauca,19809,timbiquí,19809023,puerto saija (timbiquí - cauca),2022,2,26685,13584,163.15,miércoles,2022-02-23 19:30:00,7.4,timbiquí
19,cauca,19809,timbiquí,19809007,san josé (timbiquí - cauca),2022,2,5856,4186,39.82,jueves,2022-02-03 18:45:00,6.28,timbiquí
19,cauca,19809,timbiquí,19809008,santa maría (timbiquí - cauca),2022,2,11127,4506,65.79,miércoles,2022-02-16 18:45:00,7.28,timbiquí
19,cauca,19809,timbiquí,19809009,santa rosa de saija (timbiquí - cauca),2022,2,3481,1987,23.5,domingo,2022-02-20 20:15:00,6.19,timbiquí
27,chocó,27006,acandí,27006000,acandí (acandí - chocó),2022,2,505932,186015,1094.72,jueves,2022-02-17 20:30:00,21.57,acandí
27,chocó,27006,acandí,27006007,san francisco (acandí - chocó),2022,2,12345,3916,74.74,sábado,2022-02-05 19:30:00,7.54,acandí
27,chocó,27025,alto baudó (pie de pato),27025000,ciudad baudó - pie de pato (alto baudó - chocó),2022,2,43730,13247,118.01,martes,2022-02-22 19:30:00,23.5,alto baudó (pie de pato)
27,chocó,27075,bahía solano (mutis),27075000,ciudad mutis (bahía solano - chocó),2022,2,642422,222922,1323.96,jueves,2022-02-24 19:30:00,23.57,bahía solano (mutis)
27,chocó,27075,bahía solano (mutis),27075001,cupica (bahía solano - chocó),2022,2,64803,24321,155.3,miércoles,2022-02-23 19:00:00,23.56,bahía solano (mutis)
27,chocó,27075,bahía solano (mutis),27075002,el valle (bahía solano - chocó),2022,2,142185,62946,333.17,miércoles,2022-02-09 19:00:00,23.33,bahía solano (mutis)
27,chocó,27077,bajo baudó (pizarro),27077905,buenavista (bajo baudó (pizarro) - chocó),2022,2,6459,817,36.51,domingo,2022-02-06 20:00:00,7.12,bajo baudó (pizarro)
27,chocó,27077,bajo baudó (pizarro),27077011,piliza (bajo baudó (pizarro) - chocó),2022,2,5232,5278,32.0,lunes,2022-02-28 20:00:00,7.14,bajo baudó (pizarro)
27,chocó,27077,bajo baudó (pizarro),27077000,pizarro (bajo baudó (pizarro) - chocó),2022,2,196013,89798,403.92,lunes,2022-02-21 19:45:00,24.0,bajo baudó (pizarro)
27,chocó,27099,bojayá (bellavista),27099000,bellavista (bojayá (bellavista) - chocó),2022,2,89123,26794,243.69,miércoles,2022-02-02 20:00:00,17.19,bojayá (bellavista)
27,chocó,27099,bojayá (bellavista),27099002,la loma de bojayá (bojayá (bellavista) - chocó),2022,2,10922,5334,60.8,lunes,2022-02-21 19:30:00,8.2,bojayá (bellavista)
27,chocó,27099,bojayá (bellavista),27099005,napipí (bojayá (bellavista) - chocó),2022,2,8663,2202,64.0,viernes,2022-02-04 20:30:00,6.02,bojayá (bellavista)
27,chocó,27250,el litoral del san juan,27250000,santa genoveva de docordó (el litoral del san juan - chocó),2022,2,55875,31610,154.18,sábado,2022-02-20 00:30:00,23.55,el litoral del san juan
27,chocó,27250,el litoral del san juan,27250914,togoroma playa (el litoral del san juan - chocó),2022,2,1076,191,10.53,domingo,2022-02-20 19:00:00,4.17,el litoral del san juan
27,chocó,27372,juradó,27372000,juradó (juradó - chocó),2022,2,157964,65281,323.2,miércoles,2022-02-23 19:45:00,23.52,juradó
27,chocó,27425,medio atrato (beté),27425000,beté (medio atrato (beté) - chocó),2022,2,14569,9425,60.0,jueves,2022-02-10 19:30:00,12.1,medio atrato (beté)
27,chocó,27425,medio atrato (beté),27425008,san roque (medio atrato (beté) - chocó),2022,2,3212,1227,22.75,martes,2022-02-22 19:45:00,5.59,medio atrato (beté)
27,chocó,27495,nuquí,27495912,comunidad indígena de panguí - el yucal (nuquí - chocó),2022,2,5597,1564,11.38,domingo,2022-02-20 17:15:00,22.02,nuquí
27,chocó,27495,nuquí,27495000,nuquí (nuquí - chocó),2022,2,230501,91460,492.8,miércoles,2022-02-02 19:15:00,23.59,nuquí
27,chocó,27495,nuquí,27495011,puerto jagua (nuquí - chocó),2022,2,839,491,4.27,miércoles,2022-02-02 19:30:00,9.45,nuquí
27,chocó,27001,quibdó,27001029,tagachi (quibdó - chocó),2022,2,4837,1647,47.83,domingo,2022-02-06 19:30:00,4.34,quibdó
27,chocó,27800,unguía,27800001,balboa (unguía - chocó),2022,2,17751,7325,79.56,viernes,2022-02-18 20:15:00,10.9,unguía
27,chocó,27800,unguía,27800005,titumate (unguía - chocó),2022,2,16504,4348,91.96,domingo,2022-02-13 20:00:00,9.01,unguía
27,chocó,27800,unguía,27800000,unguía (unguía - chocó),2022,2,356031,126265,803.09,lunes,2022-02-21 20:45:00,22.24,unguía
94,guainía,94343,barrancominas,94343000,barrancominas (barrancominas - guainía),2022,2,66161,21146,196.37,lunes,2022-02-21 18:45:00,16.08,barrancominas
94,guainía,94001,inírida,94001000,inírida (inírida - guainía),2022,2,1884994,626265,3850.88,martes,2022-02-22 18:00:00,24.0,inírida
95,guaviare,95200,miraflores,95200000,miraflores (miraflores - guaviare),2022,2,80340,28067,208.12,miércoles,2022-02-16 19:00:00,19.04,miraflores
44,la guajira,44847,uribia,44847012,nazareth (uribia - la guajira),2022,2,23811,10629,103.44,jueves,2022-02-10 19:15:00,12.49,uribia
47,magdalena,47189,ciénaga,47189018,palmor (ciénaga - magdalena),2022,2,89796,30989,183.55,sábado,2022-02-05 18:45:00,22.54,ciénaga
50,meta,50325,mapiripán,50325000,mapiripán (mapiripán - meta),2022,2,155610,63124,345.84,miércoles,2022-02-16 19:00:00,23.48,mapiripán
52,nariño,52250,el charco,52250023,bazán (el charco - nariño),2022,2,14506,9264,96.0,domingo,2022-02-20 18:45:00,6.31,el charco
52,nariño,52250,el charco,52250005,las mercedes (el charco - nariño),2022,2,1328,423,13.09,domingo,2022-02-27 19:45:00,4.42,el charco
52,nariño,52250,el charco,52250007,san josé del tapaje (el charco - nariño),2022,2,12832,3306,80.0,lunes,2022-02-28 21:00:00,6.52,el charco
52,nariño,52520,francisco pizarro,52520013,san pedro del vino (francisco pizarro - nariño),2022,2,0,0,0.0,lunes,2022-02-28 23:45:00,0.0,francisco pizarro
52,nariño,52390,la tola,52390005,aguacatal (la tola - nariño),2022,2,1557,360,11.31,domingo,2022-02-27 15:45:00,6.13,la tola
52,nariño,52390,la tola,52390003,la vigía de la mar (la tola - nariño),2022,2,5427,2153,31.6,sábado,2022-02-06 00:30:00,8.29,la tola
52,nariño,52390,la tola,52390009,mulatos (la tola - nariño),2022,2,3849,1691,35.1,martes,2022-02-15 19:00:00,6.13,la tola
52,nariño,52390,la tola,52390016,san pablo del mar (la tola - nariño),2022,2,4013,1250,27.17,lunes,2022-02-07 19:15:00,6.43,la tola
52,nariño,52490,olaya herrera,52490913,boca de prieta (olaya herrera - nariño),2022,2,2187,624,17.04,viernes,2022-02-18 17:45:00,6.29,olaya herrera
52,nariño,52835,san andrés de tumaco,52835055,bocas de curay (tumaco - nariño),2022,2,7743,2444,57.6,lunes,2022-02-28 19:00:00,6.21,san andrés de tumaco
52,nariño,52835,san andrés de tumaco,52835016,pital de la costa (tumaco - nariño),2022,2,15566,8061,80.0,lunes,2022-02-21 20:15:00,9.04,san andrés de tumaco
52,nariño,52835,san andrés de tumaco,52835217,san juan de la costa (san andrés de tumaco - nariño),2022,2,22030,8253,121.6,miércoles,2022-02-23 19:15:00,8.33,san andrés de tumaco
52,nariño,52696,santa bárbara (iscuandé),52696022,secadero (santa bárbara (iscuandé) - nariño),2022,2,2267,1509,12.79,domingo,2022-02-06 19:00:00,8.42,santa bárbara (iscuandé)
86,putumayo,86573,puerto leguízamo,86573009,piñuña negro (puerto leguízamo - putumayo),2022,2,3526,2066,25.6,domingo,2022-02-27 20:45:00,6.4,puerto leguízamo
76,valle del cauca,76109,buenaventura,76109028,puerto merizalde (buenaventura - valle del cauca),2022,2,59324,19666,207.68,miércoles,2022-02-23 19:45:00,12.29,buenaventura
76,valle del cauca,76109,buenaventura,76109032,san francisco naya (buenaventura - valle del cauca),2022,2,2686,1108,31.62,viernes,2022-02-26 00:15:00,4.01,buenaventura
97,vaupés,97161,carurú,97161000,carurú (carurú - vaupés),2022,2,18850,3264,75.42,lunes,2022-02-21 19:00:00,12.01,carurú
97,vaupés,97001,mitú,97001000,mitú (mitú - vaupés),2022,2,1219475,361477,2774.44,miércoles,2022-02-03 00:00:00,24.0,mitú
97,vaupés,97666,taraira,97666000,taraira (taraira - vaupés),2022,2,17043,4932,129.18,lunes,2022-02-21 19:00:00,6.19,taraira
99,vichada,99773,cumaribo,99773000,cumaribo (cumaribo - vichada),2022,2,307928,122974,740.96,martes,2022-02-01 15:30:00,20.47,cumaribo
99,vichada,99524,la primavera,99524000,la primavera (la primavera - vichada),2022,2,345900,141059,711.09,martes,2022-02-22 19:00:00,23.58,la primavera
99,vichada,99001,puerto carreño,99001002,casuarito (puerto carreño - vichada),2022,2,31961,11659,120.21,lunes,2022-02-14 18:15:00,11.36,puerto carreño
99,vichada,99001,puerto carreño,99001000,puerto carreño (puerto carreño - vichada),2022,2,2401329,765683,4766.96,jueves,2022-02-24 13:45:00,23.59,puerto carreño
99,vichada,99624,santa rosalía,99624000,santa rosalía (santa rosalía - vichada),2022,2,140866,71137,383.71,jueves,2022-02-17 18:45:00,18.24,santa rosalía
91,amazonas,91001,leticia,91001000,leticia (leticia - amazonas),2022,3,3724790,1103082,7322.14,viernes,2022-03-18 15:30:00,23.57,leticia
91,amazonas,91540,puerto nariño,91540000,puerto nariño (puerto nariño - amazonas),2022,3,117539,39742,239.01,martes,2022-03-15 18:45:00,24.0,puerto nariño
91,amazonas,91798,tarapacá (anm),91798000,tarapacá (tarapacá (anm) - amazonas),2022,3,23711,10758,84.8,martes,2022-03-22 18:30:00,10.24,tarapacá (anm)
05,antioquia,05873,vigía del fuerte,05873002,vegáez (vigía del fuerte - antioquia),2022,3,3508,379,55.97,miércoles,2022-03-09 19:45:00,4.39,vigía del fuerte
88,"archipiélago de san andrés, providencia y santa catalina",88564,providencia,88564000,providencia (providencia - archipiélago de san andrés y providencia),2022,3,1060073,271254,1745.72,miércoles,2022-03-30 21:00:00,24.0,providencia
88,"archipiélago de san andrés, providencia y santa catalina",88001,san andrés,88001000,san andrés (san andrés - archipiélago de san andrés y providencia),2022,3,17750913,4825091,29965.55,jueves,2022-03-24 15:45:00,24.0,san andrés
13,bolívar,13001,cartagena de indias,13001037,isla múcura (cartagena de indias - bolívar),2022,3,6967,2812,19.52,domingo,2022-03-20 14:00:00,15.52,cartagena de indias
13,bolívar,13001,cartagena de indias,13001017,santa cruz del islote (cartagena de indias - bolívar),2022,3,13014,4343,35.71,jueves,2022-03-31 21:45:00,15.0,cartagena de indias
18,caquetá,18150,cartagena del chairá,18150001,remolino del caguán (cartagena del chaira - caquetá),2022,3,16473,7912,84.97,sábado,2022-03-05 19:15:00,8.9,cartagena del chairá
18,caquetá,18150,cartagena del chairá,18150002,santa fe del caguán (cartagena del chaira - caquetá),2022,3,3423,1576,38.04,sábado,2022-03-26 18:45:00,3.37,cartagena del chairá
18,caquetá,18753,san vicente del caguán,18753002,guacamayas (san vicente del caguán - caquetá),2022,3,15279,6406,43.39,jueves,2022-03-24 19:30:00,17.37,san vicente del caguán
18,caquetá,18753,san vicente del caguán,18753009,puerto betania (san vicente del caguán - caquetá),2022,3,5381,2106,47.4,martes,2022-03-08 19:00:00,5.6,san vicente del caguán
85,casanare,85430,trinidad,85430001,bocas del pauto (trinidad - casanare),2022,3,12830,6922,116.22,miércoles,2022-03-02 18:30:00,5.0,trinidad
19,cauca,19318,guapi,19318008,limones (guapi - cauca),2022,3,8709,3984,38.47,jueves,2022-03-17 19:30:00,9.25,guapi
19,cauca,19318,guapi,19318013,san antonio de guajuí (guapi - cauca),2022,3,11843,4878,49.61,viernes,2022-03-25 18:15:00,9.36,guapi
19,cauca,19418,lópez (micay),19418038,isla de gallo (lópez de micay - cauca),2022,3,3120,1512,22.59,sábado,2022-03-12 20:00:00,5.29,lópez de micay
19,cauca,19418,lópez (micay),19418012,san antonio de chuaré (lópez de micay - cauca),2022,3,8882,3063,62.75,martes,2022-03-29 19:00:00,5.58,lópez de micay
19,cauca,19418,lópez (micay),19418015,san isidro (lópez de micay - cauca),2022,3,1025,558,6.82,miércoles,2022-03-30 18:45:00,6.23,lópez de micay
19,cauca,19418,lópez (micay),19418019,zaragoza (lopez de micay - cauca),2022,3,8651,3554,55.3,lunes,2022-03-28 19:00:00,6.19,lópez de micay
19,cauca,19809,timbiquí,19809003,coteje (timbiquí - cauca),2022,3,6306,4681,31.96,sábado,2022-03-05 19:30:00,7.37,timbiquí
19,cauca,19809,timbiquí,19809026,los brazos (timbiquí - cauca),2022,3,8298,1653,44.64,lunes,2022-03-21 18:45:00,7.11,timbiquí
19,cauca,19809,timbiquí,19809023,puerto saija (timbiquí - cauca),2022,3,26934,13283,168.08,lunes,2022-03-14 19:00:00,6.17,timbiquí
19,cauca,19809,timbiquí,19809008,santa maría (timbiquí - cauca),2022,3,12465,5224,71.36,miércoles,2022-03-30 19:00:00,7.9,timbiquí
19,cauca,19809,timbiquí,19809009,santa rosa de saija (timbiquí - cauca),2022,3,4009,2215,25.37,miércoles,2022-03-23 19:15:00,6.24,timbiquí
27,chocó,27006,acandí,27006000,acandí (acandí - chocó),2022,3,559371,199620,1128.34,miércoles,2022-03-23 14:00:00,21.37,acandí
27,chocó,27006,acandí,27006007,san francisco (acandí - chocó),2022,3,15462,5375,73.44,domingo,2022-03-20 19:15:00,9.7,acandí
27,chocó,27025,alto baudó (pie de pato),27025000,ciudad baudó - pie de pato (alto baudó - chocó),2022,3,49787,15418,110.88,jueves,2022-03-18 00:00:00,23.59,alto baudó (pie de pato)
27,chocó,27075,bahía solano (mutis),27075000,ciudad mutis (bahía solano - chocó),2022,3,712773,249392,1351.24,martes,2022-03-22 19:30:00,23.54,bahía solano (mutis)
27,chocó,27075,bahía solano (mutis),27075001,cupica (bahía solano - chocó),2022,3,69029,24655,150.15,viernes,2022-03-25 19:15:00,23.51,bahía solano (mutis)
27,chocó,27075,bahía solano (mutis),27075002,el valle (bahía solano - chocó),2022,3,160287,69743,334.22,martes,2022-03-22 19:15:00,23.53,bahía solano (mutis)
27,chocó,27077,bajo baudó (pizarro),27077905,buenavista (bajo baudó (pizarro) - chocó),2022,3,10770,1445,38.34,domingo,2022-03-20 17:30:00,10.55,bajo baudó (pizarro)
27,chocó,27077,bajo baudó (pizarro),27077011,piliza (bajo baudó (pizarro) - chocó),2022,3,6126,5786,35.2,jueves,2022-03-31 20:30:00,7.6,bajo baudó (pizarro)
27,chocó,27077,bajo baudó (pizarro),27077000,pizarro (bajo baudó (pizarro) - chocó),2022,3,226243,101762,427.15,jueves,2022-03-17 20:15:00,23.53,bajo baudó (pizarro)
27,chocó,27099,bojayá (bellavista),27099000,bellavista (bojayá (bellavista) - chocó),2022,3,91654,27016,258.46,miércoles,2022-03-23 19:15:00,15.21,bojayá (bellavista)
27,chocó,27099,bojayá (bellavista),27099002,la loma de bojayá (bojayá (bellavista) - chocó),2022,3,13182,6506,64.0,sábado,2022-03-12 21:30:00,8.59,bojayá (bellavista)
27,chocó,27250,el litoral del san juan,27250000,santa genoveva de docordó (el litoral del san juan - chocó),2022,3,63598,35437,182.42,sábado,2022-03-27 00:45:00,23.43,el litoral del san juan
27,chocó,27250,el litoral del san juan,27250914,togoroma playa (el litoral del san juan - chocó),2022,3,835,182,8.53,sábado,2022-03-12 18:15:00,4.55,el litoral del san juan
27,chocó,27372,juradó,27372000,juradó (juradó - chocó),2022,3,181279,73946,336.96,miércoles,2022-03-23 19:15:00,23.53,juradó
27,chocó,27425,medio atrato (beté),27425000,beté (medio atrato (beté) - chocó),2022,3,11625,7199,60.0,jueves,2022-03-24 20:15:00,8.34,medio atrato (beté)
27,chocó,27495,nuquí,27495000,nuquí (nuquí - chocó),2022,3,265385,105584,518.14,martes,2022-03-22 19:45:00,24.0,nuquí
27,chocó,27495,nuquí,27495011,puerto jagua (nuquí - chocó),2022,3,858,447,4.22,viernes,2022-03-04 19:15:00,8.57,nuquí
27,chocó,27001,quibdó,27001029,tagachi (quibdó - chocó),2022,3,5609,2114,58.49,miércoles,2022-03-30 18:45:00,5.7,quibdó
27,chocó,27800,unguía,27800001,balboa (unguía - chocó),2022,3,19752,8062,77.73,sábado,2022-03-19 19:30:00,10.15,unguía
27,chocó,27800,unguía,27800005,titumate (unguía - chocó),2022,3,18508,4593,96.27,miércoles,2022-03-02 19:00:00,8.42,unguía
27,chocó,27800,unguía,27800000,unguía (unguía - chocó),2022,3,408353,141961,839.52,martes,2022-03-22 20:00:00,22.22,unguía
94,guainía,94343,barrancominas,94343000,barrancominas (barrancominas - guainía),2022,3,73081,22260,196.04,martes,2022-03-08 18:30:00,16.12,barrancominas
94,guainía,94001,inírida,94001000,inírida (inírida - guainía),2022,3,2028609,677023,3857.92,martes,2022-03-08 14:30:00,24.0,inírida
95,guaviare,95200,miraflores,95200000,miraflores (miraflores - guaviare),2022,3,89189,31103,215.16,martes,2022-03-08 19:00:00,19.13,miraflores
44,la guajira,44847,uribia,44847012,nazareth (uribia - la guajira),2022,3,34967,11798,161.33,jueves,2022-03-31 20:00:00,12.21,uribia
47,magdalena,47189,ciénaga,47189018,palmor (ciénaga - magdalena),2022,3,95104,31642,179.14,jueves,2022-03-24 19:15:00,22.46,ciénaga
50,meta,50325,mapiripán,50325000,mapiripán (mapiripán - meta),2022,3,167394,66247,344.08,martes,2022-03-15 19:15:00,23.3,mapiripán
52,nariño,52250,el charco,52250023,bazán (el charco - nariño),2022,3,21594,13528,105.6,jueves,2022-03-31 19:00:00,8.15,el charco
52,nariño,52250,el charco,52250003,bolívar - san pedro (el charco - nariño),2022,3,4174,2888,22.91,sábado,2022-03-05 19:15:00,7.15,el charco
52,nariño,52250,el charco,52250022,el cuil pueblo nuevo (el charco - nariño),2022,3,4206,5873,30.41,viernes,2022-03-11 20:45:00,5.27,el charco
52,nariño,52250,el charco,52250005,las mercedes (el charco - nariño),2022,3,1708,604,12.96,martes,2022-03-01 20:00:00,5.1,el charco
52,nariño,52250,el charco,52250007,san josé del tapaje (el charco - nariño),2022,3,14084,3704,88.0,miércoles,2022-03-09 20:15:00,6.38,el charco
52,nariño,52520,francisco pizarro,52520013,san pedro del vino (francisco pizarro - nariño),2022,3,2062,1089,24.9,sábado,2022-03-26 19:00:00,3.13,francisco pizarro
52,nariño,52390,la tola,52390005,aguacatal (la tola - nariño),2022,3,2315,502,13.33,domingo,2022-03-06 19:00:00,8.1,la tola
52,nariño,52390,la tola,52390003,la vigía de la mar (la tola - nariño),2022,3,6194,2488,32.2,viernes,2022-03-12 00:15:00,8.3,la tola
52,nariño,52390,la tola,52390009,mulatos (la tola - nariño),2022,3,4267,1934,37.31,lunes,2022-03-28 19:00:00,6.1,la tola
52,nariño,52390,la tola,52390016,san pablo del mar (la tola - nariño),2022,3,4059,1221,29.63,martes,2022-03-29 19:00:00,6.0,la tola
52,nariño,52473,mosquera,52473010,el bajito de echandía (mosquera - nariño),2022,3,1717,238,8.93,jueves,2022-03-24 18:30:00,8.13,mosquera
52,nariño,52490,olaya herrera,52490913,boca de prieta (olaya herrera - nariño),2022,3,2107,603,19.2,martes,2022-03-15 19:15:00,5.3,olaya herrera
52,nariño,52835,san andrés de tumaco,52835055,bocas de curay (tumaco - nariño),2022,3,10001,3192,57.6,sábado,2022-03-12 19:00:00,7.34,san andrés de tumaco
52,nariño,52835,san andrés de tumaco,52835217,san juan de la costa (san andrés de tumaco - nariño),2022,3,21462,8021,134.4,miércoles,2022-03-30 19:00:00,6.56,san andrés de tumaco
52,nariño,52696,santa bárbara (iscuandé),52696022,secadero (santa bárbara (iscuandé) - nariño),2022,3,2715,1502,12.86,martes,2022-03-15 18:45:00,9.0,santa bárbara (iscuandé)
86,putumayo,86573,puerto leguízamo,86573009,piñuña negro (puerto leguízamo - putumayo),2022,3,3709,1771,25.6,domingo,2022-03-27 20:45:00,6.2,puerto leguízamo
86,putumayo,86573,puerto leguízamo,86573000,puerto leguízamo (puerto leguízamo - putumayo),2022,3,1022653,332945,2056.65,jueves,2022-03-10 14:15:00,23.5,puerto leguízamo
76,valle del cauca,76109,buenaventura,76109028,puerto merizalde (buenaventura - valle del cauca),2022,3,83174,27378,219.12,viernes,2022-03-18 20:00:00,15.48,buenaventura
76,valle del cauca,76109,buenaventura,76109032,san francisco naya (buenaventura - valle del cauca),2022,3,6136,2677,32.93,viernes,2022-03-04 23:45:00,8.0,buenaventura
97,vaupés,97161,carurú,97161000,carurú (carurú - vaupés),2022,3,22260,5712,95.66,miércoles,2022-03-16 18:45:00,11.7,carurú
97,vaupés,97001,mitú,97001000,mitú (mitú - vaupés),2022,3,1363933,386115,2747.88,jueves,2022-03-10 13:00:00,24.0,mitú
97,vaupés,97666,taraira,97666000,taraira (taraira - vaupés),2022,3,26374,8027,133.14,martes,2022-03-08 19:00:00,8.43,taraira
99,vichada,99773,cumaribo,99773000,cumaribo (cumaribo - vichada),2022,3,341589,138667,722.48,miércoles,2022-03-09 14:30:00,22.15,cumaribo
99,vichada,99524,la primavera,99524000,la primavera (la primavera - vichada),2022,3,402405,161550,741.13,jueves,2022-03-31 18:15:00,23.58,la primavera
99,vichada,99001,puerto carreño,99001002,casuarito (puerto carreño - vichada),2022,3,29865,11256,121.62,martes,2022-03-22 19:45:00,10.02,puerto carreño
99,vichada,99001,puerto carreño,99001000,puerto carreño (puerto carreño - vichada),2022,3,2775067,845214,4887.52,jueves,2022-03-24 13:45:00,24.0,puerto carreño
99,vichada,99624,santa rosalía,99624000,santa rosalía (santa rosalía - vichada),2022,3,162505,79821,368.26,jueves,2022-03-10 19:45:00,18.27,santa rosalía
91,amazonas,91001,leticia,91001000,leticia (leticia - amazonas),2022,3,3724790,1103082,7322.14,viernes,2022-03-18 15:30:00,23.57,leticia
91,amazonas,91001,leticia,91001000,leticia (leticia - amazonas),2022,4,3582339,1063196,7210.66,miércoles,2022-04-27 15:15:00,24.0,leticia
91,amazonas,91540,puerto nariño,91540000,puerto nariño (puerto nariño - amazonas),2022,4,111006,38389,240.59,martes,2022-04-05 18:45:00,23.9,puerto nariño
91,amazonas,91798,tarapacá,91798000,tarapacá (tarapacá - amazonas),2022,4,20700,9568,82.64,sábado,2022-04-09 18:30:00,9.62,tarapacá
05,antioquia,05873,vigía del fuerte,05873002,vegáez (vigía del fuerte - antioquia),2022,4,1236,191,47.07,jueves,2022-04-21 09:45:00,1.4,vigía del fuerte
88,archipiélago de san andrés,88564,providencia,88564000,providencia (providencia - archipiélago de san andrés),2022,4,1063832,268820,1812.35,miércoles,2022-04-06 20:45:00,24.0,providencia
88,archipiélago de san andrés,88001,san andrés,88001000,san andrés (san andrés - archipiélago de san andrés),2022,4,17357143,4666990,30191.03,miércoles,2022-04-06 15:30:00,24.0,san andrés
13,bolívar,13001,cartagena de indias,13001037,isla múcura (cartagena - bolívar),2022,4,6932,2677,21.86,sábado,2022-04-30 01:00:00,14.83,cartagena
13,bolívar,13001,cartagena de indias,13001037,santa cruz del islote (cartagena - bolívar),2022,4,13261,4326,39.62,lunes,2022-04-11 22:00:00,14.3,cartagena
18,caquetá,18753,san vicente del caguán,18753002,guacamayas (san vicente del caguán - caquetá),2022,4,14240,4925,39.82,jueves,2022-04-21 19:00:00,17.67,san vicente del caguán
18,caquetá,18753,san vicente del caguán,18753002,guayabal (san vicente del caguán - caquetá),2022,4,5614,2585,51.63,lunes,2022-04-11 18:15:00,6.1,san vicente del caguán
18,caquetá,18150,cartagena del chairá,18150001,remolino del caguán (cartagena del chaira - caquetá),2022,4,15973,7841,86.55,sábado,2022-04-30 19:00:00,8.05,cartagena del chaira
18,caquetá,18150,cartagena del chairá,18150001,santa fe del caguán (cartagena del chaira - caquetá),2022,4,3081,1467,39.96,sábado,2022-04-23 19:00:00,3.4,cartagena del chaira
85,casanare,85430,trinidad,85430001,bocas del pauto (trinidad - casanare),2022,4,11309,6104,102.21,martes,2022-04-12 18:45:00,4.6,trinidad
19,cauca,19809,timbiquí,19809003,chacón (timbiquí - cauca),2022,4,4438,1424,28.7,sábado,2022-04-09 19:15:00,6.85,timbiquí
19,cauca,19809,timbiquí,19809003,coteje (timbiquí - cauca),2022,4,6659,4901,32.52,miércoles,2022-04-27 19:45:00,8.38,timbiquí
19,cauca,19418,lópez (micay),19418038,isla de gallo (lópez (micay) - cauca),2022,4,2704,1333,23.17,martes,2022-04-05 19:00:00,4.98,lópez (micay)
19,cauca,19318,guapi,19318008,limones (guapi - cauca),2022,4,8641,3982,38.19,viernes,2022-04-29 18:45:00,9.85,guapi
19,cauca,19809,timbiquí,19809003,los brazos (timbiquí - cauca),2022,4,7496,1548,43.85,domingo,2022-04-03 19:00:00,6.85,timbiquí
19,cauca,19809,timbiquí,19809003,puerto saija (timbiquí - cauca),2022,4,24300,12112,167.38,sábado,2022-04-02 19:00:00,5.77,timbiquí
19,cauca,19418,lópez (micay),19418038,san antonio de chuaré (lópez (micay) - cauca),2022,4,7681,2611,63.1,viernes,2022-04-01 19:00:00,5.28,lópez (micay)
19,cauca,19418,lópez (micay),19418038,san isidro (lópez (micay) - cauca),2022,4,1046,539,7.36,viernes,2022-04-29 18:45:00,6.33,lópez (micay)
19,cauca,19809,timbiquí,19809003,san josé (timbiquí - cauca),2022,4,8189,6136,36.94,miércoles,2022-04-13 20:45:00,9.23,timbiquí
19,cauca,19809,timbiquí,19809003,santa maría (timbiquí - cauca),2022,4,12243,5103,75.07,miércoles,2022-04-13 19:15:00,7.08,timbiquí
19,cauca,19809,timbiquí,19809003,santa rosa de saija (timbiquí - cauca),2022,4,4221,2369,24.41,domingo,2022-04-03 19:15:00,6.95,timbiquí
19,cauca,19418,lópez (micay),19418038,zaragoza (lópez (micay) - cauca),2022,4,5366,2023,60.32,lunes,2022-04-11 18:30:00,4.67,lópez (micay)
27,choco,27006,acandí,27006000,acandí (acandí - choco),2022,4,552462,196436,1073.78,miércoles,2022-04-06 21:30:00,22.15,acandí
27,choco,27800,unguía,27800001,balboa (unguía - choco),2022,4,20278,7670,84.88,jueves,2022-04-28 20:00:00,10.17,unguía
27,choco,27099,bojayá (bellavista),27099000,bellavista (bojayá (bellavista) - choco),2022,4,53311,15150,275.73,martes,2022-04-05 20:15:00,8.7,bojayá (bellavista)
27,choco,27425,medio atrato (beté),27425000,beté (medio atrato (beté) - choco),2022,4,15763,8691,60.0,viernes,2022-04-29 12:00:00,12.2,medio atrato (beté)
27,choco,27077,bajo baudó (pizarro),27077905,buenavista (bajo baudó (pizarro) - choco),2022,4,6770,923,38.91,miércoles,2022-04-13 11:00:00,7.0,bajo baudó (pizarro)
27,choco,27025,alto baudó (pie de pato),27025000,ciudad baudó (alto baudó (pie de pato) - choco),2022,4,42964,14475,135.52,jueves,2022-04-07 19:30:00,21.73,alto baudó (pie de pato)
27,choco,27495,nuquí,27495000,comunidad indígena de panguí - (el yucal) (nuquí - choco),2022,4,7153,2012,11.41,domingo,2022-04-17 16:00:00,23.73,nuquí
27,choco,27250,el litoral del san juan,27250000,cucurrupí (el litoral del san juan - choco),2022,4,3262,879,20.22,lunes,2022-04-18 18:45:00,6.65,el litoral del san juan
27,choco,27075,bahía solano (mutis),27075001,cupica (bahía solano (mutis) - choco),2022,4,56886,20834,160.12,sábado,2022-04-23 19:30:00,19.7,bahía solano (mutis)
27,choco,27075,bahía solano (mutis),27075001,el valle (bahía solano (mutis) - choco),2022,4,159552,66952,331.58,martes,2022-04-12 19:15:00,23.8,bahía solano (mutis)
27,choco,27372,juradó,27372000,jurado (jurado - choco),2022,4,164555,70508,321.92,martes,2022-04-05 19:45:00,22.83,jurado
27,choco,27099,bojayá (bellavista),27099000,la loma de bojayá (bojayá (bellavista) - choco),2022,4,11689,6006,60.8,viernes,2022-04-08 19:00:00,8.8,bojayá (bellavista)
27,choco,27075,bahía solano (mutis),27075001,mutis (bahía solano (mutis) - choco),2022,4,688977,228068,1326.6,lunes,2022-04-18 19:45:00,23.88,bahía solano (mutis)
27,choco,27099,bojayá (bellavista),27099000,napipí (bojayá (bellavista) - choco),2022,4,2648,724,64.0,martes,2022-04-26 21:00:00,1.75,bojayá (bellavista)
27,choco,27495,nuquí,27495000,nuquí (nuquí - choco),2022,4,250918,100644,494.91,martes,2022-04-05 19:15:00,23.98,nuquí
27,choco,27077,bajo baudó (pizarro),27077905,piliza (bajo baudó (pizarro) - choco),2022,4,6915,5898,35.2,miércoles,2022-04-27 20:15:00,8.55,bajo baudó (pizarro)
27,choco,27077,bajo baudó (pizarro),27077905,pizarro (bajo baudó (pizarro) - choco),2022,4,201810,91051,444.58,martes,2022-04-12 19:45:00,21.98,bajo baudó (pizarro)
27,choco,27495,nuquí,27495000,puerto jagua (nuquí - choco),2022,4,661,332,4.32,jueves,2022-04-14 19:15:00,6.48,nuquí
27,choco,27250,el litoral del san juan,27250000,santa genoveva de docordó (el litoral del san juan - choco),2022,4,54053,29739,168.7,viernes,2022-04-08 18:30:00,18.8,el litoral del san juan
27,choco,27001,quibdó,27001029,tagachi (quibdó - choco),2022,4,4111,1485,46.68,jueves,2022-04-21 19:15:00,3.65,quibdó
27,choco,27800,unguía,27800001,titumate (unguía - choco),2022,4,18478,4604,101.82,domingo,2022-04-24 20:30:00,8.8,unguía
27,choco,27250,el litoral del san juan,27250000,togoroma playa (el litoral del san juan - choco),2022,4,770,207,7.95,martes,2022-04-19 18:30:00,4.45,el litoral del san juan
27,choco,27800,unguía,27800001,unguía (unguía - choco),2022,4,398357,134764,850.08,viernes,2022-04-29 20:45:00,22.4,unguía
94,guainía,94343,barrancominas,94343000,barranco minas (barranco minas - guainía),2022,4,75510,23554,206.35,jueves,2022-04-28 18:45:00,16.28,barranco minas
94,guainía,94001,inírida,94001000,inírida (inírida - guainía),2022,4,1921704,646285,3780.48,viernes,2022-04-01 15:00:00,24.0,inírida
95,guaviare,95200,miraflores,95200000,miraflores (miraflores - guaviare),2022,4,84458,29114,205.04,viernes,2022-04-08 18:30:00,19.0,miraflores
44,la guajira,44847,uribia,44847012,nazareth (uribía - la guajira),2022,4,41010,11121,182.38,martes,2022-04-19 19:15:00,12.38,uribía
47,magdalena,47189,ciénaga,47189018,palmor (ciénaga - magdalena),2022,4,68569,24212,171.84,viernes,2022-04-01 18:45:00,21.5,ciénaga
50,meta,50325,mapiripán,50325000,mapiripán (mapiripán - meta),2022,4,159262,63613,324.72,viernes,2022-04-01 18:45:00,23.63,mapiripán
52,nariño,52390,la tola,52390005,amarales (la tola - nariño),2022,4,6815,2977,39.81,miércoles,2022-04-27 19:15:00,7.38,la tola
52,nariño,52250,el charco,52250023,bazán (el charco - nariño),2022,4,13552,8401,110.4,lunes,2022-04-11 20:15:00,5.27,el charco
52,nariño,52835,tumaco,52835055,bocas de curay (tumaco - nariño),2022,4,9019,2817,55.2,sábado,2022-04-23 19:30:00,7.1,tumaco
52,nariño,52490,olaya herrera,52490913,bocas de prieta (olaya herrera - nariño),2022,4,1602,431,20.59,jueves,2022-04-28 19:45:00,4.3,olaya herrera
52,nariño,52696,santa bárbara (iscuandé),52696022,la ensenada (santa bárbara (iscuandé) - nariño),2022,4,3075,4874,22.78,miércoles,2022-04-27 19:30:00,5.55,santa bárbara (iscuandé)
52,nariño,52390,la tola,52390005,la vigía (la tola - nariño),2022,4,5881,2281,31.28,martes,2022-04-05 12:15:00,8.37,la tola
52,nariño,52250,el charco,52250023,las mercedes (el charco - nariño),2022,4,1720,579,12.45,sábado,2022-04-23 19:15:00,5.45,el charco
52,nariño,52390,la tola,52390005,mulatos (la tola - nariño),2022,4,4345,2121,37.18,martes,2022-04-12 18:15:00,6.17,la tola
52,nariño,52250,el charco,52250023,san josé (el charco - nariño),2022,4,15022,3066,80.0,sábado,2022-04-30 21:45:00,7.9,el charco
52,nariño,52835,tumaco,52835055,san juan costa (tumaco - nariño),2022,4,20778,7886,140.8,viernes,2022-04-01 19:15:00,7.43,tumaco
52,nariño,52390,la tola,52390005,san pablo de la mar (la tola - nariño),2022,4,3826,1319,30.53,domingo,2022-04-03 19:15:00,5.8,la tola
52,nariño,52520,francisco pizarro,52520013,san pedro del vino (francisco pizarro - nariño),2022,4,4694,2361,29.41,sábado,2022-04-09 20:00:00,7.0,francisco pizarro
52,nariño,52696,santa bárbara (iscuandé),52696022,secadero (santa bárbara (iscuandé) - nariño),2022,4,2591,1134,11.66,miércoles,2022-04-13 17:30:00,9.33,santa bárbara (iscuandé)
86,putumayo,86573,puerto leguízamo,86573009,piñuña negro (puerto leguízamo - putumayo),2022,4,4083,1814,28.8,sábado,2022-04-09 17:30:00,6.63,puerto leguízamo
86,putumayo,86573,puerto leguízamo,86573009,puerto leguízamo (puerto leguízamo - putumayo),2022,4,946982,312723,1999.98,miércoles,2022-04-27 14:45:00,23.95,puerto leguízamo
76,valle del cauca,76109,buenaventura,76109028,puerto merizalde (buenaventura - valle del cauca),2022,4,82693,27964,221.76,viernes,2022-04-29 19:30:00,16.28,buenaventura
76,valle del cauca,76109,buenaventura,76109028,san francisco de naya (buenaventura - valle del cauca),2022,4,5900,2559,32.42,lunes,2022-04-18 11:45:00,7.93,buenaventura
97,vaupés,97161,carurú,97161000,carurú (carurú - vaupés),2022,4,26106,7609,98.82,viernes,2022-04-08 18:15:00,11.92,carurú
97,vaupés,97001,mitú,97001000,mitú (mitú - vaupés),2022,4,1299949,377527,2722.38,miércoles,2022-04-27 13:00:00,24.0,mitú
97,vaupés,97666,taraira,97666000,taraira (taraira - vaupés),2022,4,31504,9934,123.9,miércoles,2022-04-27 18:45:00,11.23,taraira
99,vichada,99001,puerto carreño,99001002,casuarito (puerto carreño - vichada),2022,4,24941,9541,118.62,martes,2022-04-19 11:45:00,8.73,puerto carreño
99,vichada,99773,cumaribo,99773000,cumaribo (cumaribo - vichada),2022,4,328382,139769,725.12,viernes,2022-04-01 14:30:00,23.93,cumaribo
99,vichada,99524,la primavera,99524000,la primavera (la primavera - vichada),2022,4,365987,145437,724.34,viernes,2022-04-01 18:30:00,23.9,la primavera
99,vichada,99001,puerto carreño,99001002,puerto carreño (puerto carreño - vichada),2022,4,2501259,800671,5051.2,viernes,2022-04-01 14:30:00,23.97,puerto carreño
99,vichada,99624,santa rosalía,99624000,santa rosalía (santa rosalía - vichada),2022,4,146203,73686,364.7,viernes,2022-04-01 18:45:00,17.9,santa rosalía
91,amazonas,91001,leticia,91001000,leticia (leticia - amazonas),2022,5,3723714,1110516,7146.8,miércoles,2022-05-11 14:30:00,24.0,leticia
91,amazonas,91540,puerto nariño,91540000,puerto nariño (puerto nariño - amazonas),2022,5,110906,39659,224.4,miércoles,2022-05-11 18:30:00,24.0,puerto nariño
91,amazonas,91798,tarapacá,91798000,tarapacá (tarapacá - amazonas),2022,5,23816,10652,88.13,lunes,2022-05-09 19:00:00,10.43,tarapacá
05,antioquia,05873,vigía del fuerte,05873002,vegáez (vigía del fuerte - antioquia),2022,5,3577,478,34.21,domingo,2022-05-01 19:45:00,6.12,vigía del fuerte
88,archipiélago de san andrés,88564,providencia,88564000,providencia (providencia - archipiélago de san andrés),2022,5,1125939,278914,1888.11,jueves,2022-05-26 20:45:00,24.0,providencia
88,archipiélago de san andrés,88001,san andrés,88001000,san andrés (san andrés - archipiélago de san andrés),2022,5,17797916,4720668,30430.83,martes,2022-05-10 15:30:00,24.0,san andrés
13,bolívar,13001,cartagena de indias,13001037,isla múcura (cartagena - bolívar),2022,5,7082,2825,22.34,martes,2022-05-17 21:45:00,14.62,cartagena
13,bolívar,13001,cartagena de indias,13001037,santa cruz del islote (cartagena - bolívar),2022,5,13696,4346,38.78,martes,2022-05-10 21:45:00,14.18,cartagena
18,caquetá,18753,san vicente del caguán,18753002,guacamayas (san vicente del caguán - caquetá),2022,5,12550,3979,41.23,sábado,2022-05-21 19:30:00,15.43,san vicente del caguán
18,caquetá,18753,san vicente del caguán,18753002,guayabal (san vicente del caguán - caquetá),2022,5,6389,3050,37.44,lunes,2022-05-16 18:30:00,7.12,san vicente del caguán
18,caquetá,18150,cartagena del chairá,18150001,remolino del caguán (cartagena del chaira - caquetá),2022,5,17111,8453,92.62,sábado,2022-05-21 18:30:00,8.02,cartagena del chaira
18,caquetá,18150,cartagena del chairá,18150001,santa fe del caguán (cartagena del chaira - caquetá),2022,5,3599,1804,39.6,domingo,2022-05-01 18:30:00,3.82,cartagena del chaira
85,casanare,85430,trinidad,85430001,bocas del pauto (trinidad - casanare),2022,5,13744,7767,111.42,miércoles,2022-05-18 11:15:00,6.0,trinidad
19,cauca,19809,timbiquí,19809003,chacón (timbiquí - cauca),2022,5,4516,1432,28.11,viernes,2022-05-27 20:00:00,6.52,timbiquí
19,cauca,19809,timbiquí,19809003,coteje (timbiquí - cauca),2022,5,6577,4898,32.08,lunes,2022-05-30 19:15:00,8.02,timbiquí
19,cauca,19418,lópez (micay),19418038,isla de gallo (lópez (micay) - cauca),2022,5,2889,1383,24.1,sábado,2022-05-14 18:30:00,5.15,lópez (micay)
19,cauca,19318,guapi,19318008,limones (guapi - cauca),2022,5,8949,4217,39.52,domingo,2022-05-08 13:00:00,9.8,guapi
19,cauca,19809,timbiquí,19809003,los brazos (timbiquí - cauca),2022,5,8099,1696,44.4,martes,2022-05-03 19:15:00,7.28,timbiquí
19,cauca,19418,lópez (micay),19418038,noanamito (lópez (micay) - cauca),2022,5,6369,1818,44.0,martes,2022-05-31 19:00:00,5.75,lópez (micay)
19,cauca,19809,timbiquí,19809003,puerto saija (timbiquí - cauca),2022,5,29180,14604,173.18,domingo,2022-05-29 19:15:00,6.65,timbiquí
19,cauca,19418,lópez (micay),19418038,san antonio de chuaré (lópez (micay) - cauca),2022,5,10368,3716,61.63,domingo,2022-05-01 18:45:00,6.48,lópez (micay)
19,cauca,19318,guapi,19318008,san antonio de guajui (guapi - cauca),2022,5,11916,4987,49.94,martes,2022-05-31 20:00:00,9.55,guapi
19,cauca,19418,lópez (micay),19418038,san isidro (lópez (micay) - cauca),2022,5,1188,603,8.32,martes,2022-05-03 19:15:00,7.15,lópez (micay)
19,cauca,19809,timbiquí,19809003,santa maría (timbiquí - cauca),2022,5,12262,5108,71.49,sábado,2022-05-07 20:00:00,7.0,timbiquí
19,cauca,19418,lópez (micay),19418038,zaragoza (lópez (micay) - cauca),2022,5,7305,2807,52.22,domingo,2022-05-08 19:15:00,6.4,lópez (micay)
27,choco,27800,unguía,27800001,balboa (unguía - choco),2022,5,21873,8265,89.37,domingo,2022-05-01 20:15:00,10.25,unguía
27,choco,27099,bojayá (bellavista),27099000,bellavista (bojayá (bellavista) - choco),2022,5,81611,23560,261.12,lunes,2022-05-09 18:45:00,14.18,bojayá (bellavista)
27,choco,27425,medio atrato (beté),27425000,beté (medio atrato (beté) - choco),2022,5,16854,9058,64.0,lunes,2022-05-02 19:00:00,12.48,medio atrato (beté)
27,choco,27025,alto baudó (pie de pato),27025000,ciudad baudó (alto baudó (pie de pato) - choco),2022,5,47152,15698,129.01,jueves,2022-05-19 19:30:00,23.23,alto baudó (pie de pato)
27,choco,27495,nuquí,27495000,comunidad indígena de panguí - (el yucal) (nuquí - choco),2022,5,5725,1723,11.42,viernes,2022-05-02 19:15:00,23.02,nuquí
27,choco,27250,el litoral del san juan,27250000,cucurrupí (el litoral del san juan - choco),2022,5,3318,917,20.35,viernes,2022-05-20 17:30:00,6.27,el litoral del san juan
27,choco,27075,bahía solano (mutis),27075001,cupica (bahía solano (mutis) - choco),2022,5,72895,25205,167.27,martes,2022-05-27 18:45:00,23.92,bahía solano (mutis)
27,choco,27075,bahía solano (mutis),27075001,el valle (bahía solano (mutis) - choco),2022,5,164833,68266,344.26,lunes,2022-05-03 20:00:00,23.87,bahía solano (mutis)
27,choco,27372,juradó,27372000,jurado (jurado - choco),2022,5,173706,73275,324.48,lunes,2022-05-30 19:15:00,23.93,jurado
27,choco,27099,bojayá (bellavista),27099000,la loma de bojayá (bojayá (bellavista) - choco),2022,5,10591,5672,60.8,miércoles,2022-05-16 19:00:00,8.2,bojayá (bellavista)
27,choco,27075,bahía solano (mutis),27075001,mutis (bahía solano (mutis) - choco),2022,5,714719,260059,1380.28,lunes,2022-05-25 19:15:00,23.88,bahía solano (mutis)
27,choco,27495,nuquí,27495000,nuquí (nuquí - choco),2022,5,257578,105758,508.64,viernes,2022-05-27 19:00:00,23.6,nuquí
27,choco,27077,bajo baudó (pizarro),27077905,piliza (bajo baudó (pizarro) - choco),2022,5,6763,6146,35.2,lunes,2022-05-16 19:00:00,7.82,bajo baudó (pizarro)
27,choco,27077,bajo baudó (pizarro),27077905,pizarro (bajo baudó (pizarro) - choco),2022,5,218269,100015,469.92,miércoles,2022-05-11 19:00:00,22.23,bajo baudó (pizarro)
27,choco,27495,nuquí,27495000,puerto jagua (nuquí - choco),2022,5,847,420,4.66,miércoles,2022-05-25 19:30:00,7.92,nuquí
27,choco,27006,acandí,27006000,san francisco (acandí - choco),2022,5,2590,1089,31.78,martes,2022-05-24 20:45:00,3.58,acandí
27,choco,27001,quibdó,27001029,tagachi (quibdó - choco),2022,5,6141,2262,54.48,lunes,2022-05-09 19:30:00,5.5,quibdó
27,choco,27800,unguía,27800001,titumate (unguía - choco),2022,5,17922,4439,104.02,domingo,2022-05-01 19:15:00,8.17,unguía
27,choco,27250,el litoral del san juan,27250000,togoroma playa (el litoral del san juan - choco),2022,5,895,240,7.95,jueves,2022-05-19 18:30:00,5.02,el litoral del san juan
27,choco,27800,unguía,27800001,unguía (unguía - choco),2022,5,430371,143541,902.35,jueves,2022-05-12 21:15:00,22.4,unguía
94,guainía,94343,barrancominas,94343000,barranco minas (barranco minas - guainía),2022,5,67155,18386,181.57,martes,2022-05-03 18:45:00,16.32,barranco minas
94,guainía,94001,inírida,94001000,inírida (inírida - guainía),2022,5,1920999,645033,3836.8,martes,2022-05-03 14:30:00,24.0,inírida
95,guaviare,95200,miraflores,95200000,miraflores (miraflores - guaviare),2022,5,90318,31378,206.36,jueves,2022-05-12 19:15:00,19.33,miraflores
44,la guajira,44847,uribia,44847012,nazareth (uribía - la guajira),2022,5,45811,0,189.74,miércoles,2022-05-18 19:15:00,12.1,uribía
47,magdalena,47189,ciénaga,47189018,palmor (ciénaga - magdalena),2022,5,76093,26666,172.93,sábado,2022-05-21 20:00:00,21.15,ciénaga
52,nariño,52390,la tola,52390005,aguacatal (la tola - nariño),2022,5,672,185,11.92,martes,2022-05-31 19:15:00,2.38,la tola
52,nariño,52390,la tola,52390005,amarales (la tola - nariño),2022,5,7231,3115,43.3,jueves,2022-05-26 19:00:00,7.33,la tola
52,nariño,52250,el charco,52250023,bazán (el charco - nariño),2022,5,20063,7394,100.8,martes,2022-05-24 18:45:00,7.92,el charco
52,nariño,52835,tumaco,52835055,bocas de curay (tumaco - nariño),2022,5,7885,2500,55.2,martes,2022-05-31 19:30:00,6.1,tumaco
52,nariño,52473,mosquera,52473010,el bajito de echandía (mosquera - nariño),2022,5,3073,671,11.98,jueves,2022-05-26 11:15:00,10.82,mosquera
52,nariño,52696,santa bárbara (iscuandé),52696022,la ensenada (santa bárbara (iscuandé) - nariño),2022,5,3063,4831,21.95,jueves,2022-05-26 19:30:00,5.35,santa bárbara (iscuandé)
52,nariño,52390,la tola,52390005,la vigía (la tola - nariño),2022,5,6234,2416,31.48,domingo,2022-05-08 12:15:00,8.5,la tola
52,nariño,52250,el charco,52250023,las mercedes (el charco - nariño),2022,5,1836,589,12.86,jueves,2022-05-26 20:45:00,5.72,el charco
52,nariño,52390,la tola,52390005,mulatos (la tola - nariño),2022,5,4427,2217,35.97,lunes,2022-05-16 17:30:00,6.32,la tola
52,nariño,52250,el charco,52250023,san josé (el charco - nariño),2022,5,14134,3676,80.0,martes,2022-05-17 17:45:00,8.63,el charco
52,nariño,52835,tumaco,52835055,san juan costa (tumaco - nariño),2022,5,20640,7946,121.6,martes,2022-05-03 18:45:00,7.87,tumaco
52,nariño,52390,la tola,52390005,san pablo de la mar (la tola - nariño),2022,5,3961,1232,28.19,martes,2022-05-17 18:45:00,6.02,la tola
52,nariño,52520,francisco pizarro,52520013,san pedro del vino (francisco pizarro - nariño),2022,5,4682,2405,28.51,sábado,2022-05-21 20:00:00,6.83,francisco pizarro
52,nariño,52696,santa bárbara (iscuandé),52696022,secadero (santa bárbara (iscuandé) - nariño),2022,5,3048,1160,14.28,jueves,2022-05-26 19:15:00,9.07,santa bárbara (iscuandé)
86,putumayo,86573,puerto leguízamo,86573009,piñuña negro (puerto leguízamo - putumayo),2022,5,3728,1627,25.6,domingo,2022-05-22 19:00:00,6.25,puerto leguízamo
86,putumayo,86573,puerto leguízamo,86573009,puerto leguízamo (puerto leguízamo - putumayo),2022,5,982942,318175,1951.49,martes,2022-05-03 15:00:00,23.98,puerto leguízamo
76,valle del cauca,76109,buenaventura,76109028,puerto merizalde (buenaventura - valle del cauca),2022,5,81388,28005,213.84,domingo,2022-05-01 20:30:00,15.63,buenaventura
76,valle del cauca,76109,buenaventura,76109028,san francisco de naya (buenaventura - valle del cauca),2022,5,6098,2552,33.63,viernes,2022-05-27 11:45:00,8.0,buenaventura
97,vaupés,97161,carurú,97161000,carurú (carurú - vaupés),2022,5,28056,8460,96.54,miércoles,2022-05-11 18:00:00,12.45,carurú
97,vaupés,97001,mitú,97001000,mitú (mitú - vaupés),2022,5,1353815,391911,2795.89,miércoles,2022-05-04 12:00:00,24.0,mitú
97,vaupés,97666,taraira,97666000,taraira (taraira - vaupés),2022,5,33234,9974,126.46,miércoles,2022-05-11 18:30:00,11.22,taraira
99,vichada,99001,puerto carreño,99001002,casuarito (puerto carreño - vichada),2022,5,24622,9578,120.38,miércoles,2022-05-04 12:30:00,8.6,puerto carreño
99,vichada,99773,cumaribo,99773000,cumaribo (cumaribo - vichada),2022,5,324080,137209,700.48,martes,2022-05-03 15:00:00,23.93,cumaribo
99,vichada,99524,la primavera,99524000,la primavera (la primavera - vichada),2022,5,353229,137702,711.51,miércoles,2022-05-04 18:30:00,23.97,la primavera
99,vichada,99001,puerto carreño,99001002,puerto carreño (puerto carreño - vichada),2022,5,2447966,827054,4837.36,miércoles,2022-05-04 14:15:00,23.97,puerto carreño
99,vichada,99624,santa rosalía,99624000,santa rosalía (santa rosalía - vichada),2022,5,144726,73964,363.5,miércoles,2022-05-04 18:30:00,18.4,santa rosalía
91,amazonas,91001,leticia,91001000,leticia (leticia - amazonas),2022,6,3575767,1065568,7233.6,jueves,2022-06-23 14:30:00,24.0,leticia
91,amazonas,91540,puerto nariño,91540000,puerto nariño (puerto nariño - amazonas),2022,6,104812,36619,224.2,jueves,2022-06-30 18:45:00,23.95,puerto nariño
91,amazonas,91798,tarapacá,91798000,tarapacá (tarapacá - amazonas),2022,6,22160,10472,89.0,martes,2022-06-21 14:45:00,10.43,tarapacá
05,antioquia,05873,vigía del fuerte,05873002,vegáez (vigía del fuerte - antioquia),2022,6,4622,545,41.6,martes,2022-06-21 17:15:00,6.45,vigía del fuerte
88,archipiélago de san andrés,88564,providencia,88564000,providencia (providencia - archipiélago de san andrés),2022,6,1056205,261734,1983.3,miércoles,2022-06-29 21:15:00,24.0,providencia
88,archipiélago de san andrés,88001,san andrés,88001000,san andrés (san andrés - archipiélago de san andrés),2022,6,16330600,4428871,29697.1,miércoles,2022-06-08 15:30:00,24.0,san andrés
13,bolívar,13001,cartagena de indias,13001037,isla fuerte (cartagena - bolívar),2022,6,52039,24778,179.3,jueves,2022-06-23 23:00:00,12.68,cartagena
13,bolívar,13001,cartagena de indias,13001037,isla múcura (cartagena - bolívar),2022,6,6662,2473,23.7,jueves,2022-06-23 22:00:00,13.98,cartagena
13,bolívar,13001,cartagena de indias,13001037,santa cruz del islote (cartagena - bolívar),2022,6,12585,3947,38.4,miércoles,2022-06-29 21:30:00,13.73,cartagena
18,caquetá,18753,san vicente del caguán,18753002,guacamayas (san vicente del caguán - caquetá),2022,6,13567,4441,41.8,lunes,2022-06-27 19:30:00,18.15,san vicente del caguán
18,caquetá,18753,san vicente del caguán,18753002,guayabal (san vicente del caguán - caquetá),2022,6,5878,2779,37.9,domingo,2022-06-05 10:30:00,6.63,san vicente del caguán
18,caquetá,18150,cartagena del chairá,18150001,remolino del caguán (cartagena del chaira - caquetá),2022,6,16113,8181,87.8,viernes,2022-06-03 18:45:00,8.07,cartagena del chaira
18,caquetá,18150,cartagena del chairá,18150001,santa fe del caguán (cartagena del chaira - caquetá),2022,6,3731,1864,41.6,jueves,2022-06-09 18:45:00,4.27,cartagena del chaira
85,casanare,85430,trinidad,85430001,bocas del pauto (trinidad - casanare),2022,6,13194,7595,94.2,martes,2022-06-28 18:30:00,6.2,trinidad
19,cauca,19809,timbiquí,19809003,chacón (timbiquí - cauca),2022,6,4233,1293,27.9,jueves,2022-06-09 19:15:00,6.4,timbiquí
19,cauca,19809,timbiquí,19809003,comunidad de chete (timbiquí - cauca),2022,6,2433,916,26.1,sábado,2022-06-11 19:00:00,3.87,timbiquí
19,cauca,19809,timbiquí,19809003,coteje (timbiquí - cauca),2022,6,6034,4499,31.7,martes,2022-06-07 19:30:00,7.7,timbiquí
19,cauca,19418,lópez (micay),19418038,isla de gallo (lópez (micay) - cauca),2022,6,3459,1632,21.9,viernes,2022-06-10 18:15:00,6.78,lópez (micay)
19,cauca,19318,guapi,19318008,limones (guapi - cauca),2022,6,7833,3788,35.0,miércoles,2022-06-01 19:30:00,9.82,guapi
19,cauca,19809,timbiquí,19809003,los brazos (timbiquí - cauca),2022,6,7685,1580,41.0,miércoles,2022-06-01 18:00:00,7.43,timbiquí
19,cauca,19418,lópez (micay),19418038,noanamito (lópez (micay) - cauca),2022,6,6867,2021,44.0,miércoles,2022-06-01 18:30:00,6.62,lópez (micay)
19,cauca,19809,timbiquí,19809003,puerto saija (timbiquí - cauca),2022,6,27313,13763,169.1,miércoles,2022-06-08 19:30:00,6.45,timbiquí
19,cauca,19418,lópez (micay),19418038,san antonio de chuaré (lópez (micay) - cauca),2022,6,8248,2683,59.7,jueves,2022-06-09 19:00:00,7.8,lópez (micay)
19,cauca,19318,guapi,19318008,san antonio de guajui (guapi - cauca),2022,6,11513,5520,49.0,miércoles,2022-06-08 19:45:00,9.55,guapi
19,cauca,19809,timbiquí,19809003,santa maría (timbiquí - cauca),2022,6,12224,5201,70.1,miércoles,2022-06-08 18:45:00,7.38,timbiquí
19,cauca,19809,timbiquí,19809003,santa rosa de saija (timbiquí - cauca),2022,6,3959,2173,25.0,sábado,2022-06-04 19:30:00,6.73,timbiquí
19,cauca,19418,lópez (micay),19418038,zaragoza (lópez (micay) - cauca),2022,6,4981,1880,47.4,sábado,2022-06-11 18:45:00,4.38,lópez (micay)
27,choco,27800,unguía,27800001,balboa (unguía - choco),2022,6,19962,8206,90.9,viernes,2022-06-10 20:30:00,10.03,unguía
27,choco,27099,bojayá (bellavista),27099000,bellavista (bojayá (bellavista) - choco),2022,6,94094,27441,226.9,viernes,2022-06-03 19:45:00,17.7,bojayá (bellavista)
27,choco,27425,medio atrato (beté),27425000,beté (medio atrato (beté) - choco),2022,6,14249,7518,56.0,miércoles,2022-06-22 19:30:00,12.03,medio atrato (beté)
27,choco,27025,alto baudó (pie de pato),27025000,ciudad baudó (alto baudó (pie de pato) - choco),2022,6,43555,14905,108.3,sábado,2022-06-04 11:45:00,24.0,alto baudó (pie de pato)
27,choco,27495,nuquí,27495000,comunidad indígena de panguí - (el yucal) (nuquí - choco),2022,6,7868,1762,11.4,jueves,2022-06-02 18:15:00,23.8,nuquí
27,choco,27250,el litoral del san juan,27250000,cucurrupí (el litoral del san juan - choco),2022,6,3078,946,20.1,miércoles,2022-06-08 19:00:00,6.23,el litoral del san juan
27,choco,27075,bahía solano (mutis),27075001,cupica (bahía solano (mutis) - choco),2022,6,66925,23714,150.0,viernes,2022-06-03 19:30:00,23.68,bahía solano (mutis)
27,choco,27075,bahía solano (mutis),27075001,el valle (bahía solano (mutis) - choco),2022,6,154438,63802,326.3,miércoles,2022-06-29 19:30:00,23.85,bahía solano (mutis)
27,choco,27372,juradó,27372000,jurado (jurado - choco),2022,6,156651,68498,286.6,miércoles,2022-06-15 19:30:00,23.87,jurado
27,choco,27099,bojayá (bellavista),27099000,la loma de bojayá (bojayá (bellavista) - choco),2022,6,10777,5754,57.6,lunes,2022-06-06 19:15:00,8.8,bojayá (bellavista)
27,choco,27099,bojayá (bellavista),27099000,napipí (bojayá (bellavista) - choco),2022,6,8914,2289,60.8,sábado,2022-06-04 18:45:00,6.0,bojayá (bellavista)
27,choco,27495,nuquí,27495000,nuquí (nuquí - choco),2022,6,242342,95501,484.0,sábado,2022-06-04 20:00:00,23.93,nuquí
27,choco,27077,bajo baudó (pizarro),27077905,piliza (bajo baudó (pizarro) - choco),2022,6,5760,4579,35.2,martes,2022-06-07 18:30:00,6.75,bajo baudó (pizarro)
27,choco,27077,bajo baudó (pizarro),27077905,pizarro (bajo baudó (pizarro) - choco),2022,6,207574,94136,492.6,miércoles,2022-06-08 19:00:00,22.77,bajo baudó (pizarro)
27,choco,27495,nuquí,27495000,puerto jagua (nuquí - choco),2022,6,742,379,4.8,jueves,2022-06-30 19:15:00,6.68,nuquí
27,choco,27001,quibdó,27001029,tagachi (quibdó - choco),2022,6,5703,2049,50.4,sábado,2022-06-25 12:30:00,5.27,quibdó
27,choco,27800,unguía,27800001,titumate (unguía - choco),2022,6,16907,4374,89.8,viernes,2022-06-17 19:00:00,8.85,unguía
27,choco,27250,el litoral del san juan,27250000,togoroma playa (el litoral del san juan - choco),2022,6,984,235,7.5,miércoles,2022-06-01 19:15:00,5.58,el litoral del san juan
27,choco,27800,unguía,27800001,unguía (unguía - choco),2022,6,391559,133588,867.5,viernes,2022-06-03 20:30:00,22.35,unguía
94,guainía,94343,barrancominas,94343000,barranco minas (barranco minas - guainía),2022,6,63193,17154,187.6,miércoles,2022-06-29 18:30:00,16.33,barranco minas
94,guainía,94001,inírida,94001000,inírida (inírida - guainía),2022,6,1777295,595336,3563.1,jueves,2022-06-09 15:00:00,24.0,inírida
95,guaviare,95200,miraflores,95200000,miraflores (miraflores - guaviare),2022,6,83248,29949,208.1,jueves,2022-06-02 19:00:00,19.22,miraflores
44,la guajira,44847,uribia,44847012,nazareth (uribía - la guajira),2022,6,44110,11665,190.1,lunes,2022-06-13 20:00:00,11.83,uribía
47,magdalena,47189,ciénaga,47189018,palmor (ciénaga - magdalena),2022,6,84901,28344,173.2,domingo,2022-06-26 08:00:00,22.05,ciénaga
52,nariño,52390,la tola,52390005,aguacatal (la tola - nariño),2022,6,2158,610,12.2,sábado,2022-06-11 16:45:00,7.87,la tola
52,nariño,52250,el charco,52250023,bazán (el charco - nariño),2022,6,18800,6784,96.0,viernes,2022-06-03 18:45:00,8.0,el charco
52,nariño,52835,tumaco,52835055,bocas de curay (tumaco - nariño),2022,6,7273,2379,57.6,viernes,2022-06-03 19:15:00,5.88,tumaco
52,nariño,52490,olaya herrera,52490913,bocas de prieta (olaya herrera - nariño),2022,6,2819,657,19.1,martes,2022-06-07 18:00:00,6.57,olaya herrera
52,nariño,52473,mosquera,52473010,el bajito de echandía (mosquera - nariño),2022,6,2602,600,12.3,viernes,2022-06-17 18:15:00,8.38,mosquera
52,nariño,52696,santa bárbara (iscuandé),52696022,la ensenada (santa bárbara (iscuandé) - nariño),2022,6,1875,3026,22.4,miércoles,2022-06-08 19:00:00,3.58,santa bárbara (iscuandé)
52,nariño,52390,la tola,52390005,la vigía (la tola - nariño),2022,6,6007,2323,31.7,jueves,2022-06-30 12:15:00,8.5,la tola
52,nariño,52390,la tola,52390005,mulatos (la tola - nariño),2022,6,3981,2012,35.5,viernes,2022-06-03 18:30:00,5.98,la tola
52,nariño,52250,el charco,52250023,san josé (el charco - nariño),2022,6,10776,3662,56.0,miércoles,2022-06-01 19:00:00,7.92,el charco
52,nariño,52835,tumaco,52835055,san juan costa (tumaco - nariño),2022,6,23053,9220,115.2,lunes,2022-06-20 19:15:00,8.97,tumaco
52,nariño,52390,la tola,52390005,san pablo de la mar (la tola - nariño),2022,6,1966,491,23.7,jueves,2022-06-02 19:00:00,3.98,la tola
52,nariño,52520,francisco pizarro,52520013,san pedro del vino (francisco pizarro - nariño),2022,6,4341,2312,29.9,jueves,2022-06-16 18:00:00,6.75,francisco pizarro
52,nariño,52696,santa bárbara (iscuandé),52696022,secadero (santa bárbara (iscuandé) - nariño),2022,6,3022,1516,14.8,sábado,2022-06-04 12:45:00,9.02,santa bárbara (iscuandé)
86,putumayo,86573,puerto leguízamo,86573009,piñuña negro (puerto leguízamo - putumayo),2022,6,3814,1751,25.6,viernes,2022-06-03 19:00:00,6.47,puerto leguízamo
86,putumayo,86573,puerto leguízamo,86573009,puerto leguízamo (puerto leguízamo - putumayo),2022,6,925729,297857,1939.3,viernes,2022-06-10 14:45:00,23.87,puerto leguízamo
76,valle del cauca,76109,buenaventura,76109028,puerto merizalde (buenaventura - valle del cauca),2022,6,81787,27791,208.4,jueves,2022-06-23 19:45:00,16.52,buenaventura
76,valle del cauca,76109,buenaventura,76109028,san francisco de naya (buenaventura - valle del cauca),2022,6,6358,2623,31.5,sábado,2022-06-18 11:45:00,8.42,buenaventura
97,vaupés,97161,carurú,97161000,carurú (carurú - vaupés),2022,6,26887,7778,94.4,viernes,2022-06-17 18:45:00,12.22,carurú
97,vaupés,97001,mitú,97001000,mitú (mitú - vaupés),2022,6,1253851,363471,2645.3,lunes,2022-06-06 12:00:00,24.0,mitú
27,chocó,27372,juradó,27372901,santa teresita,2025,12,348,31,96392.0,lunes,2025-12-01 18:15:00,24.0,jurado
97,vaupés,97666,taraira,97666000,taraira (taraira - vaupés),2022,6,31514,9744,128.3,miércoles,2022-06-15 19:00:00,11.1,taraira
99,vichada,99001,puerto carreño,99001002,casuarito (puerto carreño - vichada),2022,6,22785,9026,114.6,miércoles,2022-06-22 19:00:00,8.6,puerto carreño
99,vichada,99773,cumaribo,99773000,cumaribo (cumaribo - vichada),2022,6,297085,127405,626.6,martes,2022-06-07 13:45:00,23.9,cumaribo
99,vichada,99524,la primavera,99524000,la primavera (la primavera - vichada),2022,6,317589,125767,632.2,martes,2022-06-21 18:45:00,23.97,la primavera
99,vichada,99001,puerto carreño,99001002,puerto carreño (puerto carreño - vichada),2022,6,2219308,773785,4629.7,viernes,2022-06-10 14:15:00,23.97,puerto carreño
99,vichada,99624,santa rosalía,99624000,santa rosalía (santa rosalía - vichada),2022,6,134535,68879,334.0,miércoles,2022-06-22 18:30:00,18.45,santa rosalía
91,amazonas,91001,leticia,91001000,leticia (leticia - amazonas),2022,7,3872011,1154631,7059.86,viernes,2022-07-01 15:15:00,24.0,leticia
91,amazonas,91540,puerto nariño,91540000,puerto nariño (puerto nariño - amazonas),2022,7,113898,40782,233.73,martes,2022-07-12 19:15:00,23.97,puerto nariño
91,amazonas,91798,tarapacá,91798000,tarapaca (tarapaca - amazonas),2022,7,24254,10571,90.29,martes,2022-07-12 14:00:00,10.45,tarapaca
05,antioquia,05873,vigía del fuerte,05873002,vegaez (vigia del fuerte - antioquia),2022,7,3567,393,35.81,lunes,2022-07-11 21:00:00,4.95,vigia del fuerte
88,archipielago de san andres,88564,providencia,88564000,providencia (providencia - archipielago de san andres),2022,7,1239766,292504,2145.96,lunes,2022-07-18 21:15:00,24.0,providencia
88,archipielago de san andres,88001,san andrés,88001000,san andres (san andres - archipielago de san andres),2022,7,18451819,4321949,30617.96,miercoles,2022-07-13 15:30:00,24.0,san andres
13,bolivar,13001,cartagena de indias,13001037,isla fuerte (cartagena - bolivar),2022,7,55920,26452,200.2,domingo,2022-07-03 22:45:00,12.87,cartagena
13,bolivar,13001,cartagena de indias,13001037,isla mucura (cartagena - bolivar),2022,7,7101,2763,22.85,sabado,2022-07-09 23:00:00,14.75,cartagena
13,bolivar,13001,cartagena de indias,13001037,santa cruz del islote (cartagena - bolivar),2022,7,14090,4483,40.42,domingo,2022-07-17 21:00:00,14.35,cartagena
18,caqueta,18753,san vicente del caguán,18753002,guacamayas (san vicente del caguan - caqueta),2022,7,14478,4626,42.05,sabado,2022-07-16 19:15:00,17.8,san vicente del caguan
18,caqueta,18753,san vicente del caguán,18753002,guayabal (san vicente del caguan - caqueta),2022,7,5958,2847,37.82,miercoles,2022-07-20 19:00:00,6.45,san vicente del caguan
18,caqueta,18150,cartagena del chairá,18150001,santa fe del caguan (cartagena del chaira - caqueta),2022,7,3177,1523,37.56,jueves,2022-07-21 18:45:00,3.48,cartagena del chaira
19,cauca,19809,timbiquí,19809003,chacon (timbiqui - cauca),2022,7,4097,1243,27.62,sabado,2022-07-09 19:30:00,6.13,timbiqui
19,cauca,19809,timbiquí,19809003,comunidad de chete (timbiqui - cauca),2022,7,4185,1626,25.98,viernes,2022-07-08 19:00:00,6.58,timbiqui
19,cauca,19809,timbiquí,19809003,coteje (timbiqui - cauca),2022,7,6266,4628,32.48,martes,2022-07-26 19:00:00,7.65,timbiqui
19,cauca,19418,lópez (micay),19418038,isla de gallo (lopez (micay) - cauca),2022,7,3549,1533,24.32,viernes,2022-07-15 19:15:00,6.47,lopez (micay)
19,cauca,19318,guapi,19318008,limones (guapi - cauca),2022,7,7463,3624,32.2,sabado,2022-07-23 14:30:00,9.83,guapi
19,cauca,19418,lópez (micay),19418038,noanamito (lopez (micay) - cauca),2022,7,8320,2333,60.0,sabado,2022-07-30 19:45:00,6.77,lopez (micay)
19,cauca,19809,timbiquí,19809003,puerto saija (timbiqui - cauca),2022,7,26533,13203,173.36,domingo,2022-07-24 19:15:00,6.1,timbiqui
19,cauca,19418,lópez (micay),19418038,san antonio de chuare (lopez (micay) - cauca),2022,7,4477,1497,39.36,lunes,2022-07-25 18:45:00,4.63,lopez (micay)
19,cauca,19318,guapi,19318008,san antonio de guajui (guapi - cauca),2022,7,12538,6310,52.76,viernes,2022-07-29 19:00:00,9.52,guapi
19,cauca,19809,timbiquí,19809003,santa rosa de saija (timbiqui - cauca),2022,7,4067,2128,25.18,lunes,2022-07-18 19:45:00,6.42,timbiqui
19,cauca,19418,lópez (micay),19418038,zaragoza (lopez (micay) - cauca),2022,7,4252,1688,48.93,miercoles,2022-07-27 19:15:00,3.65,lopez (micay)
27,choco,27006,acandí,27006000,acandi (acandi - choco),2022,7,624831,213978,1257.17,viernes,2022-07-15 20:30:00,22.22,acandi
27,choco,27800,unguía,27800001,balboa (unguia - choco),2022,7,20362,8399,89.79,jueves,2022-07-14 19:45:00,9.53,unguia
27,choco,27099,bojayá,27099000,bellavista (bojaya (bellavista) - choco),2022,7,89481,25068,269.92,lunes,2022-07-18 19:30:00,14.97,bojaya (bellavista)
27,choco,27425,medio atrato,27425000,bete (medio atrato (bete) - choco),2022,7,13724,6899,60.0,martes,2022-07-19 11:15:00,10.43,medio atrato (bete)
27,choco,27006,acandí,27006000,capurgana (acandi - choco),2022,7,383322,139472,919.6,domingo,2022-07-03 21:00:00,19.57,acandi
27,choco,27025,alto baudó,27025000,ciudad baudo (alto baudo (pie de pato) - choco),2022,7,46705,16143,108.59,sabado,2022-07-30 12:00:00,23.93,alto baudo (pie de pato)
27,choco,27075,bahía solano,27075001,mutis (bahia solano (mutis) - choco),2022,7,702580,240725,1290.08,martes,2022-07-19 19:45:00,23.88,bahia solano (mutis)
27,choco,27495,nuquí,27495000,comunidad indigena de pangui - (el yucal) (nuqui - choco),2022,7,8029,1780,11.42,martes,2022-07-12 16:00:00,23.63,nuqui
27,choco,27250,el litoral del san juan,27250000,cucurrupi (el litoral del san juan - choco),2022,7,3281,954,19.84,martes,2022-07-05 19:00:00,6.38,el litoral del san juan
27,choco,27075,bahía solano,27075001,cupica (bahia solano (mutis) - choco),2022,7,67995,22508,151.14,martes,2022-07-26 19:45:00,23.72,bahia solano (mutis)
27,choco,27075,bahía solano,27075001,el valle (bahia solano (mutis) - choco),2022,7,169468,69821,341.35,martes,2022-07-26 19:15:00,23.73,bahia solano (mutis)
27,choco,27372,juradó,27372000,jurado (jurado - choco),2022,7,169335,71404,306.24,lunes,2022-07-18 20:30:00,24.0,jurado
27,choco,27099,bojayá,27099000,la loma de bojaya (bojaya (bellavista) - choco),2022,7,11046,5654,64.0,domingo,2022-07-24 19:15:00,8.32,bojaya (bellavista)
27,choco,27099,bojayá,27099000,napipi (bojaya (bellavista) - choco),2022,7,8156,2109,60.8,viernes,2022-07-08 19:30:00,5.2,bojaya (bellavista)
27,choco,27495,nuquí,27495000,nuqui (nuqui - choco),2022,7,258369,102886,493.86,martes,2022-07-19 20:00:00,23.87,nuqui
27,choco,27077,bajo baudó,27077905,pizarro (bajo baudo (pizarro) - choco),2022,7,219353,98313,437.71,miercoles,2022-07-20 13:00:00,23.02,bajo baudo (pizarro)
27,choco,27001,quibdó,27001029,tagachi (quibdo - choco),2022,7,5007,1754,50.23,viernes,2022-07-29 20:15:00,4.3,quibdo
27,choco,27800,unguía,27800001,titumate (unguia - choco),2022,7,17576,4257,98.21,sabado,2022-07-30 21:00:00,8.25,unguia
27,choco,27250,el litoral del san juan,27250000,togoroma playa (el litoral del san juan - choco),2022,7,1015,275,7.39,viernes,2022-07-08 18:30:00,5.82,el litoral del san juan
27,choco,27800,unguía,27800001,unguia (unguia - choco),2022,7,411524,141477,901.3,jueves,2022-07-07 20:30:00,21.7,unguia
94,guainia,94343,barrancominas,94343000,barranco minas (barranco minas - guainia),2022,7,72083,20894,196.04,martes,2022-07-05 15:00:00,16.32,barranco minas
94,guainia,94001,inírida,94001000,inirida (inirida - guainia),2022,7,1885962,625841,3440.8,lunes,2022-07-11 15:15:00,23.87,inirida
95,guaviare,95200,miraflores,95200000,miraflores (miraflores - guaviare),2022,7,84015,30981,205.48,viernes,2022-07-15 18:30:00,17.83,miraflores
44,la guajira,44847,uribia,44847012,nazareth (uribia - la guajira),2022,7,48605,13330,184.78,lunes,2022-07-25 19:15:00,13.45,uribia
47,magdalena,47189,ciénaga,47189018,palmor (cienaga - magdalena),2022,7,75647,25920,190.66,sabado,2022-07-09 12:00:00,22.13,cienaga
50,meta,50325,mapiripán,50325000,mapiripan (mapiripan - meta),2022,7,157671,60318,310.64,miercoles,2022-07-06 19:00:00,23.85,mapiripan
52,nariño,52390,la tola,52390005,aguacatal (la tola - nariño),2022,7,2060,581,11.71,domingo,2022-07-03 19:15:00,7.63,la tola
52,nariño,52390,la tola,52390005,amarales (la tola - nariño),2022,7,5937,2703,39.42,viernes,2022-07-15 20:30:00,6.78,la tola
52,nariño,52250,el charco,52250023,bazan (el charco - nariño),2022,7,19109,6756,96.0,sabado,2022-07-09 19:15:00,7.95,el charco
52,nariño,52835,tumaco,52835055,bocas de curay (tumaco - nariño),2022,7,8458,2933,55.2,viernes,2022-07-01 19:15:00,6.5,tumaco
52,nariño,52490,olaya herrera,52490913,bocas de prieta (olaya herrera - nariño),2022,7,2958,694,15.65,lunes,2022-07-25 19:00:00,7.13,olaya herrera
52,nariño,52473,mosquera,52473010,el bajito de echandia (mosquera - nariño),2022,7,576,142,12.29,viernes,2022-07-01 19:00:00,1.77,mosquera
52,nariño,52696,santa bárbara,52696022,la ensenada (santa barbara (iscuande) - nariño),2022,7,2219,3721,23.23,jueves,2022-07-28 18:45:00,3.9,santa barbara (iscuande)
52,nariño,52390,la tola,52390005,la vigia (la tola - nariño),2022,7,6349,2550,35.32,jueves,2022-07-14 12:15:00,8.13,la tola
52,nariño,52390,la tola,52390005,mulatos (la tola - nariño),2022,7,4646,2139,42.14,martes,2022-07-19 19:30:00,6.47,la tola
52,nariño,52250,el charco,52250023,san jose (el charco - nariño),2022,7,11038,3990,56.0,viernes,2022-07-01 19:15:00,7.82,el charco
52,nariño,52835,tumaco,52835055,san juan costa (tumaco - nariño),2022,7,23136,8733,107.71,viernes,2022-07-22 11:45:00,8.68,tumaco
52,nariño,52390,la tola,52390005,san pablo de la mar (la tola - nariño),2022,7,2832,946,19.62,viernes,2022-07-01 19:30:00,6.0,la tola
52,nariño,52520,francisco pizarro,52520013,san pedro del vino (francisco pizarro - nariño),2022,7,4398,2351,27.71,miercoles,2022-07-06 19:30:00,6.82,francisco pizarro
52,nariño,52696,santa bárbara,52696022,secadero (santa barbara (iscuande) - nariño),2022,7,3261,1548,13.63,sabado,2022-07-30 19:15:00,9.9,santa barbara (iscuande)
86,putumayo,86573,puerto leguizamo,86573009,piñuña negro (puerto leguizamo - putumayo),2022,7,3826,1887,28.8,sabado,2022-07-02 19:45:00,6.4,puerto leguizamo
86,putumayo,86573,puerto leguizamo,86573009,puerto leguizamo (puerto leguizamo - putumayo),2022,7,885482,293656,1822.13,viernes,2022-07-29 14:45:00,23.73,puerto leguizamo
76,valle del cauca,76109,buenaventura,76109028,puerto merizalde (buenaventura - valle del cauca),2022,7,83836,28867,205.92,viernes,2022-07-01 19:45:00,16.48,buenaventura
76,valle del cauca,76109,buenaventura,76109028,san francisco de naya (buenaventura - valle del cauca),2022,7,6240,2664,30.34,martes,2022-07-12 10:00:00,8.17,buenaventura
97,vaupes,97161,carurú,97161000,caruru (caruru - vaupes),2022,7,25763,7600,94.07,sabado,2022-07-16 18:45:00,11.98,caruru
97,vaupes,97001,mitú,97001000,mitu (mitu - vaupes),2022,7,1307807,383418,2596.16,miercoles,2022-07-06 12:00:00,24.0,mitu
99,vichada,99001,puerto carreño,99001002,casuarito (puerto carreño - vichada),2022,7,23136,8733,107.71,viernes,2022-07-22 11:45:00,8.68,puerto carreño
99,vichada,99773,cumaribo,99773000,cumaribo (cumaribo - vichada),2022,7,314940,134006,660.0,martes,2022-07-26 10:00:00,23.98,cumaribo
99,vichada,99524,la primavera,99524000,la primavera (la primavera - vichada),2022,7,351229,138520,675.14,martes,2022-07-26 19:15:00,23.97,la primavera
99,vichada,99001,puerto carreño,99001002,puerto carreño (puerto carreño - vichada),2022,7,2382154,826910,4268.88,jueves,2022-07-14 13:30:00,23.98,puerto carreño
99,vichada,99624,santa rosalía,99624000,santa rosalia (santa rosalia - vichada),2022,7,138632,69948,329.76,viernes,2022-07-22 20:45:00,18.0,santa rosalia
91,amazonas,91001,leticia,91001000,leticia (leticia - amazonas),2022,8,3848331,1141527,7313.36,jueves,2022-08-25 15:15:00,24.0,leticia
91,amazonas,91540,puerto nariño,91540000,puerto nariño (puerto nariño - amazonas),2022,8,115084,41590,239.71,miércoles,2022-08-17 18:45:00,24.0,puerto nariño
91,amazonas,91798,tarapacá,91798000,tarapacá (tarapacá (anm) - amazonas),2022,8,25048,10880,91.79,lunes,2022-08-08 14:30:00,10.3,tarapacá
05,antioquia,05873,vigía del fuerte,05873002,vegáez (vigía del fuerte - antioquia),2022,8,4157,577,41.79,sábado,2022-08-13 20:45:00,5.47,vigía del fuerte
88,"archipiélago de san andrés, providencia y santa catalina",88564,providencia,88564000,providencia (providencia - archipiélago de san andrés y providencia),2022,8,1231378,289037,2072.72,miércoles,2022-08-24 19:45:00,24.0,providencia
91,amazonas,91540,puerto nariño,91540000,puerto nariño,2026,1,138343,41816,2624.0,jueves,2026-01-15 15:00:00,2.393,puerto nariño
88,"archipiélago de san andrés, providencia y santa catalina",88001,san andrés,88001000,san andrés (san andrés - archipiélago de san andrés y providencia),2022,8,17925559,4798475,31489.68,jueves,2022-08-18 15:30:00,24.0,san andrés
13,bolívar,13001,cartagena de indias,13001007,isla fuerte (cartagena de indias - bolívar),2022,8,53258,25989,187.07,viernes,2022-08-12 21:30:00,12.02,cartagena de indias
13,bolívar,13001,cartagena de indias,13001037,isla múcura (cartagena de indias - bolívar),2022,8,7049,2796,23.94,domingo,2022-08-14 23:00:00,14.61,cartagena de indias
13,bolívar,13001,cartagena de indias,13001017,santa cruz del islote (cartagena de indias - bolívar),2022,8,12587,4121,40.42,sábado,2022-08-20 22:15:00,12.81,cartagena de indias
18,caquetá,18753,san vicente del caguán,18753002,guacamayas (san vicente del caguán - caquetá),2022,8,2520,956,40.42,martes,2022-08-02 14:45:00,3.52,san vicente del caguán
18,caquetá,18753,san vicente del caguán,18753015,guayabal (san vicente del caguán - caquetá),2022,8,5938,2825,40.02,sábado,2022-08-27 12:30:00,6.2,san vicente del caguán
19,cauca,19809,timbiquí,19809014,chacón (timbiquí - cauca),2022,8,3933,1223,27.76,miércoles,2022-08-10 19:15:00,5.8,timbiquí
19,cauca,19809,timbiquí,19809010,comunidad de chete (timbiquí - cauca),2022,8,4164,1612,25.86,domingo,2022-08-21 19:30:00,6.27,timbiquí
19,cauca,19809,timbiquí,19809003,coteje (timbiquí - cauca),2022,8,6096,4624,32.32,martes,2022-08-30 19:30:00,7.57,timbiquí
19,cauca,19418,lópez (micay),19418038,isla de gallo (lópez de micay - cauca),2022,8,2371,1134,22.88,lunes,2022-08-08 19:00:00,4.2,lópez de micay
19,cauca,19318,guapi,19318008,limones (guapi - cauca),2022,8,8342,4122,35.2,sábado,2022-08-13 13:45:00,9.91,guapi
19,cauca,19809,timbiquí,19809026,los brazos (timbiquí - cauca),2022,8,7845,1684,42.53,jueves,2022-08-04 20:00:00,7.26,timbiquí
19,cauca,19418,lópez (micay),19418009,noanamito (lópez de micay - cauca),2022,8,6040,1516,60.0,lunes,2022-08-01 20:00:00,4.18,lópez de micay
19,cauca,19809,timbiquí,19809023,puerto saija (timbiquí - cauca),2022,8,25892,8761,165.62,jueves,2022-08-04 19:45:00,6.15,timbiquí
19,cauca,19418,lópez (micay),19418012,san antonio de chuaré (lópez de micay - cauca),2022,8,4540,1588,42.69,jueves,2022-08-18 18:45:00,4.27,lópez de micay
19,cauca,19318,guapi,19318013,san antonio de guajui (guapi - cauca),2022,8,8285,3879,55.42,martes,2022-08-30 20:00:00,5.9,guapi
19,cauca,19418,lópez (micay),19418015,san isidro (lópez de micay - cauca),2022,8,1130,684,8.06,sábado,2022-08-20 19:15:00,6.06,lópez de micay
19,cauca,19809,timbiquí,19809009,santa rosa de saija (timbiquí - cauca),2022,8,3966,2112,27.1,sábado,2022-08-20 19:30:00,6.23,timbiquí
27,choco,27006,acandí,27006000,acandí (acandí - choco),2022,8,577208,204438,1158.26,martes,2022-08-09 22:15:00,21.9,acandí
27,choco,27800,unguía,27800001,balboa (unguía - choco),2022,8,23630,9759,87.46,sábado,2022-08-06 21:15:00,11.16,unguía
27,choco,27099,bojayá,27099000,bellavista (bojayá - choco),2022,8,103597,30028,239.04,lunes,2022-08-29 19:45:00,17.61,bojayá
27,choco,27425,medio atrato,27425000,beté (medio atrato - choco),2022,8,10496,5591,60.0,viernes,2022-08-05 11:30:00,8.78,medio atrato
27,choco,27077,bajo baudó,27077905,buenavista (bajo baudó - choco),2022,8,293,31,32.77,martes,2022-08-16 19:45:00,0.35,bajo baudó
27,choco,27025,alto baudó,27025000,ciudad baudó - pie de pato (alto baudó - choco),2022,8,47341,15989,114.05,miércoles,2022-08-31 12:00:00,23.93,alto baudó
27,choco,27495,nuquí,27495912,comunidad indígena de panguí - (el yucal) (nuquí - choco),2022,8,6875,1664,11.38,lunes,2022-08-15 07:15:00,23.54,nuquí
27,choco,27250,el litoral del san juan,27250002,cucurrupí (el litoral del san juan - choco),2022,8,3083,910,19.97,martes,2022-08-30 18:15:00,6.01,el litoral del san juan
27,choco,27075,bahía solano,27075001,cupica (bahía solano - choco),2022,8,72057,23451,160.62,lunes,2022-08-01 19:15:00,23.77,bahía solano
27,choco,27075,bahía solano,27075002,el valle (bahía solano - choco),2022,8,164591,68613,355.61,lunes,2022-08-29 19:15:00,23.43,bahía solano
27,choco,27372,juradó,27372000,jurado (jurado - choco),2022,8,174846,72121,320.0,martes,2022-08-16 19:15:00,23.98,jurado
27,choco,27099,bojayá,27099002,la loma de bojayá (bojayá - choco),2022,8,11880,6166,64.0,sábado,2022-08-06 18:00:00,8.94,bojayá
27,choco,27099,bojayá,27099005,napipí (bojayá - choco),2022,8,9976,2595,60.8,lunes,2022-08-01 20:30:00,6.34,bojayá
27,choco,27495,nuquí,27495000,nuquí (nuquí - choco),2022,8,262239,102089,492.8,sábado,2022-08-13 19:45:00,24.0,nuquí
27,choco,27077,bajo baudó,27077000,pizarro (bajo baudó - choco),2022,8,209953,96819,459.89,viernes,2022-08-12 20:00:00,21.7,bajo baudó
27,choco,27250,el litoral del san juan,27250000,santa genoveva de docordó (el litoral del san juan - choco),2022,8,75908,42612,188.63,viernes,2022-08-05 13:15:00,23.96,el litoral del san juan
27,choco,27001,quibdó,27001029,tagachi (quibdó - choco),2022,8,5989,2016,55.44,sábado,2022-08-20 19:45:00,4.66,quibdó
27,choco,27800,unguía,27800005,titumate (unguía - choco),2022,8,17509,4350,98.21,viernes,2022-08-19 19:30:00,8.38,unguía
27,choco,27250,el litoral del san juan,27250914,togoroma playa (el litoral del san juan - choco),2022,8,985,285,6.82,viernes,2022-08-26 19:00:00,6.2,el litoral del san juan
27,choco,27800,unguía,27800000,unguía (unguía - choco),2022,8,420806,143998,912.91,lunes,2022-08-08 20:45:00,22.23,unguía
94,guainía,94343,barrancominas,94343000,barrancominas (barranco minas - guainía),2022,8,67301,18709,182.4,jueves,2022-08-04 18:30:00,16.18,barrancominas
94,guainía,94001,inírida,94001000,inírida (inírida - guainía),2022,8,1947631,635655,3784.0,jueves,2022-08-18 14:30:00,24.0,inírida
95,guaviare,95200,miraflores,95200000,miraflores (miraflores - guaviare),2022,8,83464,29022,209.0,jueves,2022-08-18 18:30:00,17.87,miraflores
44,la guajira,44847,uribia,44847012,nazareth (uribía - la guajira),2022,8,50594,13731,191.02,martes,2022-08-16 19:15:00,12.67,uribía
47,magdalena,47189,ciénaga,47189018,palmor (ciénaga - magdalena),2022,8,85923,29603,177.41,martes,2022-08-09 19:15:00,21.84,ciénaga
50,meta,50325,mapiripán,50325000,mapiripán (mapiripán - meta),2022,8,162689,62600,334.84,martes,2022-08-16 18:45:00,23.8,mapiripán
52,nariño,52390,la tola,52390005,aguacatal (la tola - nariño),2022,8,2063,541,12.35,viernes,2022-08-19 18:00:00,7.53,la tola
52,nariño,52250,el charco,52250016,alterón (uribe uribe) (el charco - nariño),2022,8,1139,199,11.78,viernes,2022-08-19 18:30:00,4.61,el charco
52,nariño,52390,la tola,52390013,amarales (la tola - nariño),2022,8,5810,2533,40.74,sábado,2022-08-20 17:15:00,6.59,la tola
52,nariño,52250,el charco,52250023,bazán (el charco - nariño),2022,8,19456,6452,96.0,sábado,2022-08-06 19:00:00,7.85,el charco
52,nariño,52835,san andrés de tumaco,52835055,bocas de curay (san andrés de tumaco - nariño),2022,8,8792,3189,60.0,sábado,2022-08-13 17:15:00,6.65,san andrés de tumaco
52,nariño,52490,olaya herrera,52490913,bocas de prieta (olaya herrera - nariño),2022,8,2649,593,16.66,lunes,2022-08-01 19:15:00,6.21,olaya herrera
52,nariño,52250,el charco,52250003,bolívar - san pedro (el charco - nariño),2022,8,4670,2713,26.21,viernes,2022-08-26 19:00:00,7.06,el charco
52,nariño,52250,el charco,52250022,el cuil pueblo nuevo (el charco - nariño),2022,8,5833,4602,30.41,viernes,2022-08-19 19:45:00,7.15,el charco
52,nariño,52696,santa bárbara,52696014,la ensenada (santa bárbara - nariño),2022,8,3008,5041,24.48,sábado,2022-08-27 18:45:00,5.19,santa bárbara
52,nariño,52390,la tola,52390003,la vigía de la mar (la tola - nariño),2022,8,5966,2380,33.92,lunes,2022-08-01 19:15:00,8.09,la tola
52,nariño,52390,la tola,52390009,mulatos (la tola - nariño),2022,8,4222,1964,37.76,martes,2022-08-23 18:15:00,6.14,la tola
52,nariño,52250,el charco,52250007,san josé del tapaje (el charco - nariño),2022,8,10774,3562,56.0,lunes,2022-08-01 20:30:00,7.61,el charco
52,nariño,52835,san andrés de tumaco,52835217,san juan de la costa (san andrés de tumaco - nariño),2022,8,23043,8852,128.0,lunes,2022-08-29 18:45:00,8.36,san andrés de tumaco
52,nariño,52390,la tola,52390016,san pablo del mar (la tola - nariño),2022,8,2702,794,21.76,domingo,2022-08-21 19:00:00,5.34,la tola
52,nariño,52520,francisco pizarro,52520013,san pedro del vino ( francisco pizarro - nariño),2022,8,3581,1950,27.23,miércoles,2022-08-17 19:45:00,5.53,francisco pizarro
52,nariño,52696,santa bárbara,52696022,secadero (santa bárbara - nariño),2022,8,3181,1535,14.62,jueves,2022-08-11 19:15:00,9.02,santa bárbara
86,putumayo,86573,puerto leguízamo,86573009,pinuna negro (puerto leguízamo - putumayo),2022,8,3714,1911,25.6,viernes,2022-08-05 20:00:00,6.49,puerto leguízamo
86,putumayo,86573,puerto leguízamo,86573000,puerto leguízamo (puerto leguízamo - putumayo),2022,8,923337,300521,1971.9,jueves,2022-08-18 14:45:00,23.73,puerto leguízamo
76,valle del cauca,76109,buenaventura,76109028,puerto merizalde (buenaventura - valle del cauca),2022,8,81735,27646,228.62,lunes,2022-08-22 19:15:00,15.6,buenaventura
76,valle del cauca,76109,buenaventura,76109032,san francisco naya (buenaventura - valle del cauca),2022,8,6406,2559,33.7,sábado,2022-08-13 12:00:00,7.98,buenaventura
97,vaupés,97161,carurú,97161000,carurú (carurú - vaupés),2022,8,27642,9275,95.22,jueves,2022-08-25 19:30:00,12.35,carurú
97,vaupés,97001,mitú,97001000,mitú (mitú - vaupés),2022,8,1336625,380121,2796.38,jueves,2022-08-18 11:45:00,23.96,mitú
97,vaupés,97666,taraira,97666000,taraira (taraira - vaupés),2022,8,33542,10236,127.86,jueves,2022-08-04 18:30:00,11.22,taraira
99,vichada,99001,puerto carreño,99001002,casuarito (puerto carreño - vichada),2022,8,32770,12451,102.43,miércoles,2022-08-24 19:00:00,13.48,puerto carreño
99,vichada,99773,cumaribo,99773000,cumaribo (cumaribo - vichada),2022,8,321179,134778,672.32,jueves,2022-08-04 14:30:00,23.96,cumaribo
99,vichada,99524,la primavera,99524000,la primavera (la primavera - vichada),2022,8,346396,134926,669.3,lunes,2022-08-08 18:45:00,23.92,la primavera
99,vichada,99001,puerto carreño,99001000,puerto carreño (puerto carreño - vichada),2022,8,2373197,783843,4643.76,lunes,2022-08-08 13:30:00,24.0,puerto carreño
99,vichada,99624,santa rosalía,99624000,santa rosalía (santa rosalía - vichada),2022,8,142054,70011,361.01,lunes,2022-08-08 18:45:00,18.06,santa rosalía
05,antioquia,05873,vigía del fuerte,05873002,vegaez (vigía del fuerte - antioquia),2022,9,4104,614,42.72,sábado,2022-09-10 01:30:00,6.11,vigía del fuerte
13,bolívar,13001,cartagena de indias,13001007,isla fuerte (cartagena de indias - bolívar),2022,9,51451,28127,196.05,sábado,2022-09-03 21:30:00,12.09,cartagena de indias
13,bolívar,13001,cartagena de indias,13001017,santa cruz del islote (cartagena de indias - bolívar),2022,9,12343,4024,38.98,miércoles,2022-09-28 21:45:00,13.09,cartagena de indias
13,bolívar,13001,cartagena de indias,13001037,isla mucura (cartagena de indias - bolívar),2022,9,6108,2476,22.14,lunes,2022-09-05 21:45:00,13.22,cartagena de indias
18,caquetá,18150,cartagena del chairá,18150001,remolino del caguan (cartagena del chaira - caquetá),2022,9,17723,6926,94.11,viernes,2022-09-30 19:15:00,7.88,cartagena del chaira
18,caquetá,18150,cartagena del chairá,18150002,santa fe del caguan (cartagena del chaira - caquetá),2022,9,2805,1452,41.88,viernes,2022-09-30 19:15:00,3.02,cartagena del chaira
18,caquetá,18753,san vicente del caguán,18753002,guacamayas (san vicente del caguán - caquetá),2022,9,7493,3268,37.8,viernes,2022-09-23 19:00:00,10.34,san vicente del caguán
18,caquetá,18753,san vicente del caguán,18753009,puerto betania (san vicente del caguán - caquetá),2022,9,4061,1641,47.36,jueves,2022-09-01 19:15:00,4.38,san vicente del caguán
18,caquetá,18753,san vicente del caguán,18753015,guayabal (san vicente del caguán - caquetá),2022,9,5697,2822,41.86,domingo,2022-09-18 13:00:00,6.03,san vicente del caguán
19,cauca,19318,guapi,19318008,limones (guapi - cauca),2022,9,4939,2278,43.62,viernes,2022-09-23 19:15:00,5.42,guapi
19,cauca,19318,guapi,19318013,san antonio de guajui (guapi - cauca),2022,9,3796,1746,56.98,sábado,2022-09-17 20:00:00,2.86,guapi
19,cauca,19418,lópez (micay),19418009,noanamito (lópez de micay - cauca),2022,9,7939,2169,56.0,viernes,2022-09-02 18:30:00,6.53,lópez de micay
19,cauca,19418,lópez (micay),19418011,dos quebradas río naya (lópez de micay - cauca),2022,9,0,0,0.0,jueves,2022-09-01 00:00:00,0.0,lópez de micay
19,cauca,19418,lópez (micay),19418012,san antonio de chuare (lópez de micay - cauca),2022,9,2283,709,42.75,miércoles,2022-09-21 19:30:00,2.17,lópez de micay
19,cauca,19418,lópez (micay),19418015,san isidro (lópez de micay - cauca),2022,9,978,541,8.06,lunes,2022-09-26 18:30:00,5.07,lópez de micay
19,cauca,19418,lópez (micay),19418038,isla de gallo (lópez de micay - cauca),2022,9,2546,1244,24.54,martes,2022-09-27 20:00:00,4.57,lópez de micay
19,cauca,19809,timbiquí,19809003,coteje (timbiquí - cauca),2022,9,6482,4700,34.0,miércoles,2022-09-28 18:30:00,8.15,timbiquí
19,cauca,19809,timbiquí,19809009,santa rosa de saija (timbiquí - cauca),2022,9,5128,2588,24.34,domingo,2022-09-25 19:30:00,8.88,timbiquí
19,cauca,19809,timbiquí,19809010,comunidad de chete (timbiquí - cauca),2022,9,2769,994,38.24,viernes,2022-09-09 19:00:00,4.22,timbiquí
19,cauca,19809,timbiquí,19809023,puerto saija (timbiquí - cauca),2022,9,28143,9247,168.96,miércoles,2022-09-21 19:00:00,6.76,timbiquí
19,cauca,19809,timbiquí,19809026,los brazos (timbiquí - cauca),2022,9,7533,1610,40.97,miércoles,2022-09-28 19:00:00,7.26,timbiquí
27,chocó,27001,quibdó,27001029,tagachi (quibdó - chocó),2022,9,6504,2235,53.66,lunes,2022-09-05 20:00:00,5.58,quibdó
27,chocó,27006,acandí,27006000,acandi (acandi - chocó),2022,9,610093,201328,1112.85,viernes,2022-09-09 21:00:00,23.98,acandi
27,chocó,27006,acandí,27006007,san francisco (acandi - chocó),2022,9,7005,2613,33.65,jueves,2022-09-29 19:00:00,9.44,acandi
27,chocó,27025,alto baudó,27025000,ciudad baudo - pie de pato (alto baudo - chocó),2022,9,46118,15251,116.69,martes,2022-09-27 12:15:00,23.66,alto baudo
27,chocó,27075,bahía solano,27075000,ciudad mutis (bahia solano - chocó),2022,9,692109,230526,1305.92,lunes,2022-09-05 20:00:00,23.88,bahia solano
27,chocó,27075,bahía solano,27075001,cupica (bahia solano - chocó),2022,9,66373,21946,155.63,jueves,2022-09-01 19:30:00,23.65,bahia solano
27,chocó,27075,bahía solano,27075002,el valle (bahia solano - chocó),2022,9,172116,68111,359.3,martes,2022-09-27 18:45:00,23.88,bahia solano
27,chocó,27077,bajo baudó,27077000,pizarro (bajo baudo - chocó),2022,9,194340,87701,469.92,sábado,2022-09-24 19:00:00,20.34,bajo baudo
27,chocó,27077,bajo baudó,27077905,buenavista (bajo baudo - chocó),2022,9,3931,633,34.82,viernes,2022-09-30 19:15:00,4.39,bajo baudo
27,chocó,27099,bojayá,27099000,bellavista (bojayá - chocó),2022,9,98680,29068,249.0,sábado,2022-09-10 18:30:00,17.07,bojayá
27,chocó,27099,bojayá,27099002,la loma de bojaya (bojayá - chocó),2022,9,11835,6154,60.8,domingo,2022-09-04 19:00:00,8.73,bojayá
27,chocó,27099,bojayá,27099005,napipi (bojayá - chocó),2022,9,10326,2781,57.6,jueves,2022-09-01 20:30:00,7.08,bojayá
27,chocó,27250,el litoral del san juan,27250000,santa genoveva de docordo (el litoral del san juan - chocó),2022,9,60628,32072,200.11,viernes,2022-09-23 18:45:00,18.7,el litoral del san juan
27,chocó,27250,el litoral del san juan,27250002,cucurrupi (el litoral del san juan - chocó),2022,9,2336,709,19.58,lunes,2022-09-05 18:45:00,4.91,el litoral del san juan
27,chocó,27372,juradó,27372000,jurado (jurado - chocó),2022,9,164785,68864,308.0,jueves,2022-09-22 19:30:00,23.84,jurado
27,chocó,27425,medio atrato,27425000,bete (medio atrato - chocó),2022,9,13046,7874,60.0,lunes,2022-09-05 20:15:00,10.7,medio atrato
27,chocó,27425,medio atrato,27425008,san roque (medio atrato - chocó),2022,9,0,0,0.0,jueves,2022-09-01 00:00:00,0.0,medio atrato
27,chocó,27495,nuquí,27495000,nuqui (nuquí - chocó),2022,9,252712,101575,499.84,viernes,2022-09-09 18:45:00,23.97,nuquí
27,chocó,27495,nuquí,27495912,comunidad indigena de pangui - (el yucal) (nuquí - chocó),2022,9,7593,1617,11.36,jueves,2022-09-29 17:45:00,23.71,nuquí
27,chocó,27800,unguía,27800000,unguia (unguia - chocó),2022,9,413172,140063,882.29,sábado,2022-09-03 19:00:00,22.41,unguia
27,chocó,27800,unguía,27800001,balboa (unguia - chocó),2022,9,22055,9105,87.46,jueves,2022-09-15 21:00:00,10.91,unguia
27,chocó,27800,unguía,27800005,titumate (unguia - chocó),2022,9,17231,4331,95.92,domingo,2022-09-11 18:45:00,8.61,unguia
47,magdalena,47189,ciénaga,47189018,palmor (ciénaga - magdalena),2022,9,78591,26860,170.11,lunes,2022-09-12 18:30:00,21.93,ciénaga
50,meta,50325,mapiripán,50325000,mapiripan (mapiripan - meta),2022,9,171570,65025,360.36,miércoles,2022-09-28 18:15:00,23.82,mapiripan
52,nariño,52250,el charco,52250003,bolivar - san pedro (el charco - nariño),2022,9,3462,2148,28.0,viernes,2022-09-23 19:00:00,5.38,el charco
52,nariño,52250,el charco,52250007,san jose del tapaje (el charco - nariño),2022,9,7768,2128,56.0,jueves,2022-09-08 18:30:00,5.98,el charco
52,nariño,52250,el charco,52250023,bazan (el charco - nariño),2022,9,14251,4656,100.8,miércoles,2022-09-14 19:45:00,6.17,el charco
52,nariño,52390,la tola,52390003,la vigia de la mar (la tola - nariño),2022,9,5595,2310,32.36,martes,2022-09-06 19:15:00,7.91,la tola
52,nariño,52390,la tola,52390005,aguacatal (la tola - nariño),2022,9,1888,444,11.28,jueves,2022-09-01 16:30:00,7.41,la tola
52,nariño,52390,la tola,52390009,mulatos (la tola - nariño),2022,9,3989,1901,36.99,lunes,2022-09-05 18:45:00,6.01,la tola
52,nariño,52390,la tola,52390013,amarales (la tola - nariño),2022,9,5477,2348,40.13,martes,2022-09-27 19:45:00,6.22,la tola
52,nariño,52390,la tola,52390016,san pablo del mar (la tola - nariño),2022,9,2795,711,20.83,domingo,2022-09-11 18:45:00,6.02,la tola
52,nariño,52490,olaya herrera,52490913,bocas de prieta (olaya herrera - nariño),2022,9,2481,587,16.75,viernes,2022-09-30 19:30:00,6.04,olaya herrera
52,nariño,52520,francisco pizarro,52520013,san pedro del vino (francisco pizarro - nariño),2022,9,4039,2283,27.01,martes,2022-09-20 19:15:00,6.55,francisco pizarro
52,nariño,52696,santa bárbara,52696014,la ensenada (santa bárbara - nariño),2022,9,3039,5271,23.2,domingo,2022-09-04 19:45:00,5.54,santa bárbara
52,nariño,52696,santa bárbara,52696022,secadero (santa bárbara - nariño),2022,9,3170,1610,13.8,miércoles,2022-09-07 19:45:00,9.52,santa bárbara
52,nariño,52835,san andrés de tumaco,52835055,bocas de curay (san andrés de tumaco - nariño),2022,9,8352,3162,57.6,lunes,2022-09-12 18:45:00,6.49,san andrés de tumaco
52,nariño,52835,san andrés de tumaco,52835217,san juan de la costa (san andrés de tumaco - nariño),2022,9,13323,5034,128.0,martes,2022-09-06 18:45:00,4.89,san andrés de tumaco
76,valle del cauca,76109,buenaventura,76109028,puerto merizalde (buenaventura - valle del cauca),2022,9,77078,26858,217.54,viernes,2022-09-23 20:15:00,16.05,buenaventura
76,valle del cauca,76109,buenaventura,76109032,san francisco naya (buenaventura - valle del cauca),2022,9,7207,2917,33.41,jueves,2022-09-15 11:15:00,9.22,buenaventura
86,putumayo,86573,puerto leguizamo,86573000,puerto leguizamo (puerto leguizamo - putumayo),2022,9,959940,304085,2135.14,viernes,2022-09-23 15:30:00,23.43,puerto leguizamo
86,putumayo,86573,puerto leguizamo,86573009,piñuña negro (puerto leguizamo - putumayo),2022,9,3708,2091,25.6,viernes,2022-09-02 20:00:00,6.33,puerto leguizamo
88,archipiélago de san andrés y providencia,88001,san andrés,88001000,san andres (san andres - archipiélago de san andrés y providencia),2022,9,17931302,4819644,31821.09,viernes,2022-09-09 15:30:00,24.0,san andres
88,archipiélago de san andrés y providencia,88564,providencia,88564000,providencia (providencia - archipiélago de san andrés y providencia),2022,9,1218944,286044,2037.47,viernes,2022-09-09 20:30:00,24.0,providencia
91,amazonas,91001,leticia,91001000,leticia (leticia - amazonas),2022,9,4131474,1207187,8470.67,jueves,2022-09-29 14:45:00,24.0,leticia
91,amazonas,91540,puerto nariño,91540000,puerto nariño (puerto nariño - amazonas),2022,9,119999,42831,255.38,miércoles,2022-09-28 18:30:00,24.0,puerto nariño
91,amazonas,91798,tarapaca (anm),91798000,tarapaca (tarapaca (anm) - amazonas),2022,9,25029,11173,97.27,miércoles,2022-09-21 18:00:00,10.31,tarapaca (anm)
94,guainía,94001,inírida,94001000,inirida (inírida - guainía),2022,9,2012405,642360,3879.92,viernes,2022-09-23 15:15:00,24.0,inírida
94,guainía,94343,barrancominas,94343000,barranco minas (barranco minas - guainía),2022,9,67445,19688,186.56,jueves,2022-09-15 18:00:00,16.41,barranco minas
95,guaviare,95200,miraflores,95200000,miraflores (miraflores - guaviare),2022,9,85441,29843,221.32,jueves,2022-09-29 19:30:00,17.88,miraflores
97,vaupés,97001,mitú,97001000,mitu (mitú - vaupés),2022,9,1383433,376546,2868.76,lunes,2022-09-19 12:00:00,24.0,mitú
97,vaupés,97161,carurú,97161000,caruru (caruru - vaupés),2022,9,27026,8615,95.13,jueves,2022-09-29 15:00:00,12.15,caruru
97,vaupés,97666,taraira,97666000,taraira (taraira - vaupés),2022,9,33335,9960,130.06,martes,2022-09-27 18:15:00,11.18,taraira
99,vichada,99001,puerto carreño,99001000,puerto carreño (puerto carreño - vichada),2022,9,2387373,782876,4789.84,jueves,2022-09-15 14:30:00,23.95,puerto carreño
99,vichada,99001,puerto carreño,99001002,casuarito (puerto carreño - vichada),2022,9,33440,12740,105.78,viernes,2022-09-02 11:45:00,13.71,puerto carreño
99,vichada,99524,la primavera,99524000,la primavera (la primavera - vichada),2022,9,356275,135354,714.78,martes,2022-09-20 18:15:00,23.83,la primavera
99,vichada,99624,santa rosalía,99624000,santa rosalia (santa rosalia - vichada),2022,9,145211,70159,351.41,viernes,2022-09-02 18:45:00,18.38,santa rosalia
99,vichada,99773,cumaribo,99773000,cumaribo (cumaribo - vichada),2022,9,320979,131025,701.8,viernes,2022-09-23 14:30:00,23.92,cumaribo
91,amazonas,91001,leticia,91001000,leticia (leticia - amazonas),2022,10,4105062,1202229,7978.8,jueves,2022-10-06 14:45:00,24.0,leticia
91,amazonas,91540,puerto nariño,91540000,puerto nariño (puerto nariño - amazonas),2022,10,123286,44640,249.22,jueves,2022-10-06 18:45:00,24.0,puerto nariño
91,amazonas,91798,tarapacá (anm),91798000,tarapacá (tarapacá (anm) - amazonas),2022,10,26806,12051,98.11,viernes,2022-10-07 19:00:00,10.16,tarapacá (anm)
05,antioquia,05873,vigía del fuerte,05873002,vegáez (vigía del fuerte - antioquia),2022,10,4933,700,32.1,miércoles,2022-10-12 20:45:00,6.46,vigía del fuerte
88,"archipiélago de san andrés, providencia y santa catalina",88564,providencia,88564000,providencia (providencia - archipiélago de san andrés y providencia),2022,10,1156983,270573,1977.64,jueves,2022-10-06 21:00:00,23.29,providencia
88,"archipiélago de san andrés, providencia y santa catalina",88001,san andrés,88001000,san andrés (san andrés - archipiélago de san andrés y providencia),2022,10,17577219,4726960,30738.96,miércoles,2022-10-19 15:30:00,23.47,san andrés
13,bolívar,13001,cartagena de indias,13001007,isla fuerte (cartagena de indias - bolívar),2022,10,50233,28933,201.7,sábado,2022-10-15 23:30:00,10.32,cartagena de indias
13,bolívar,13001,cartagena de indias,13001037,isla múcura (cartagena de indias - bolívar),2022,10,6568,2603,22.21,martes,2022-10-04 21:30:00,13.39,cartagena de indias
13,bolívar,13001,cartagena de indias,13001017,santa cruz del islote (cartagena de indias - bolívar),2022,10,13617,4410,38.37,miércoles,2022-10-26 22:15:00,13.57,cartagena de indias
18,caquetá,18150,cartagena del chairá,18150001,remolino del caguán (cartagena del chaira - caquetá),2022,10,19814,7489,96.52,sábado,2022-10-29 18:45:00,8.27,cartagena del chairá
18,caquetá,18150,cartagena del chairá,18150002,santa fe del caguán (cartagena del chaira - caquetá),2022,10,5247,2767,41.4,viernes,2022-10-28 18:30:00,5.44,cartagena del chairá
18,caquetá,18753,san vicente del caguán,18753002,guacamayas (san vicente del caguán - caquetá),2022,10,14139,6202,41.66,lunes,2022-10-24 18:30:00,18.34,san vicente del caguán
18,caquetá,18753,san vicente del caguán,18753015,guayabal (san vicente del caguán - caquetá),2022,10,5433,2646,43.98,domingo,2022-10-23 13:00:00,5.21,san vicente del caguán
18,caquetá,18753,san vicente del caguán,18753009,puerto betania (san vicente del caguán - caquetá),2022,10,5895,2457,48.28,sábado,2022-10-22 19:15:00,5.51,san vicente del caguán
19,cauca,19318,guapi,19318008,limones (guapi - cauca),2022,10,7362,3457,39.85,sábado,2022-10-29 19:30:00,7.52,guapi
19,cauca,19318,guapi,19318013,san antonio de guajuí (guapi - cauca),2022,10,10254,5126,54.93,jueves,2022-10-06 19:15:00,7.46,guapi
19,cauca,19418,lópez (micay),19418011,dos quebradas río naya (lópez de micay - cauca),2022,10,3481,1252,28.48,lunes,2022-10-24 19:00:00,5.23,lópez de micay
19,cauca,19418,lópez (micay),19418038,isla de gallo (lópez de micay - cauca),2022,10,2978,1499,25.22,viernes,2022-10-28 18:45:00,4.59,lópez de micay
19,cauca,19418,lópez (micay),19418009,noanamito (lópez de micay - cauca),2022,10,5732,1553,52.0,miércoles,2022-10-19 19:30:00,4.26,lópez de micay
19,cauca,19418,lópez (micay),19418012,san antonio de chuaré (lópez de micay - cauca),2022,10,4673,1395,44.29,domingo,2022-10-30 19:15:00,4.08,lópez de micay
19,cauca,19809,timbiquí,19809010,comunidad de chete (timbiquí - cauca),2022,10,3407,1172,27.42,miércoles,2022-10-05 19:00:00,5.01,timbiquí
19,cauca,19809,timbiquí,19809003,coteje (timbiquí - cauca),2022,10,5947,4157,33.0,lunes,2022-10-17 19:15:00,6.55,timbiquí
19,cauca,19809,timbiquí,19809026,los brazos (timbiquí - cauca),2022,10,7537,1691,40.9,lunes,2022-10-03 19:45:00,7.03,timbiquí
19,cauca,19809,timbiquí,19809023,puerto saija (timbiquí - cauca),2022,10,28512,9307,173.71,viernes,2022-10-28 19:00:00,6.19,timbiquí
19,cauca,19809,timbiquí,19809009,santa rosa de saija (timbiquí - cauca),2022,10,3762,1849,24.6,domingo,2022-10-23 19:30:00,6.04,timbiquí
27,chocó,27006,acandí,27006000,acandí (acandí - chocó),2022,10,649446,217317,1164.77,viernes,2022-10-21 21:00:00,23.57,acandí
27,chocó,27025,alto baudó (pie de pato),27025000,ciudad baudó - pie de pato (alto baudó - chocó),2022,10,46775,15075,125.14,domingo,2022-10-30 11:30:00,22.54,alto baudó (pie de pato)
27,chocó,27075,bahía solano (mutis),27075000,ciudad mutis (bahía solano - chocó),2022,10,675668,222852,1284.36,lunes,2022-10-03 19:15:00,23.59,bahía solano (mutis)
27,chocó,27075,bahía solano (mutis),27075001,cupica (bahía solano - chocó),2022,10,69466,24350,161.79,domingo,2022-10-23 18:45:00,22.5,bahía solano (mutis)
27,chocó,27075,bahía solano (mutis),27075002,el valle (bahía solano - chocó),2022,10,165508,66301,349.8,miércoles,2022-10-05 19:15:00,23.38,bahía solano (mutis)
99,vichada,99001,puerto carreño,99001002,casuarito (puerto carreño - vichada),2022,10,34895,12891,103.66,viernes,2022-10-07 12:00:00,14.0,puerto carreño
27,chocó,27077,bajo baudó (pizarro),27077905,buenavista (bajo baudó (pizarro) - chocó),2022,10,2613,404,36.1,miércoles,2022-10-12 19:00:00,2.41,bajo baudó (pizarro)
27,chocó,27077,bajo baudó (pizarro),27077000,pizarro (bajo baudó (pizarro) - chocó),2022,10,207008,90840,419.23,lunes,2022-10-03 19:30:00,21.55,bajo baudó (pizarro)
27,chocó,27099,bojayá (bellavista),27099000,bellavista (bojayá (bellavista) - chocó),2022,10,91129,26424,255.14,domingo,2022-10-09 19:15:00,15.32,bojayá (bellavista)
27,chocó,27099,bojayá (bellavista),27099002,la loma de bojayá (bojayá (bellavista) - chocó),2022,10,12842,6503,64.0,martes,2022-10-11 18:45:00,9.02,bojayá (bellavista)
27,chocó,27250,el litoral del san juan,27250000,santa genoveva de docordó (el litoral del san juan - chocó),2022,10,63376,35681,200.51,miércoles,2022-10-19 19:00:00,19.33,el litoral del san juan
27,chocó,27372,juradó,27372000,juradó (juradó - chocó),2022,10,162553,67613,299.68,lunes,2022-10-03 20:00:00,23.58,juradó
27,chocó,27425,medio atrato (beté),27425000,beté (medio atrato (beté) - chocó),2022,10,14108,8475,56.0,martes,2022-10-04 10:15:00,10.56,medio atrato (beté)
27,chocó,27425,medio atrato (beté),27425008,san roque (medio atrato (beté) - chocó),2022,10,1083,326,17.38,viernes,2022-10-28 19:45:00,2.31,medio atrato (beté)
27,chocó,27495,nuquí,27495912,comunidad indígena de panguí - el yucal (nuquí - chocó),2022,10,7515,1688,11.48,martes,2022-10-11 09:30:00,23.22,nuquí
27,chocó,27495,nuquí,27495000,nuquí (nuquí - chocó),2022,10,258077,101846,494.21,martes,2022-10-11 19:45:00,23.59,nuquí
27,chocó,27001,quibdó,27001029,tagachi (quibdó - chocó),2022,10,8544,3187,52.27,lunes,2022-10-03 19:15:00,7.49,quibdó
27,chocó,27800,unguía,27800001,balboa (unguía - chocó),2022,10,23041,9095,84.55,domingo,2022-10-02 19:00:00,11.05,unguía
27,chocó,27800,unguía,27800005,titumate (unguía - chocó),2022,10,17320,4233,93.46,domingo,2022-10-02 20:15:00,8.45,unguía
27,chocó,27800,unguía,27800000,unguía (unguía - chocó),2022,10,426068,145151,865.92,lunes,2022-10-03 20:00:00,22.33,unguía
94,guainía,94343,barrancominas,94343000,barrancominas (barrancominas - guainía),2022,10,68201,19442,190.22,miércoles,2022-10-26 18:00:00,16.08,barrancominas
94,guainía,94001,inírida,94001000,inírida (inírida - guainía),2022,10,2078556,674930,3911.6,martes,2022-10-04 17:45:00,24.0,inírida
95,guaviare,95200,miraflores,95200000,miraflores (miraflores - guaviare),2022,10,86323,30917,209.0,lunes,2022-10-24 18:15:00,17.52,miraflores
47,magdalena,47189,ciénaga,47189018,palmor (ciénaga - magdalena),2022,10,95140,33917,196.1,domingo,2022-10-30 19:15:00,23.01,ciénaga
50,meta,50325,mapiripán,50325000,mapiripán (mapiripán - meta),2022,10,175630,66378,347.6,viernes,2022-10-21 18:00:00,23.57,mapiripán
52,nariño,52250,el charco,52250023,bazán (el charco - nariño),2022,10,19728,6308,91.2,viernes,2022-10-07 18:45:00,8.2,el charco
52,nariño,52250,el charco,52250003,bolívar - san pedro (el charco - nariño),2022,10,4507,2641,27.04,jueves,2022-10-06 19:00:00,6.48,el charco
52,nariño,52250,el charco,52250007,san josé del tapaje (el charco - nariño),2022,10,11320,4112,64.0,viernes,2022-10-07 19:30:00,8.06,el charco
52,nariño,52520,francisco pizarro,52520013,san pedro del vino (francisco pizarro - nariño),2022,10,4265,2442,28.06,sábado,2022-10-01 19:00:00,6.37,francisco pizarro
52,nariño,52390,la tola,52390005,aguacatal (la tola - nariño),2022,10,1838,440,17.33,jueves,2022-10-13 18:15:00,6.39,la tola
52,nariño,52390,la tola,52390013,amárales (la tola - nariño),2022,10,6572,2630,40.13,lunes,2022-10-31 18:45:00,7.06,la tola
52,nariño,52390,la tola,52390003,la vigía de la mar (la tola - nariño),2022,10,6082,2104,34.16,lunes,2022-10-31 12:15:00,8.2,la tola
52,nariño,52390,la tola,52390009,mulatos (la tola - nariño),2022,10,4161,2023,38.05,martes,2022-10-11 18:15:00,6.06,la tola
91,amazonas,91798,tarapaca (anm),91798000,tarapaca,2025,12,29923,12093,1072516.0,lunes,2025-12-08 14:00:00,1.033,tarapaca (anm)
52,nariño,52490,olaya herrera,52490913,boca de prieta (olaya herrera - nariño),2022,10,2865,750,16.37,martes,2022-10-11 18:00:00,6.35,olaya herrera
52,nariño,52835,san andrés de tumaco,52835055,bocas de curay (tumaco - nariño),2022,10,8436,3670,64.8,viernes,2022-10-21 17:30:00,6.09,san andrés de tumaco
52,nariño,52835,san andrés de tumaco,52835217,san juan de la costa (san andrés de tumaco - nariño),2022,10,22320,8790,124.8,sábado,2022-10-15 18:45:00,8.05,san andrés de tumaco
52,nariño,52696,santa bárbara (iscuandé),52696014,la ensenada (santa bárbara (iscuandé) - nariño),2022,10,2971,5272,22.56,miércoles,2022-10-26 18:45:00,5.2,santa bárbara (iscuandé)
52,nariño,52696,santa bárbara (iscuandé),52696022,secadero (santa bárbara (iscuandé) - nariño),2022,10,3294,1551,14.86,martes,2022-10-04 18:15:00,9.13,santa bárbara (iscuandé)
86,putumayo,86573,puerto leguízamo,86573009,piñuña negro (puerto leguízamo - putumayo),2022,10,4362,2553,25.6,sábado,2022-10-01 18:15:00,6.49,puerto leguízamo
86,putumayo,86573,puerto leguízamo,86573000,puerto leguízamo (puerto leguízamo - putumayo),2022,10,1067174,332419,3229.16,miércoles,2022-10-05 00:00:00,23.28,puerto leguízamo
76,valle del cauca,76109,buenaventura,76109028,puerto merizalde (buenaventura - valle del cauca),2022,10,82571,28772,221.23,miércoles,2022-10-05 19:00:00,17.52,buenaventura
76,valle del cauca,76109,buenaventura,76109032,san francisco naya (buenaventura - valle del cauca),2022,10,7604,3094,33.7,sábado,2022-10-29 11:15:00,9.15,buenaventura
97,vaupés,97161,carurú,97161000,carurú (carurú - vaupés),2022,10,12134,3288,96.36,viernes,2022-10-07 18:00:00,5.4,carurú
97,vaupés,97001,mitú,97001000,mitú (mitú - vaupés),2022,10,1380096,372514,2952.42,jueves,2022-10-27 11:45:00,23.58,mitú
97,vaupés,97666,taraira,97666000,taraira (taraira - vaupés),2022,10,25569,7358,137.28,jueves,2022-10-13 17:45:00,7.51,taraira
99,vichada,99773,cumaribo,99773000,cumaribo (cumaribo - vichada),2022,10,330513,135270,679.36,miércoles,2022-10-26 14:45:00,23.48,cumaribo
99,vichada,99524,la primavera,99524000,la primavera (la primavera - vichada),2022,10,361115,135363,679.66,miércoles,2022-10-26 14:30:00,23.51,la primavera
99,vichada,99001,puerto carreño,99001000,puerto carreño (puerto carreño - vichada),2022,10,2508357,823386,4800.4,viernes,2022-10-28 13:30:00,23.47,puerto carreño
99,vichada,99624,santa rosalía,99624000,santa rosalía (santa rosalía - vichada),2022,10,123998,58385,368.06,miércoles,2022-10-05 18:15:00,15.36,santa rosalía
91,amazonas,91001,leticia,91001000,leticia (leticia - amazonas),2022,11,3928107,1131710,7963.75,jueves,2022-11-10 15:30:00,23.56,leticia
91,amazonas,91540,puerto nariño,91540000,puerto nariño (puerto nariño - amazonas),2022,11,115494,41160,242.53,martes,2022-11-08 18:45:00,24.0,puerto nariño
91,amazonas,91798,tarapacá (anm),91798000,tarapacá (tarapacá (anm) - amazonas),2022,11,26190,11839,98.6,miércoles,2022-11-30 18:30:00,10.15,tarapacá (anm)
88,"archipiélago de san andrés, providencia y santa catalina",88564,providencia,88564000,providencia (providencia - archipiélago de san andrés y providencia),2022,11,1134305,258810,1934.59,viernes,2022-11-04 19:15:00,24.0,providencia
88,"archipiélago de san andrés, providencia y santa catalina",88001,san andrés,88001000,san andrés (san andrés - archipiélago de san andrés y providencia),2022,11,16494050,4509636,29013.03,jueves,2022-11-24 15:15:00,24.0,san andrés
13,bolívar,13001,cartagena de indias,13001007,isla fuerte (cartagena de indias - bolívar),2022,11,31378,18198,199.04,martes,2022-11-15 22:15:00,6.3,cartagena de indias
13,bolívar,13001,cartagena de indias,13001037,isla múcura (cartagena de indias - bolívar),2022,11,5837,2350,20.26,sábado,2022-11-26 22:30:00,12.23,cartagena de indias
13,bolívar,13001,cartagena de indias,13001017,santa cruz del islote (cartagena de indias - bolívar),2022,11,11866,3793,40.16,miércoles,2022-11-02 22:15:00,12.38,cartagena de indias
18,caquetá,18150,cartagena del chairá,18150001,remolino del caguán (cartagena del chaira - caquetá),2022,11,17684,6476,99.93,sábado,2022-11-12 19:15:00,7.43,cartagena del chairá
18,caquetá,18753,san vicente del caguán,18753002,guacamayas (san vicente del caguán - caquetá),2022,11,13782,5980,41.69,viernes,2022-11-18 19:30:00,18.03,san vicente del caguán
18,caquetá,18753,san vicente del caguán,18753015,guayabal (san vicente del caguán - caquetá),2022,11,5640,2729,42.72,sábado,2022-11-26 12:15:00,5.46,san vicente del caguán
18,caquetá,18753,san vicente del caguán,18753009,puerto betania (san vicente del caguán - caquetá),2022,11,5847,2360,48.0,sábado,2022-11-05 18:45:00,5.39,san vicente del caguán
19,cauca,19318,guapi,19318008,limones (guapi - cauca),2022,11,8020,3832,38.63,martes,2022-11-29 20:00:00,8.59,guapi
19,cauca,19318,guapi,19318013,san antonio de guajuí (guapi - cauca),2022,11,10155,5023,54.71,jueves,2022-11-24 19:30:00,7.46,guapi
19,cauca,19418,lópez (micay),19418038,isla de gallo (lópez de micay - cauca),2022,11,3197,1501,27.04,jueves,2022-11-24 19:00:00,5.5,lópez de micay
19,cauca,19418,lópez (micay),19418009,noanamito (lópez de micay - cauca),2022,11,3286,847,60.0,sábado,2022-11-26 18:30:00,2.49,lópez de micay
19,cauca,19418,lópez (micay),19418012,san antonio de chuaré (lópez de micay - cauca),2022,11,4252,1196,44.64,martes,2022-11-01 18:45:00,3.53,lópez de micay
19,cauca,19809,timbiquí,19809014,chacón (timbiquí - cauca),2022,11,4483,1304,27.18,sábado,2022-11-05 19:00:00,7.0,timbiquí
19,cauca,19809,timbiquí,19809003,coteje (timbiquí - cauca),2022,11,5969,4122,32.8,martes,2022-11-22 19:15:00,7.02,timbiquí
19,cauca,19809,timbiquí,19809026,los brazos (timbiquí - cauca),2022,11,8223,1835,38.16,jueves,2022-11-03 19:15:00,8.37,timbiquí
19,cauca,19809,timbiquí,19809023,puerto saija (timbiquí - cauca),2022,11,34981,11388,179.52,lunes,2022-11-14 20:00:00,8.13,timbiquí
19,cauca,19809,timbiquí,19809009,santa rosa de saija (timbiquí - cauca),2022,11,3772,1905,24.12,lunes,2022-11-07 19:00:00,6.21,timbiquí
27,chocó,27006,acandí,27006000,acandí (acandí - chocó),2022,11,639819,212408,1180.61,miércoles,2022-11-02 21:00:00,24.0,acandí
27,chocó,27006,acandí,27006007,san francisco (acandí - chocó),2022,11,23596,8448,110.78,sábado,2022-11-19 20:00:00,9.16,acandí
27,chocó,27025,alto baudó (pie de pato),27025000,ciudad baudó - pie de pato (alto baudó - chocó),2022,11,45268,14913,115.54,jueves,2022-11-10 19:00:00,22.47,alto baudó (pie de pato)
27,chocó,27075,bahía solano (mutis),27075000,ciudad mutis (bahía solano - chocó),2022,11,641619,216495,1247.4,martes,2022-11-01 20:00:00,23.48,bahía solano (mutis)
27,chocó,27075,bahía solano (mutis),27075002,el valle (bahía solano - chocó),2022,11,159353,62307,333.17,martes,2022-11-08 18:45:00,24.0,bahía solano (mutis)
27,chocó,27077,bajo baudó (pizarro),27077905,buenavista (bajo baudó (pizarro) - chocó),2022,11,3056,450,35.1,miércoles,2022-11-23 20:00:00,3.15,bajo baudó (pizarro)
27,chocó,27077,bajo baudó (pizarro),27077000,pizarro (bajo baudó (pizarro) - chocó),2022,11,195572,82637,401.28,domingo,2022-11-06 19:00:00,22.0,bajo baudó (pizarro)
27,chocó,27099,bojayá (bellavista),27099000,bellavista (bojayá (bellavista) - chocó),2022,11,95417,27421,237.21,viernes,2022-11-25 19:30:00,17.16,bojayá (bellavista)
27,chocó,27099,bojayá (bellavista),27099002,la loma de bojayá (bojayá (bellavista) - chocó),2022,11,11797,5709,67.2,miércoles,2022-11-30 19:30:00,8.14,bojayá (bellavista)
27,chocó,27250,el litoral del san juan,27250002,cucurrupí (el litoral del san juan - chocó),2022,11,2503,770,18.14,martes,2022-11-01 18:15:00,5.43,el litoral del san juan
27,chocó,27250,el litoral del san juan,27250000,santa genoveva de docordó (el litoral del san juan - chocó),2022,11,67960,41872,180.05,sábado,2022-11-19 19:15:00,23.31,el litoral del san juan
27,chocó,27372,juradó,27372000,juradó (juradó - chocó),2022,11,156552,66334,294.72,miércoles,2022-11-02 19:15:00,23.59,juradó
27,chocó,27425,medio atrato (beté),27425000,beté (medio atrato (beté) - chocó),2022,11,15110,9014,60.0,miércoles,2022-11-09 10:30:00,12.16,medio atrato (beté)
27,chocó,27425,medio atrato (beté),27425008,san roque (medio atrato (beté) - chocó),2022,11,2721,788,16.99,sábado,2022-11-05 09:15:00,6.18,medio atrato (beté)
27,chocó,27495,nuquí,27495912,comunidad indígena de panguí - el yucal (nuquí - chocó),2022,11,7166,1620,11.55,lunes,2022-11-07 15:00:00,22.52,nuquí
27,chocó,27495,nuquí,27495000,nuquí (nuquí - chocó),2022,11,249447,93895,480.48,viernes,2022-11-04 19:30:00,23.52,nuquí
27,chocó,27495,nuquí,27495011,puerto jagua (nuquí - chocó),2022,11,843,482,5.59,sábado,2022-11-26 19:45:00,6.33,nuquí
27,chocó,27001,quibdó,27001029,tagachi (quibdó - chocó),2022,11,7921,2993,44.14,jueves,2022-11-10 13:30:00,7.42,quibdó
27,chocó,27800,unguía,27800001,balboa (unguía - chocó),2022,11,22297,8801,84.97,miércoles,2022-11-02 20:00:00,11.05,unguía
27,chocó,27800,unguía,27800005,titumate (unguía - chocó),2022,11,15835,3779,96.01,sábado,2022-11-19 20:30:00,7.54,unguía
27,chocó,27800,unguía,27800000,unguía (unguía - chocó),2022,11,400317,137619,870.14,miércoles,2022-11-02 19:15:00,22.17,unguía
94,guainía,94343,barrancominas,94343000,barrancominas (barrancominas - guainía),2022,11,67848,19052,192.55,martes,2022-11-22 18:00:00,16.22,barrancominas
95,guaviare,95200,miraflores,95200000,miraflores (miraflores - guaviare),2022,11,85289,28730,217.8,sábado,2022-11-12 18:15:00,18.08,miraflores
47,magdalena,47189,ciénaga,47189018,palmor (ciénaga - magdalena),2022,11,99439,36892,210.24,domingo,2022-11-13 12:00:00,22.04,ciénaga
50,meta,50325,mapiripán,50325000,mapiripán (mapiripán - meta),2022,11,163449,61673,346.28,miércoles,2022-11-09 18:15:00,23.45,mapiripán
52,nariño,52250,el charco,52250023,bazán (el charco - nariño),2022,11,19399,6100,96.0,jueves,2022-11-03 18:30:00,8.11,el charco
52,nariño,52250,el charco,52250003,bolívar - san pedro (el charco - nariño),2022,11,3586,2069,26.69,sábado,2022-11-05 20:15:00,5.41,el charco
52,nariño,52250,el charco,52250007,san josé del tapaje (el charco - nariño),2022,11,11050,4098,64.0,martes,2022-11-15 19:00:00,8.02,el charco
52,nariño,52520,francisco pizarro,52520013,san pedro del vino (francisco pizarro - nariño),2022,11,4393,2484,26.75,viernes,2022-11-18 18:00:00,7.18,francisco pizarro
52,nariño,52390,la tola,52390005,aguacatal (la tola - nariño),2022,11,2048,547,10.42,sábado,2022-11-05 16:30:00,8.26,la tola
52,nariño,52390,la tola,52390013,amárales (la tola - nariño),2022,11,6386,2073,43.36,sábado,2022-11-12 19:00:00,6.54,la tola
52,nariño,52390,la tola,52390009,mulatos (la tola - nariño),2022,11,5440,3007,33.06,jueves,2022-11-24 18:15:00,8.1,la tola
52,nariño,52490,olaya herrera,52490913,boca de prieta (olaya herrera - nariño),2022,11,3155,820,15.89,viernes,2022-11-04 19:00:00,7.49,olaya herrera
52,nariño,52835,san andrés de tumaco,52835055,bocas de curay (tumaco - nariño),2022,11,8434,3259,57.6,domingo,2022-11-06 11:30:00,6.4,san andrés de tumaco
52,nariño,52696,santa bárbara (iscuandé),52696014,la ensenada (santa bárbara (iscuandé) - nariño),2022,11,2727,4790,21.98,miércoles,2022-11-02 18:45:00,5.04,santa bárbara (iscuandé)
52,nariño,52696,santa bárbara (iscuandé),52696022,secadero (santa bárbara (iscuandé) - nariño),2022,11,3089,1438,14.14,miércoles,2022-11-23 18:15:00,9.03,santa bárbara (iscuandé)
86,putumayo,86573,puerto leguízamo,86573009,piñuña negro (puerto leguízamo - putumayo),2022,11,3797,2238,25.6,martes,2022-11-01 18:15:00,6.39,puerto leguízamo
86,putumayo,86573,puerto leguízamo,86573000,puerto leguízamo (puerto leguízamo - putumayo),2022,11,976748,311584,2152.13,martes,2022-11-01 14:30:00,23.38,puerto leguízamo
76,valle del cauca,76109,buenaventura,76109028,puerto merizalde (buenaventura - valle del cauca),2022,11,84534,27940,202.4,miércoles,2022-11-02 19:45:00,19.11,buenaventura
76,valle del cauca,76109,buenaventura,76109032,san francisco naya (buenaventura - valle del cauca),2022,11,7734,3112,31.74,viernes,2022-11-11 11:30:00,10.11,buenaventura
97,vaupés,97161,carurú,97161000,carurú (carurú - vaupés),2022,11,22488,4715,83.42,miércoles,2022-11-09 17:45:00,12.12,carurú
91,amazonas,91798,tarapaca (anm),91798000,tarapaca,2026,1,29302,11801,1069192.0,jueves,2026-01-22 16:45:00,1.029,tarapaca (anm)
97,vaupés,97001,mitú,97001000,mitú (mitú - vaupés),2022,11,1358949,366476,2844.06,viernes,2022-11-11 11:45:00,24.0,mitú
97,vaupés,97666,taraira,97666000,taraira (taraira - vaupés),2022,11,34410,9596,133.41,miércoles,2022-11-09 12:30:00,11.09,taraira
99,vichada,99773,cumaribo,99773000,cumaribo (cumaribo - vichada),2022,11,325519,132592,718.08,martes,2022-11-22 11:30:00,23.54,cumaribo
99,vichada,99524,la primavera,99524000,la primavera (la primavera - vichada),2022,11,352603,130567,687.19,martes,2022-11-15 19:00:00,23.53,la primavera
99,vichada,99001,puerto carreño,99001002,casuarito (puerto carreño - vichada),2022,11,34325,13019,106.48,lunes,2022-11-07 18:45:00,14.33,puerto carreño
99,vichada,99001,puerto carreño,99001000,puerto carreño (puerto carreño - vichada),2022,11,2358827,765349,4606.8,martes,2022-11-15 13:45:00,23.57,puerto carreño
99,vichada,99624,santa rosalía,99624000,santa rosalía (santa rosalía - vichada),2022,11,142339,69013,345.02,martes,2022-11-15 19:45:00,18.17,santa rosalía
91,amazonas,91001,leticia,91001000,leticia (leticia - amazonas),2022,12,4029904,1169692,7985.82,jueves,2022-12-01 14:30:00,24.0,leticia
91,amazonas,91540,puerto nariño,91540000,puerto nariño (puerto nariño - amazonas),2022,12,116663,40820,238.48,jueves,2022-12-01 18:45:00,24.0,puerto nariño
91,amazonas,91798,tarapacá (anm),91798000,tarapacá (tarapacá (anm) - amazonas),2022,12,27447,12457,101.1,viernes,2022-12-02 20:00:00,10.19,tarapacá (anm)
88,"archipiélago de san andrés, providencia y santa catalina",88564,providencia,88564000,providencia (providencia - archipiélago de san andrés y providencia),2022,12,1138527,254554,1825.72,viernes,2022-12-16 19:00:00,24.0,providencia
88,"archipiélago de san andrés, providencia y santa catalina",88001,san andrés,88001000,san andrés (san andrés - archipiélago de san andrés y providencia),2022,12,17303113,4700361,29164.14,viernes,2022-12-16 15:30:00,23.59,san andrés
13,bolívar,13001,cartagena de indias,13001007,isla fuerte (cartagena de indias - bolívar),2022,12,25914,14554,225.48,viernes,2022-12-30 23:00:00,4.47,cartagena de indias
13,bolívar,13001,cartagena de indias,13001037,isla múcura (cartagena de indias - bolívar),2022,12,6661,2591,20.19,jueves,2022-12-15 23:45:00,14.24,cartagena de indias
13,bolívar,13001,cartagena de indias,13001017,santa cruz del islote (cartagena de indias - bolívar),2022,12,14296,4585,39.04,miércoles,2022-12-28 20:30:00,15.07,cartagena de indias
18,caquetá,18150,cartagena del chairá,18150001,remolino del caguán (cartagena del chaira - caquetá),2022,12,19761,7581,102.18,sábado,2022-12-31 18:30:00,8.34,cartagena del chairá
18,caquetá,18150,cartagena del chairá,18150002,santa fe del caguán (cartagena del chaira - caquetá),2022,12,3691,1846,39.6,sábado,2022-12-31 19:30:00,3.41,cartagena del chairá
18,caquetá,18753,san vicente del caguán,18753002,guacamayas (san vicente del caguán - caquetá),2022,12,15367,6613,47.62,martes,2022-12-13 19:00:00,18.43,san vicente del caguán
18,caquetá,18753,san vicente del caguán,18753015,guayabal (san vicente del caguán - caquetá),2022,12,6074,3017,43.17,sábado,2022-12-03 18:15:00,5.52,san vicente del caguán
18,caquetá,18753,san vicente del caguán,18753009,puerto betania (san vicente del caguán - caquetá),2022,12,6690,2720,52.32,sábado,2022-12-31 19:15:00,6.15,san vicente del caguán
19,cauca,19318,guapi,19318008,limones (guapi - cauca),2022,12,9289,4384,43.95,sábado,2022-12-03 13:00:00,9.42,guapi
19,cauca,19318,guapi,19318013,san antonio de guajuí (guapi - cauca),2022,12,11961,6086,56.48,sábado,2022-12-03 19:15:00,9.0,guapi
19,cauca,19418,lópez (micay),19418038,isla de gallo (lópez de micay - cauca),2022,12,3661,1735,27.62,sábado,2022-12-31 19:15:00,5.48,lópez de micay
19,cauca,19418,lópez (micay),19418012,san antonio de chuaré (lópez de micay - cauca),2022,12,6002,1839,44.29,lunes,2022-12-19 19:00:00,5.33,lópez de micay
19,cauca,19809,timbiquí,19809014,chacón (timbiquí - cauca),2022,12,5295,1597,26.51,jueves,2022-12-15 18:45:00,8.36,timbiquí
19,cauca,19809,timbiquí,19809003,coteje (timbiquí - cauca),2022,12,6358,4518,31.56,domingo,2022-12-11 18:45:00,7.45,timbiquí
19,cauca,19809,timbiquí,19809026,los brazos (timbiquí - cauca),2022,12,8548,2037,34.82,martes,2022-12-20 19:45:00,9.22,timbiquí
19,cauca,19809,timbiquí,19809023,puerto saija (timbiquí - cauca),2022,12,37954,12813,169.49,viernes,2022-12-23 19:00:00,9.47,timbiquí
19,cauca,19809,timbiquí,19809009,santa rosa de saija (timbiquí - cauca),2022,12,4407,2236,22.58,miércoles,2022-12-07 18:15:00,8.06,timbiquí
27,chocó,27006,acandí,27006000,acandí (acandí - chocó),2022,12,654345,215320,1215.1,sábado,2022-12-07 18:15:00,23.59,acandí
27,chocó,27006,acandí,27006007,san francisco (acandí - chocó),2022,12,26493,9465,122.83,viernes,2022-12-30 19:45:00,9.26,acandí
27,chocó,27025,alto baudó (pie de pato),27025000,ciudad baudó - pie de pato (alto baudó - chocó),2022,12,46897,16086,112.02,viernes,2022-12-30 12:00:00,23.58,alto baudó (pie de pato)
27,chocó,27075,bahía solano (mutis),27075002,el valle (bahía solano - chocó),2022,12,168547,65188,368.02,sábado,2022-12-31 19:45:00,23.44,bahía solano (mutis)
27,chocó,27077,bajo baudó (pizarro),27077000,pizarro (bajo baudó (pizarro) - chocó),2022,12,211414,92665,411.31,viernes,2022-12-09 19:00:00,22.37,bajo baudó (pizarro)
27,chocó,27099,bojayá (bellavista),27099000,bellavista (bojayá (bellavista) - chocó),2022,12,97377,28240,232.4,viernes,2022-12-02 19:15:00,17.1,bojayá (bellavista)
27,chocó,27099,bojayá (bellavista),27099005,napipí (bojayá (bellavista) - chocó),2022,12,12728,6410,64.0,viernes,2022-12-23 19:30:00,8.05,bojayá (bellavista)
27,chocó,27250,el litoral del san juan,27250002,cucurrupí (el litoral del san juan - chocó),2022,12,2676,855,16.99,miércoles,2022-12-28 18:45:00,6.05,el litoral del san juan
27,chocó,27250,el litoral del san juan,27250000,santa genoveva de docordó (el litoral del san juan - chocó),2022,12,69040,43450,169.88,miércoles,2022-12-14 11:45:00,23.45,el litoral del san juan
27,chocó,27372,juradó,27372000,juradó (juradó - chocó),2022,12,177894,72700,326.56,sábado,2022-12-31 19:15:00,23.59,juradó
05,antioquia,05873,vigía del fuerte,05873013,loma murri,2025,12,6057,2856,31562.0,lunes,2025-12-07 19:00:00,24.0,vigía del fuerte
27,chocó,27425,medio atrato (beté),27425000,beté (medio atrato (beté) - chocó),2022,12,15513,9438,56.0,lunes,2022-12-05 11:45:00,12.41,medio atrato (beté)
27,chocó,27495,nuquí,27495912,comunidad indígena de panguí - el yucal (nuquí - chocó),2022,12,6816,1776,11.66,sábado,2022-12-31 19:15:00,23.07,nuquí
27,chocó,27495,nuquí,27495011,puerto jagua (nuquí - chocó),2022,12,1072,645,6.48,sábado,2022-12-24 20:00:00,6.48,nuquí
27,chocó,27001,quibdó,27001029,tagachi (quibdó - chocó),2022,12,8427,3240,42.94,sábado,2022-12-03 13:15:00,8.16,quibdó
27,chocó,27800,unguía,27800001,balboa (unguía - chocó),2022,12,22438,8790,83.8,sábado,2022-12-24 19:00:00,11.08,unguía
27,chocó,27800,unguía,27800005,titumate (unguía - chocó),2022,12,17321,4162,96.98,viernes,2022-12-09 20:00:00,8.13,unguía
27,chocó,27800,unguía,27800000,unguía (unguía - chocó),2022,12,412442,143382,868.03,sábado,2022-12-31 19:15:00,22.19,unguía
94,guainía,94343,barrancominas,94343000,barrancominas (barrancominas - guainía),2022,12,70067,21323,192.38,lunes,2022-12-05 18:15:00,16.22,barrancominas
95,guaviare,95200,miraflores,95200000,miraflores (miraflores - guaviare),2022,12,84461,29297,203.72,jueves,2022-12-01 18:30:00,18.09,miraflores
47,magdalena,47189,ciénaga,47189018,palmor (ciénaga - magdalena),2022,12,100803,39278,203.33,sábado,2022-12-10 19:15:00,21.56,ciénaga
50,meta,50325,mapiripán,50325000,mapiripán (mapiripán - meta),2022,12,173749,67839,346.72,viernes,2022-12-09 18:30:00,24.0,mapiripán
52,nariño,52250,el charco,52250023,bazán (el charco - nariño),2022,12,22496,7248,100.8,viernes,2022-12-30 17:45:00,9.14,el charco
52,nariño,52250,el charco,52250003,bolívar - san pedro (el charco - nariño),2022,12,3807,2044,25.28,sábado,2022-12-03 19:00:00,6.13,el charco
52,nariño,52250,el charco,52250007,san josé del tapaje (el charco - nariño),2022,12,12292,4518,56.0,jueves,2022-12-01 18:30:00,9.02,el charco
52,nariño,52390,la tola,52390013,amárales (la tola - nariño),2022,12,7097,2383,43.55,miércoles,2022-12-21 19:30:00,7.5,la tola
52,nariño,52390,la tola,52390009,mulatos (la tola - nariño),2022,12,5965,3426,38.78,viernes,2022-12-16 18:30:00,8.22,la tola
52,nariño,52490,olaya herrera,52490913,boca de prieta (olaya herrera - nariño),2022,12,2544,699,17.09,lunes,2022-12-26 19:00:00,5.41,olaya herrera
52,nariño,52835,san andrés de tumaco,52835055,bocas de curay (tumaco - nariño),2022,12,9164,3464,57.6,domingo,2022-12-18 11:00:00,6.59,san andrés de tumaco
52,nariño,52696,santa bárbara (iscuandé),52696014,la ensenada (santa bárbara (iscuandé) - nariño),2022,12,3126,5509,22.18,martes,2022-12-06 20:30:00,5.48,santa bárbara (iscuandé)
52,nariño,52696,santa bárbara (iscuandé),52696022,secadero (santa bárbara (iscuandé) - nariño),2022,12,2985,1264,14.06,viernes,2022-12-02 18:30:00,9.19,santa bárbara (iscuandé)
86,putumayo,86573,puerto leguízamo,86573009,piñuña negro (puerto leguízamo - putumayo),2022,12,3972,2245,35.2,sábado,2022-12-03 17:15:00,6.2,puerto leguízamo
86,putumayo,86573,puerto leguízamo,86573000,puerto leguízamo (puerto leguízamo - putumayo),2022,12,927588,312165,2034.47,miércoles,2022-12-07 15:00:00,23.07,puerto leguízamo
76,valle del cauca,76109,buenaventura,76109028,puerto merizalde (buenaventura - valle del cauca),2022,12,96101,32457,184.1,viernes,2022-12-23 20:15:00,23.28,buenaventura
76,valle del cauca,76109,buenaventura,76109032,san francisco naya (buenaventura - valle del cauca),2022,12,7108,2917,34.75,sábado,2022-12-24 12:00:00,8.49,buenaventura
97,vaupés,97001,mitú,97001000,mitú (mitú - vaupés),2022,12,1450802,408967,2877.24,miércoles,2022-12-14 12:00:00,23.55,mitú
97,vaupés,97666,taraira,97666000,taraira (taraira - vaupés),2022,12,30847,8849,126.1,lunes,2022-12-05 18:15:00,10.06,taraira
99,vichada,99524,la primavera,99524000,la primavera (la primavera - vichada),2022,12,364012,139356,679.07,miércoles,2022-12-28 19:15:00,23.59,la primavera
99,vichada,99001,puerto carreño,99001002,casuarito (puerto carreño - vichada),2022,12,34739,13313,95.74,jueves,2022-12-15 18:15:00,14.25,puerto carreño
99,vichada,99001,puerto carreño,99001000,puerto carreño (puerto carreño - vichada),2022,12,2450074,834238,4367.44,miércoles,2022-12-14 14:30:00,23.58,puerto carreño
99,vichada,99624,santa rosalía,99624000,santa rosalía (santa rosalía - vichada),2022,12,148727,72473,343.15,miércoles,2022-12-14 20:15:00,18.04,santa rosalía
91,amazonas,91001,leticia,91001000,leticia (leticia - amazonas),2023,1,3696988,1065327,7132.96,viernes,2023-01-27 14:45:00,24.0,leticia
91,amazonas,91540,puerto nariño,91540000,puerto nariño (puerto nariño - amazonas),2023,1,112349,39609,228.98,martes,2023-01-24 19:30:00,23.59,puerto nariño
91,amazonas,91798,tarapacá (anm),91798000,tarapacá (tarapacá (anm) - amazonas),2023,1,26553,11970,96.94,martes,2023-01-03 14:45:00,10.19,tarapacá (anm)
05,antioquia,05873,vigía del fuerte,05873002,vegáez (vigía del fuerte - antioquia),2023,1,5368,870,41.22,lunes,2023-01-16 20:00:00,6.36,vigía del fuerte
88,"archipiélago de san andrés, providencia y santa catalina",88564,providencia,88564000,providencia (providencia - archipiélago de san andrés y providencia),2023,1,1089078,237865,1778.95,lunes,2023-01-30 21:45:00,23.5,providencia
88,"archipiélago de san andrés, providencia y santa catalina",88001,san andrés,88001000,san andrés (san andrés - archipiélago de san andrés y providencia),2023,1,16731637,4600321,28229.7,lunes,2023-01-02 15:45:00,24.0,san andrés
13,bolívar,13001,cartagena de indias,13001007,isla fuerte (cartagena de indias - bolívar),2023,1,37775,22357,230.05,miércoles,2023-01-04 22:30:00,6.49,cartagena de indias
13,bolívar,13001,cartagena de indias,13001037,isla múcura (cartagena de indias - bolívar),2023,1,6927,2640,20.83,domingo,2023-01-08 00:00:00,15.0,cartagena de indias
13,bolívar,13001,cartagena de indias,13001017,santa cruz del islote (cartagena de indias - bolívar),2023,1,7041,2223,38.98,martes,2023-01-10 20:30:00,7.56,cartagena de indias
18,caquetá,18150,cartagena del chairá,18150001,remolino del caguán (cartagena del chaira - caquetá),2023,1,16274,6186,99.35,lunes,2023-01-30 19:00:00,7.02,cartagena del chairá
18,caquetá,18150,cartagena del chairá,18150002,santa fe del caguán (cartagena del chaira - caquetá),2023,1,3572,1792,39.08,martes,2023-01-24 18:45:00,3.52,cartagena del chairá
18,caquetá,18753,san vicente del caguán,18753002,guacamayas (san vicente del caguán - caquetá),2023,1,15622,6107,41.35,sábado,2023-01-28 19:15:00,18.56,san vicente del caguán
18,caquetá,18753,san vicente del caguán,18753015,guayabal (san vicente del caguán - caquetá),2023,1,5548,2721,43.18,sábado,2023-01-07 19:00:00,5.29,san vicente del caguán
18,caquetá,18753,san vicente del caguán,18753009,puerto betania (san vicente del caguán - caquetá),2023,1,6443,2704,51.44,viernes,2023-01-06 19:30:00,6.27,san vicente del caguán
19,cauca,19318,guapi,19318008,limones (guapi - cauca),2023,1,8296,3957,46.45,jueves,2023-01-26 17:30:00,9.02,guapi
19,cauca,19318,guapi,19318013,san antonio de guajuí (guapi - cauca),2023,1,8150,4116,57.37,viernes,2023-01-20 20:00:00,6.07,guapi
19,cauca,19418,lópez (micay),19418011,dos quebradas río naya (lópez de micay - cauca),2023,1,0,0,0.0,domingo,2023-01-01 00:00:00,0.0,lópez de micay
19,cauca,19418,lópez (micay),19418038,isla de gallo (lópez de micay - cauca),2023,1,3283,1589,28.35,sábado,2023-01-14 19:45:00,4.51,lópez de micay
19,cauca,19418,lópez (micay),19418012,san antonio de chuaré (lópez de micay - cauca),2023,1,5158,1565,44.9,miércoles,2023-01-25 19:30:00,4.41,lópez de micay
19,cauca,19809,timbiquí,19809014,chacón (timbiquí - cauca),2023,1,4119,1176,26.45,sábado,2023-01-21 18:45:00,6.24,timbiquí
19,cauca,19809,timbiquí,19809003,coteje (timbiquí - cauca),2023,1,5774,4084,31.48,martes,2023-01-31 19:45:00,7.1,timbiquí
19,cauca,19809,timbiquí,19809026,los brazos (timbiquí - cauca),2023,1,8959,3905,40.08,viernes,2023-01-06 18:45:00,9.07,timbiquí
19,cauca,19809,timbiquí,19809023,puerto saija (timbiquí - cauca),2023,1,24263,8129,163.33,domingo,2023-01-22 19:30:00,5.45,timbiquí
19,cauca,19809,timbiquí,19809009,santa rosa de saija (timbiquí - cauca),2023,1,3474,1741,20.69,martes,2023-01-31 19:15:00,6.48,timbiquí
27,chocó,27006,acandí,27006000,acandí (acandí - chocó),2023,1,631527,201731,1257.87,sábado,2023-01-28 20:30:00,23.24,acandí
27,chocó,27006,acandí,27006007,san francisco (acandí - chocó),2023,1,27055,9744,136.94,sábado,2023-01-07 20:00:00,9.19,acandí
27,chocó,27025,alto baudó (pie de pato),27025000,ciudad baudó - pie de pato (alto baudó - chocó),2023,1,44275,15316,139.04,jueves,2023-01-26 19:15:00,21.23,alto baudó (pie de pato)
27,chocó,27075,bahía solano (mutis),27075002,el valle (bahía solano - chocó),2023,1,167506,64436,358.78,jueves,2023-01-05 19:15:00,23.18,bahía solano (mutis)
27,chocó,27077,bajo baudó (pizarro),27077029,firme de usarga (bajo baudó (pizarro) - chocó),2023,1,980,286,7.65,jueves,2023-01-12 18:45:00,5.3,bajo baudó (pizarro)
27,chocó,27077,bajo baudó (pizarro),27077026,guineal (bajo baudó (pizarro) - chocó),2023,1,6212,2935,37.89,miércoles,2023-01-25 20:00:00,7.44,bajo baudó (pizarro)
27,chocó,27077,bajo baudó (pizarro),27077011,piliza (bajo baudó (pizarro) - chocó),2023,1,4514,2299,41.6,viernes,2023-01-06 18:15:00,5.43,bajo baudó (pizarro)
27,chocó,27077,bajo baudó (pizarro),27077000,pizarro (bajo baudó (pizarro) - chocó),2023,1,217404,95152,435.07,viernes,2023-01-06 18:45:00,23.1,bajo baudó (pizarro)
27,chocó,27077,bajo baudó (pizarro),27077016,siviru (bajo baudó - chocó),2023,1,7301,2902,40.14,sábado,2023-01-07 19:15:00,8.34,bajo baudó (pizarro)
27,chocó,27077,bajo baudó (pizarro),27077916,terron (bajo baudó - chocó),2023,1,2410,1042,25.65,sábado,2023-01-14 19:15:00,4.01,bajo baudó (pizarro)
27,chocó,27077,bajo baudó (pizarro),27077019,virudo,2023,1,5040,2511,53.93,martes,2023-01-10 12:15:00,6.34,bajo baudó (pizarro)
27,chocó,27099,bojayá (bellavista),27099000,bellavista (bojayá (bellavista) - chocó),2023,1,89090,26099,244.35,sábado,2023-01-28 19:45:00,15.15,bojayá (bellavista)
27,chocó,27099,bojayá (bellavista),27099005,napipí (bojayá (bellavista) - chocó),2023,1,12867,6506,67.2,domingo,2023-01-29 19:30:00,7.4,bojayá (bellavista)
27,chocó,27099,bojayá (bellavista),27099030,piedra candela (bojayá - chocó),2023,1,7605,3438,32.95,viernes,2023-01-27 19:30:00,9.25,bojayá (bellavista)
27,chocó,27250,el litoral del san juan,27250002,cucurrupí (el litoral del san juan - chocó),2023,1,2467,841,17.79,lunes,2023-01-09 18:45:00,5.42,el litoral del san juan
27,chocó,27250,el litoral del san juan,27250000,santa genoveva de docordó (el litoral del san juan - chocó),2023,1,59896,35133,180.97,miércoles,2023-01-18 08:00:00,19.08,el litoral del san juan
27,chocó,27361,istmina,27361021,panamacito,2023,1,1792,267,10.19,martes,2023-01-24 19:30:00,6.19,istmina
27,chocó,27372,juradó,27372000,juradó (juradó - chocó),2023,1,166004,69350,302.56,lunes,2023-01-30 19:00:00,23.45,juradó
27,chocó,27425,medio atrato (beté),27425000,beté (medio atrato (beté) - chocó),2023,1,15239,9097,56.0,miércoles,2023-01-18 12:15:00,12.15,medio atrato (beté)
27,chocó,27425,medio atrato (beté),27425008,san roque (medio atrato (beté) - chocó),2023,1,1,0,2.54,domingo,2023-01-29 10:30:00,0.0,medio atrato (beté)
27,chocó,27450,medio san juan,27450903,la lerma,2023,1,1043,201,6.39,domingo,2023-01-08 17:45:00,6.55,medio san juan
27,chocó,27450,medio san juan,27450016,macedonia (medio san juan - chocó),2023,1,0,0,0.0,domingo,2023-01-01 00:00:00,0.0,medio san juan
27,chocó,27495,nuquí,27495912,comunidad indígena de panguí - el yucal (nuquí - chocó),2023,1,6151,1683,11.38,lunes,2023-01-02 14:00:00,21.02,nuquí
27,chocó,27495,nuquí,27495003,jurubira (nuquí - chocó),2023,1,18367,7963,63.02,martes,2023-01-24 21:30:00,13.17,nuquí
27,chocó,27001,quibdó,27001029,tagachi (quibdó - chocó),2023,1,8850,3337,45.6,miércoles,2023-01-25 13:30:00,8.15,quibdó
27,chocó,27615,riosucio,27615912,marcial (riosucio - chocó),2023,1,60,31,5.07,domingo,2023-01-01 08:00:00,0.25,riosucio
27,chocó,27615,riosucio,27615930,peñas blancas (riosucio - chocó),2023,1,0,0,0.0,domingo,2023-01-01 00:00:00,0.0,riosucio
27,chocó,27800,unguía,27800001,balboa (unguía - chocó),2023,1,21446,8320,82.81,sábado,2023-01-07 20:15:00,11.07,unguía
27,chocó,27800,unguía,27800005,titumate (unguía - chocó),2023,1,16014,3835,89.14,viernes,2023-01-06 20:00:00,8.26,unguía
27,chocó,27800,unguía,27800000,unguía (unguía - chocó),2023,1,402169,139811,796.22,martes,2023-01-31 20:30:00,22.21,unguía
94,guainía,94343,barrancominas,94343000,barrancominas (barrancominas - guainía),2023,1,61606,18107,172.1,lunes,2023-01-30 13:45:00,16.14,barrancominas
95,guaviare,95200,miraflores,95200000,miraflores (miraflores - guaviare),2023,1,76527,25343,182.16,jueves,2023-01-26 18:45:00,18.07,miraflores
44,la guajira,44847,uribia,44847012,nazareth (uribia - la guajira),2023,1,58763,11066,293.71,lunes,2023-01-23 19:00:00,9.45,uribia
47,magdalena,47189,ciénaga,47189018,palmor (ciénaga - magdalena),2023,1,97367,36737,184.06,martes,2023-01-17 18:30:00,23.2,ciénaga
50,meta,50325,mapiripán,50325000,mapiripán (mapiripán - meta),2023,1,162306,63555,316.8,lunes,2023-01-16 18:45:00,23.51,mapiripán
52,nariño,52250,el charco,52250023,bazán (el charco - nariño),2023,1,13097,5010,105.6,miércoles,2023-01-04 19:00:00,5.33,el charco
52,nariño,52250,el charco,52250003,bolívar - san pedro (el charco - nariño),2023,1,2668,1451,25.25,lunes,2023-01-16 19:45:00,4.24,el charco
52,nariño,52250,el charco,52250007,san josé del tapaje (el charco - nariño),2023,1,9462,3292,56.0,lunes,2023-01-09 17:00:00,6.54,el charco
52,nariño,52520,francisco pizarro,52520013,san pedro del vino (francisco pizarro - nariño),2023,1,1,1,4.29,martes,2023-01-31 13:00:00,0.0,francisco pizarro
52,nariño,52390,la tola,52390005,aguacatal (la tola - nariño),2023,1,2163,511,9.92,jueves,2023-01-19 18:30:00,8.25,la tola
52,nariño,52390,la tola,52390013,amárales (la tola - nariño),2023,1,5747,1820,42.62,martes,2023-01-17 18:45:00,6.39,la tola
52,nariño,52390,la tola,52390009,mulatos (la tola - nariño),2023,1,5525,3197,34.4,miércoles,2023-01-25 19:15:00,7.49,la tola
52,nariño,52427,magüí,52427901,alto estero (magüí - nariño),2023,1,1231,389,13.48,sábado,2023-01-14 19:15:00,3.21,magüí
52,nariño,52427,magüí,52427015,brisas de hamburgo (magüí - nariño),2023,1,335,107,19.16,lunes,2023-01-30 20:00:00,0.4,magüí
52,nariño,52427,magüí,52427910,el rosario,2023,1,68,19,9.78,domingo,2023-01-01 00:00:00,0.15,magüí
52,nariño,52427,magüí,52427005,guilpi,2023,1,560,293,9.44,jueves,2023-01-12 19:00:00,2.14,magüí
52,nariño,52427,magüí,52427013,la loma (magüí - nariño),2023,1,214,77,7.37,jueves,2023-01-05 19:45:00,1.04,magüí
52,nariño,52490,olaya herrera,52490913,boca de prieta (olaya herrera - nariño),2023,1,2697,750,16.34,jueves,2023-01-26 19:15:00,6.15,olaya herrera
52,nariño,52835,san andrés de tumaco,52835055,bocas de curay (tumaco - nariño),2023,1,4078,1550,57.6,sábado,2023-01-07 19:00:00,3.11,san andrés de tumaco
52,nariño,52696,santa bárbara (iscuandé),52696014,la ensenada (santa bárbara (iscuandé) - nariño),2023,1,3243,5880,22.08,martes,2023-01-24 19:00:00,6.03,santa bárbara (iscuandé)
52,nariño,52696,santa bárbara (iscuandé),52696022,secadero (santa bárbara (iscuandé) - nariño),2023,1,3516,1230,17.4,domingo,2023-01-22 20:15:00,9.17,santa bárbara (iscuandé)
86,putumayo,86573,puerto leguízamo,86573009,piñuña negro (puerto leguízamo - putumayo),2023,1,3600,1998,25.6,sábado,2023-01-14 17:15:00,6.31,puerto leguízamo
86,putumayo,86573,puerto leguízamo,86573000,puerto leguízamo (puerto leguízamo - putumayo),2023,1,918204,315113,1861.38,viernes,2023-01-27 15:00:00,23.21,puerto leguízamo
76,valle del cauca,76109,buenaventura,76109105,pital (buenaventura - valle del cauca),2023,1,2285,338,16.08,domingo,2023-01-08 17:30:00,5.41,buenaventura
76,valle del cauca,76109,buenaventura,76109028,puerto merizalde (buenaventura - valle del cauca),2023,1,95242,32691,191.31,sábado,2023-01-28 20:15:00,23.23,buenaventura
76,valle del cauca,76109,buenaventura,76109081,punta bonita,2023,1,5717,5674,24.12,domingo,2023-01-29 20:15:00,10.01,buenaventura
76,valle del cauca,76109,buenaventura,76109030,punta soldado (buenaventura - valle del cauca),2023,1,3171,1093,24.15,jueves,2023-01-12 20:00:00,7.2,buenaventura
76,valle del cauca,76109,buenaventura,76109032,san francisco naya (buenaventura - valle del cauca),2023,1,6512,2720,33.73,miércoles,2023-01-18 11:45:00,8.0,buenaventura
97,vaupés,97161,carurú,97161000,carurú (carurú - vaupés),2023,1,7517,2252,77.0,martes,2023-01-03 18:45:00,4.15,carurú
97,vaupés,97001,mitú,97001000,mitú (mitú - vaupés),2023,1,1322910,390376,2720.12,viernes,2023-01-27 12:00:00,23.49,mitú
97,vaupés,97666,taraira,97666000,taraira (taraira - vaupés),2023,1,30270,10067,114.75,sábado,2023-01-14 18:45:00,11.18,taraira
99,vichada,99524,la primavera,99524000,la primavera (la primavera - vichada),2023,1,356138,140426,671.15,viernes,2023-01-20 18:45:00,24.0,la primavera
99,vichada,99001,puerto carreño,99001002,casuarito (puerto carreño - vichada),2023,1,34850,13410,97.33,jueves,2023-01-19 19:00:00,14.15,puerto carreño
99,vichada,99001,puerto carreño,99001000,puerto carreño (puerto carreño - vichada),2023,1,2362492,797366,4348.96,lunes,2023-01-16 14:30:00,23.59,puerto carreño
99,vichada,99624,santa rosalía,99624000,santa rosalía (santa rosalía - vichada),2023,1,143364,71818,327.07,lunes,2023-01-30 19:45:00,18.04,santa rosalía
91,amazonas,91001,leticia,91001000,leticia (leticia - amazonas),2023,2,3393306,960122,7103.01,martes,2023-02-14 15:45:00,24.0,leticia
91,amazonas,91540,puerto nariño,91540000,puerto nariño (puerto nariño - amazonas),2023,2,104321,36516,222.64,sábado,2023-02-18 19:30:00,24.0,puerto nariño
91,amazonas,91798,tarapacá (anm),91798000,tarapacá (tarapacá (anm) - amazonas),2023,2,24754,11145,101.1,sábado,2023-02-11 18:30:00,10.17,tarapacá (anm)
05,antioquia,05873,vigía del fuerte,05873002,vegáez (vigía del fuerte - antioquia),2023,2,4704,821,50.4,lunes,2023-02-13 14:30:00,6.3,vigía del fuerte
88,"archipiélago de san andrés, providencia y santa catalina",88564,providencia,88564000,providencia (providencia - archipiélago de san andrés y providencia),2023,2,987913,214623,1774.96,lunes,2023-02-27 21:30:00,24.0,providencia
88,"archipiélago de san andrés, providencia y santa catalina",88001,san andrés,88001000,san andrés (san andrés - archipiélago de san andrés y providencia),2023,2,14723182,4048813,27871.84,viernes,2023-02-10 15:45:00,24.0,san andrés
13,bolívar,13001,cartagena de indias,13001007,isla fuerte (cartagena de indias - bolívar),2023,2,46350,28186,182.16,viernes,2023-02-17 22:30:00,10.2,cartagena de indias
13,bolívar,13001,cartagena de indias,13001037,isla múcura (cartagena de indias - bolívar),2023,2,5151,2024,18.37,viernes,2023-02-10 21:30:00,13.13,cartagena de indias
13,bolívar,13001,cartagena de indias,13001017,santa cruz del islote (cartagena de indias - bolívar),2023,2,7764,2349,32.45,jueves,2023-02-16 19:45:00,11.03,cartagena de indias
18,caquetá,18150,cartagena del chairá,18150001,remolino del caguán (cartagena del chaira - caquetá),2023,2,18931,7358,96.27,sábado,2023-02-04 19:15:00,9.05,cartagena del chairá
18,caquetá,18150,cartagena del chairá,18150002,santa fe del caguán (cartagena del chaira - caquetá),2023,2,3129,1511,40.52,sábado,2023-02-04 19:00:00,3.31,cartagena del chairá
18,caquetá,18753,san vicente del caguán,18753002,guacamayas (san vicente del caguán - caquetá),2023,2,14153,5633,46.15,domingo,2023-02-12 19:00:00,17.41,san vicente del caguán
18,caquetá,18753,san vicente del caguán,18753015,guayabal (san vicente del caguán - caquetá),2023,2,4482,2181,44.54,domingo,2023-02-12 12:45:00,4.41,san vicente del caguán
50,meta,50325,mapiripán,50325000,mapiripán (mapiripán - meta),2023,2,163943,62426,346.72,lunes,2023-02-13 18:45:00,23.58,mapiripán
18,caquetá,18753,san vicente del caguán,18753009,puerto betania (san vicente del caguán - caquetá),2023,2,5518,2299,49.08,miércoles,2023-02-15 19:45:00,5.45,san vicente del caguán
19,cauca,19318,guapi,19318008,limones (guapi - cauca),2023,2,7523,3597,40.18,domingo,2023-02-26 20:00:00,8.56,guapi
19,cauca,19318,guapi,19318013,san antonio de guajuí (guapi - cauca),2023,2,11032,5802,54.26,miércoles,2023-02-01 18:30:00,9.05,guapi
19,cauca,19418,lópez (micay),19418011,dos quebradas río naya (lópez de micay - cauca),2023,2,881,292,23.62,jueves,2023-02-23 19:30:00,1.45,lópez de micay
19,cauca,19418,lópez (micay),19418038,isla de gallo (lópez de micay - cauca),2023,2,2894,1428,28.26,sábado,2023-02-04 19:00:00,4.42,lópez de micay
19,cauca,19418,lópez (micay),19418012,san antonio de chuaré (lópez de micay - cauca),2023,2,5821,1768,44.61,sábado,2023-02-11 19:00:00,5.54,lópez de micay
19,cauca,19809,timbiquí,19809014,chacón (timbiquí - cauca),2023,2,3457,909,25.76,lunes,2023-02-06 19:00:00,5.57,timbiquí
19,cauca,19809,timbiquí,19809003,coteje (timbiquí - cauca),2023,2,5534,3828,32.28,domingo,2023-02-12 19:30:00,7.12,timbiquí
19,cauca,19809,timbiquí,19809026,los brazos (timbiquí - cauca),2023,2,8111,3623,43.51,domingo,2023-02-26 19:30:00,8.4,timbiquí
19,cauca,19809,timbiquí,19809023,puerto saija (timbiquí - cauca),2023,2,0,0,0.0,miércoles,2023-02-01 00:00:00,0.0,timbiquí
19,cauca,19809,timbiquí,19809009,santa rosa de saija (timbiquí - cauca),2023,2,3110,1440,22.63,sábado,2023-02-25 19:45:00,5.53,timbiquí
27,chocó,27006,acandí,27006000,acandí (acandí - chocó),2023,2,606674,194174,1196.62,jueves,2023-02-23 21:30:00,22.35,acandí
27,chocó,27006,acandí,27006007,san francisco (acandí - chocó),2023,2,15260,5670,111.02,sábado,2023-02-04 19:00:00,6.0,acandí
27,chocó,27025,alto baudó (pie de pato),27025000,ciudad baudó - pie de pato (alto baudó - chocó),2023,2,48164,15826,140.1,martes,2023-07-02 19:00:00,23.19,alto baudó (pie de pato)
27,chocó,27075,bahía solano (mutis),27075002,el valle (bahía solano - chocó),2023,2,148952,57647,363.0,jueves,2023-02-09 19:15:00,22.58,bahía solano (mutis)
27,chocó,27077,bajo baudó (pizarro),27077029,firme de usarga (bajo baudó (pizarro) - chocó),2023,2,986,279,8.02,jueves,2023-02-02 20:00:00,6.23,bajo baudó (pizarro)
27,chocó,27077,bajo baudó (pizarro),27077026,guineal (bajo baudó (pizarro) - chocó),2023,2,5614,2507,38.16,sábado,2023-02-04 19:30:00,7.58,bajo baudó (pizarro)
27,chocó,27077,bajo baudó (pizarro),27077011,piliza (bajo baudó (pizarro) - chocó),2023,2,3654,2233,32.0,miércoles,2023-02-01 19:15:00,5.31,bajo baudó (pizarro)
27,chocó,27077,bajo baudó (pizarro),27077000,pizarro (bajo baudó (pizarro) - chocó),2023,2,185116,79700,512.69,martes,2023-02-28 20:15:00,21.13,bajo baudó (pizarro)
27,chocó,27077,bajo baudó (pizarro),27077016,siviru (bajo baudó - chocó),2023,2,6539,2563,39.68,domingo,2023-02-15 19:15:00,8.27,bajo baudó (pizarro)
27,chocó,27077,bajo baudó (pizarro),27077916,terron (bajo baudó - chocó),2023,2,4302,2008,63.36,sábado,2023-02-18 19:00:00,8.0,bajo baudó (pizarro)
27,chocó,27099,bojayá (bellavista),27099000,bellavista (bojayá (bellavista) - chocó),2023,2,88854,26915,254.81,lunes,2023-02-20 19:15:00,16.15,bojayá (bellavista)
27,chocó,27099,bojayá (bellavista),27099005,napipí (bojayá (bellavista) - chocó),2023,2,11318,5612,67.2,sábado,2023-02-11 19:15:00,7.31,bojayá (bellavista)
27,chocó,27099,bojayá (bellavista),27099030,piedra candela (bojayá - chocó),2023,2,7573,3320,35.19,viernes,2023-02-03 17:45:00,9.57,bojayá (bellavista)
27,chocó,27250,el litoral del san juan,27250002,cucurrupí (el litoral del san juan - chocó),2023,2,2032,663,17.86,lunes,2023-02-13 18:30:00,5.07,el litoral del san juan
27,chocó,27250,el litoral del san juan,27250000,santa genoveva de docordó (el litoral del san juan - chocó),2023,2,65461,37421,207.64,martes,2023-02-28 13:00:00,20.3,el litoral del san juan
27,chocó,27372,juradó,27372000,juradó (juradó - chocó),2023,2,158692,65712,322.4,jueves,2023-02-09 19:45:00,23.43,juradó
27,chocó,27425,medio atrato (beté),27425000,beté (medio atrato (beté) - chocó),2023,2,16021,8377,64.0,jueves,2023-02-02 19:15:00,12.37,medio atrato (beté)
27,chocó,27425,medio atrato (beté),27425008,san roque (medio atrato (beté) - chocó),2023,2,477,198,15.29,sábado,2023-02-25 19:15:00,1.23,medio atrato (beté)
27,chocó,27450,medio san juan,27450016,macedonia (medio san juan - chocó),2023,2,0,0,0.0,miércoles,2023-02-01 00:00:00,0.0,medio san juan
27,chocó,27495,nuquí,27495912,comunidad indígena de panguí - el yucal (nuquí - chocó),2023,2,626,338,7.01,viernes,2023-02-10 09:15:00,5.24,nuquí
27,chocó,27495,nuquí,27495003,jurubira (nuquí - chocó),2023,2,15883,7758,61.15,miércoles,2023-02-01 19:15:00,12.3,nuquí
27,chocó,27001,quibdó,27001029,tagachi (quibdó - chocó),2023,2,8980,3268,50.76,domingo,2023-02-26 14:00:00,8.34,quibdó
27,chocó,27615,riosucio,27615912,marcial (riosucio - chocó),2023,2,0,0,0.0,miércoles,2023-02-01 00:00:00,0.0,riosucio
27,chocó,27615,riosucio,27615930,peñas blancas (riosucio - chocó),2023,2,20,7,1.59,domingo,2023-02-26 20:00:00,0.0,riosucio
27,chocó,27800,unguía,27800001,balboa (unguía - chocó),2023,2,20033,8171,78.98,jueves,2023-02-23 19:45:00,11.03,unguía
27,chocó,27800,unguía,27800005,titumate (unguía - chocó),2023,2,15726,3837,91.96,viernes,2023-02-24 20:45:00,9.04,unguía
27,chocó,27800,unguía,27800000,unguía (unguía - chocó),2023,2,383819,136573,821.57,jueves,2023-02-09 21:15:00,22.18,unguía
94,guainía,94343,barrancominas,94343000,barrancominas (barrancominas - guainía),2023,2,59800,16912,187.39,miércoles,2023-02-15 19:00:00,16.04,barrancominas
95,guaviare,95200,miraflores,95200000,miraflores (miraflores - guaviare),2023,2,75587,24768,201.96,viernes,2023-02-03 19:00:00,17.45,miraflores
44,la guajira,44847,uribia,44847012,nazareth (uribia - la guajira),2023,2,59448,11174,300.29,martes,2023-02-28 18:45:00,10.29,uribia
47,magdalena,47189,ciénaga,47189018,palmor (ciénaga - magdalena),2023,2,90744,33211,203.14,domingo,2023-02-12 18:45:00,23.26,ciénaga
52,nariño,52250,el charco,52250023,bazán (el charco - nariño),2023,2,20734,7517,91.2,viernes,2023-02-10 19:30:00,9.36,el charco
52,nariño,52250,el charco,52250003,bolívar - san pedro (el charco - nariño),2023,2,3442,2679,23.71,viernes,2023-02-10 19:45:00,6.34,el charco
52,nariño,52250,el charco,52250007,san josé del tapaje (el charco - nariño),2023,2,10590,3974,56.0,miércoles,2023-02-01 19:00:00,8.57,el charco
52,nariño,52520,francisco pizarro,52520013,san pedro del vino (francisco pizarro - nariño),2023,2,1004,617,24.8,domingo,2023-02-26 12:15:00,1.59,francisco pizarro
52,nariño,52390,la tola,52390005,aguacatal (la tola - nariño),2023,2,2089,675,11.87,martes,2023-02-21 15:45:00,8.55,la tola
52,nariño,52390,la tola,52390013,amárales (la tola - nariño),2023,2,5973,2187,42.66,jueves,2023-02-23 19:45:00,7.21,la tola
52,nariño,52390,la tola,52390009,mulatos (la tola - nariño),2023,2,4165,2330,37.76,viernes,2023-02-10 18:45:00,6.36,la tola
52,nariño,52427,magüí,52427901,alto estero (magüí - nariño),2023,2,660,191,13.33,miércoles,2023-02-01 19:30:00,2.01,magüí
52,nariño,52427,magüí,52427015,brisas de hamburgo (magüí - nariño),2023,2,1992,660,21.69,martes,2023-02-28 20:00:00,4.23,magüí
52,nariño,52427,magüí,52427913,la isla (magüí - nariño),2023,2,129,62,6.55,sábado,2023-02-25 20:45:00,24.0,magüí
52,nariño,52427,magüí,52427013,la loma (magüí - nariño),2023,2,575,170,7.04,martes,2023-02-21 19:15:00,3.28,magüí
52,nariño,52427,magüí,52427915,las lajas (magüí - nariño),2023,2,2569,774,18.31,sábado,2023-02-17 19:30:00,6.15,magüí
52,nariño,52490,olaya herrera,52490913,boca de prieta (olaya herrera - nariño),2023,2,2493,688,18.62,martes,2023-02-28 19:30:00,6.17,olaya herrera
52,nariño,52835,san andrés de tumaco,52835055,bocas de curay (tumaco - nariño),2023,2,8340,3293,55.2,domingo,2023-02-26 11:30:00,7.11,san andrés de tumaco
52,nariño,52696,santa bárbara (iscuandé),52696014,la ensenada (santa bárbara (iscuandé) - nariño),2023,2,2680,4713,22.34,lunes,2023-02-27 19:30:00,5.28,santa bárbara (iscuandé)
52,nariño,52696,santa bárbara (iscuandé),52696022,secadero (santa bárbara (iscuandé) - nariño),2023,2,2707,1260,13.85,martes,2023-02-21 18:00:00,8.37,santa bárbara (iscuandé)
86,putumayo,86573,puerto leguízamo,86573009,piñuña negro (puerto leguízamo - putumayo),2023,2,2705,1540,25.6,sábado,2023-02-04 18:00:00,5.23,puerto leguízamo
86,putumayo,86573,puerto leguízamo,86573000,puerto leguízamo (puerto leguízamo - putumayo),2023,2,713026,246235,1941.81,lunes,2023-02-27 15:45:00,22.29,puerto leguízamo
76,valle del cauca,76109,buenaventura,76109069,papayal 1 (buenaventura - valle del cauca),2023,2,9126,354,45.81,viernes,2023-02-24 19:45:00,9.02,buenaventura
76,valle del cauca,76109,buenaventura,76109105,pital (buenaventura - valle del cauca),2023,2,4004,684,16.36,domingo,2023-02-26 13:15:00,11.0,buenaventura
76,valle del cauca,76109,buenaventura,76109028,puerto merizalde (buenaventura - valle del cauca),2023,2,95317,32134,212.61,jueves,2023-02-23 19:45:00,23.06,buenaventura
76,valle del cauca,76109,buenaventura,76109030,punta soldado (buenaventura - valle del cauca),2023,2,3594,1357,23.1,miércoles,2023-02-22 19:45:00,9.55,buenaventura
76,valle del cauca,76109,buenaventura,76109032,san francisco naya (buenaventura - valle del cauca),2023,2,5003,2109,33.89,sábado,2023-02-18 11:45:00,6.48,buenaventura
97,vaupés,97161,carurú,97161000,carurú (carurú - vaupés),2023,2,19177,7797,93.54,sábado,2023-02-25 18:45:00,9.26,carurú
97,vaupés,97001,mitú,97001000,mitú (mitú - vaupés),2023,2,1257402,353503,2811.97,viernes,2023-02-03 12:00:00,24.0,mitú
97,vaupés,97666,taraira,97666000,taraira (taraira - vaupés),2023,2,27764,8917,116.25,martes,2023-02-28 19:30:00,11.05,taraira
99,vichada,99773,cumaribo,99773000,cumaribo (cumaribo - vichada),2023,2,317052,129232,679.8,viernes,2023-02-10 15:00:00,23.58,cumaribo
99,vichada,99524,la primavera,99524000,la primavera (la primavera - vichada),2023,2,341866,138649,703.82,lunes,2023-02-27 15:30:00,24.0,la primavera
99,vichada,99001,puerto carreño,99001002,casuarito (puerto carreño - vichada),2023,2,33007,12054,109.65,lunes,2023-02-27 13:45:00,14.03,puerto carreño
99,vichada,99001,puerto carreño,99001000,puerto carreño (puerto carreño - vichada),2023,2,2304587,753201,4727.36,martes,2023-02-28 13:15:00,24.0,puerto carreño
99,vichada,99624,santa rosalía,99624000,santa rosalía (santa rosalía - vichada),2023,2,96580,47,369.7,martes,2023-02-14 20:45:00,17.47,santa rosalía
91,amazonas,91001,leticia,91001000,leticia (leticia - amazonas),2023,3,3917986,1104048,7734.83,martes,2023-03-21 15:15:00,24.0,leticia
91,amazonas,91540,puerto nariño,91540000,puerto nariño (puerto nariño - amazonas),2023,3,118535,41866,238.83,miércoles,2023-03-08 19:15:00,24.0,puerto nariño
91,amazonas,91798,tarapacá (anm),91798000,tarapacá (tarapacá (anm) - amazonas),2023,3,27972,12997,105.42,jueves,2023-03-02 19:00:00,10.15,tarapacá (anm)
05,antioquia,05873,vigía del fuerte,05873002,vegáez (vigía del fuerte - antioquia),2023,3,5317,1026,41.15,lunes,2023-03-27 19:30:00,6.35,vigía del fuerte
88,"archipiélago de san andrés, providencia y santa catalina",88564,providencia,88564000,providencia (providencia - archipiélago de san andrés y providencia),2023,3,1139382,246072,1873.93,lunes,2023-03-13 21:45:00,24.0,providencia
13,bolívar,13001,cartagena de indias,13001007,isla fuerte (cartagena de indias - bolívar),2023,3,62498,37175,190.64,domingo,2023-03-19 22:30:00,13.34,cartagena de indias
13,bolívar,13001,cartagena de indias,13001037,isla múcura (cartagena de indias - bolívar),2023,3,6068,2414,18.75,jueves,2023-03-16 00:45:00,14.15,cartagena de indias
13,bolívar,13001,cartagena de indias,13001017,santa cruz del islote (cartagena de indias - bolívar),2023,3,5810,1960,17.76,domingo,2023-03-05 20:30:00,13.45,cartagena de indias
18,caquetá,18150,cartagena del chairá,18150001,remolino del caguán (cartagena del chaira - caquetá),2023,3,18036,6919,92.7,jueves,2023-03-23 19:30:00,8.03,cartagena del chairá
18,caquetá,18753,san vicente del caguán,18753002,guacamayas (san vicente del caguán - caquetá),2023,3,14812,5782,40.46,viernes,2023-03-24 19:00:00,17.19,san vicente del caguán
18,caquetá,18753,san vicente del caguán,18753009,puerto betania (san vicente del caguán - caquetá),2023,3,5372,2251,47.4,sábado,2023-03-25 20:15:00,5.21,san vicente del caguán
19,cauca,19318,guapi,19318008,limones (guapi - cauca),2023,3,8947,4328,45.84,martes,2023-03-21 16:45:00,9.22,guapi
19,cauca,19318,guapi,19318013,san antonio de guajuí (guapi - cauca),2023,3,11443,5932,56.76,martes,2023-03-28 18:45:00,8.29,guapi
19,cauca,19418,lópez (micay),19418011,dos quebradas río naya (lópez de micay - cauca),2023,3,4883,1670,28.29,sábado,2023-03-11 20:30:00,7.27,lópez de micay
19,cauca,19418,lópez (micay),19418038,isla de gallo (lópez de micay - cauca),2023,3,4114,2027,29.82,viernes,2023-03-31 19:30:00,6.01,lópez de micay
19,cauca,19418,lópez (micay),19418012,san antonio de chuaré (lópez de micay - cauca),2023,3,6528,2003,42.4,jueves,2023-03-23 19:45:00,6.15,lópez de micay
19,cauca,19809,timbiquí,19809014,chacón (timbiquí - cauca),2023,3,4172,1189,26.34,jueves,2023-03-23 19:15:00,6.23,timbiquí
19,cauca,19809,timbiquí,19809003,coteje (timbiquí - cauca),2023,3,6017,4289,30.8,jueves,2023-03-02 19:00:00,7.19,timbiquí
19,cauca,19809,timbiquí,19809026,los brazos (timbiquí - cauca),2023,3,3391,1561,41.33,viernes,2023-03-10 19:30:00,3.19,timbiquí
19,cauca,19809,timbiquí,19809023,puerto saija (timbiquí - cauca),2023,3,5212,1884,177.41,jueves,2023-03-30 20:30:00,1.25,timbiquí
19,cauca,19809,timbiquí,19809009,santa rosa de saija (timbiquí - cauca),2023,3,3811,1892,21.96,domingo,2023-03-26 19:00:00,6.24,timbiquí
27,chocó,27006,acandí,27006000,acandí (acandí - chocó),2023,3,707587,224618,1220.74,miércoles,2023-03-22 21:00:00,23.39,acandí
27,chocó,27006,acandí,27006007,san francisco (acandí - chocó),2023,3,23175,8659,128.26,domingo,2023-03-19 19:15:00,8.46,acandí
27,chocó,27025,alto baudó (pie de pato),27025000,ciudad baudó - pie de pato (alto baudó - chocó),2023,3,52024,16650,119.15,sábado,2023-03-04 12:00:00,23.55,alto baudó (pie de pato)
27,chocó,27075,bahía solano (mutis),27075002,el valle (bahía solano - chocó),2023,3,170570,66573,348.48,lunes,2023-03-20 19:15:00,23.45,bahía solano (mutis)
27,chocó,27077,bajo baudó (pizarro),27077029,firme de usarga (bajo baudó (pizarro) - chocó),2023,3,1039,333,8.02,viernes,2023-03-31 22:45:00,6.15,bajo baudó (pizarro)
27,chocó,27077,bajo baudó (pizarro),27077026,guineal (bajo baudó (pizarro) - chocó),2023,3,5926,2553,30.5,domingo,2023-03-12 12:15:00,8.26,bajo baudó (pizarro)
27,chocó,27077,bajo baudó (pizarro),27077011,piliza (bajo baudó (pizarro) - chocó),2023,3,4166,1935,32.0,domingo,2023-03-05 19:00:00,5.34,bajo baudó (pizarro)
27,chocó,27077,bajo baudó (pizarro),27077000,pizarro (bajo baudó (pizarro) - chocó),2023,3,213596,95092,478.37,miércoles,2023-03-01 19:30:00,22.18,bajo baudó (pizarro)
27,chocó,27077,bajo baudó (pizarro),27077016,siviru (bajo baudó - chocó),2023,3,7066,2655,43.56,viernes,2023-03-17 18:15:00,7.55,bajo baudó (pizarro)
27,chocó,27077,bajo baudó (pizarro),27077916,terron (bajo baudó - chocó),2023,3,2345,1137,32.74,sábado,2023-03-04 15:15:00,3.48,bajo baudó (pizarro)
27,chocó,27099,bojayá (bellavista),27099000,bellavista (bojayá (bellavista) - chocó),2023,3,99574,31581,249.5,miércoles,2023-03-01 12:45:00,16.43,bojayá (bellavista)
27,chocó,27099,bojayá (bellavista),27099005,napipí (bojayá (bellavista) - chocó),2023,3,12634,6282,67.2,miércoles,2023-03-01 19:30:00,7.5,bojayá (bellavista)
27,chocó,27099,bojayá (bellavista),27099030,piedra candela (bojayá - chocó),2023,3,7454,3341,42.49,domingo,2023-03-26 23:15:00,9.17,bojayá (bellavista)
27,chocó,27250,el litoral del san juan,27250002,cucurrupí (el litoral del san juan - chocó),2023,3,2161,715,17.47,martes,2023-03-07 18:45:00,4.56,el litoral del san juan
27,chocó,27250,el litoral del san juan,27250000,santa genoveva de docordó (el litoral del san juan - chocó),2023,3,85802,45692,224.66,sábado,2023-03-18 09:15:00,17.08,el litoral del san juan
27,chocó,27372,juradó,27372000,juradó (juradó - chocó),2023,3,178818,72656,323.36,martes,2023-03-28 19:15:00,23.54,juradó
27,chocó,27425,medio atrato (beté),27425000,beté (medio atrato (beté) - chocó),2023,3,8896,4537,68.0,martes,2023-03-14 19:30:00,7.58,medio atrato (beté)
27,chocó,27450,medio san juan,27450016,macedonia (medio san juan - chocó),2023,3,0,0,0.0,miércoles,2023-03-01 00:00:00,0.0,medio san juan
27,chocó,27495,nuquí,27495912,comunidad indígena de panguí - el yucal (nuquí - chocó),2023,3,2891,697,11.41,viernes,2023-03-10 10:45:00,9.15,nuquí
27,chocó,27001,quibdó,27001029,tagachi (quibdó - chocó),2023,3,9585,3426,53.86,martes,2023-03-07 13:30:00,8.12,quibdó
27,chocó,27615,riosucio,27615912,marcial (riosucio - chocó),2023,3,190,111,4.49,lunes,2023-03-13 15:15:00,1.34,riosucio
27,chocó,27615,riosucio,27615930,peñas blancas (riosucio - chocó),2023,3,19,7,1.79,viernes,2023-03-31 20:15:00,0.0,riosucio
27,chocó,27800,unguía,27800001,balboa (unguía - chocó),2023,3,21678,8654,80.81,domingo,2023-03-19 18:45:00,11.03,unguía
27,chocó,27800,unguía,27800005,titumate (unguía - chocó),2023,3,16786,4111,94.34,domingo,2023-03-26 20:45:00,8.3,unguía
27,chocó,27800,unguía,27800000,unguía (unguía - chocó),2023,3,417786,149595,834.77,jueves,2023-03-02 20:00:00,22.13,unguía
94,guainía,94343,barrancominas,94343000,barrancominas (barrancominas - guainía),2023,3,68624,18304,184.9,jueves,2023-03-23 18:15:00,16.13,barrancominas
95,guaviare,95200,miraflores,95200000,miraflores (miraflores - guaviare),2023,3,84855,29197,202.84,martes,2023-03-14 19:15:00,18.12,miraflores
44,la guajira,44847,uribia,44847012,nazareth (uribia - la guajira),2023,3,61337,11434,331.78,jueves,2023-03-23 19:30:00,10.08,uribia
47,magdalena,47189,ciénaga,47189018,palmor (ciénaga - magdalena),2023,3,96521,33853,193.02,sábado,2023-03-04 18:45:00,23.29,ciénaga
50,meta,50325,mapiripán,50325000,mapiripán (mapiripán - meta),2023,3,179782,69028,349.8,miércoles,2023-03-08 18:30:00,23.55,mapiripán
52,nariño,52250,el charco,52250023,bazán (el charco - nariño),2023,3,23633,9050,105.6,martes,2023-03-14 19:15:00,9.07,el charco
52,nariño,52250,el charco,52250003,bolívar - san pedro (el charco - nariño),2023,3,3945,2490,29.12,viernes,2023-03-31 17:15:00,6.22,el charco
52,nariño,52250,el charco,52250007,san josé del tapaje (el charco - nariño),2023,3,12684,4642,64.0,lunes,2023-03-06 19:30:00,9.46,el charco
52,nariño,52520,francisco pizarro,52520013,san pedro del vino (francisco pizarro - nariño),2023,3,0,0,3.0,jueves,2023-03-09 19:30:00,0.0,francisco pizarro
52,nariño,52390,la tola,52390005,aguacatal (la tola - nariño),2023,3,2213,733,10.86,viernes,2023-03-10 15:15:00,8.45,la tola
52,nariño,52390,la tola,52390013,amárales (la tola - nariño),2023,3,7359,2969,44.86,viernes,2023-03-17 19:45:00,7.24,la tola
52,nariño,52390,la tola,52390009,mulatos (la tola - nariño),2023,3,5455,3019,38.05,jueves,2023-03-23 18:45:00,7.35,la tola
52,nariño,52427,magüí,52427901,alto estero (magüí - nariño),2023,3,496,167,23.83,sábado,2023-03-04 20:30:00,1.22,magüí
52,nariño,52427,magüí,52427913,la isla (magüí - nariño),2023,3,963,479,11.05,sábado,2023-03-18 22:45:00,5.15,magüí
52,nariño,52427,magüí,52427013,la loma (magüí - nariño),2023,3,775,351,15.46,lunes,2023-03-20 18:45:00,3.33,magüí
52,nariño,52427,magüí,52427915,las lajas (magüí - nariño),2023,3,2767,868,24.29,jueves,2023-03-02 22:15:00,7.09,magüí
52,nariño,52490,olaya herrera,52490913,boca de prieta (olaya herrera - nariño),2023,3,2378,639,15.84,jueves,2023-03-09 19:15:00,5.37,olaya herrera
52,nariño,52835,san andrés de tumaco,52835055,bocas de curay (tumaco - nariño),2023,3,7546,2970,57.6,sábado,2023-03-25 19:15:00,5.53,san andrés de tumaco
52,nariño,52696,santa bárbara (iscuandé),52696014,la ensenada (santa bárbara (iscuandé) - nariño),2023,3,3237,5629,22.05,domingo,2023-03-05 18:30:00,5.49,santa bárbara (iscuandé)
52,nariño,52696,santa bárbara (iscuandé),52696022,secadero (santa bárbara (iscuandé) - nariño),2023,3,3097,1460,14.98,jueves,2023-03-23 19:15:00,9.09,santa bárbara (iscuandé)
86,putumayo,86573,puerto leguízamo,86573009,piñuña negro (puerto leguízamo - putumayo),2023,3,3091,1766,25.6,sábado,2023-03-11 18:00:00,5.28,puerto leguízamo
86,putumayo,86573,puerto leguízamo,86573000,puerto leguízamo (puerto leguízamo - putumayo),2023,3,947979,302017,1945.33,jueves,2023-03-23 15:00:00,23.25,puerto leguízamo
76,valle del cauca,76109,buenaventura,76109069,papayal 1 (buenaventura - valle del cauca),2023,3,11427,350,61.82,lunes,2023-03-13 22:15:00,10.07,buenaventura
76,valle del cauca,76109,buenaventura,76109105,pital (buenaventura - valle del cauca),2023,3,2959,497,17.16,domingo,2023-03-14 20:15:00,7.05,buenaventura
76,valle del cauca,76109,buenaventura,76109028,puerto merizalde (buenaventura - valle del cauca),2023,3,106362,36271,206.45,martes,2023-03-21 19:30:00,23.47,buenaventura
76,valle del cauca,76109,buenaventura,76109030,punta soldado (buenaventura - valle del cauca),2023,3,4979,2103,24.9,lunes,2023-03-13 19:30:00,12.01,buenaventura
76,valle del cauca,76109,buenaventura,76109032,san francisco naya (buenaventura - valle del cauca),2023,3,6599,2840,32.22,martes,2023-03-21 19:30:00,8.05,buenaventura
97,vaupés,97161,carurú,97161000,carurú (carurú - vaupés),2023,3,26624,10338,89.06,miércoles,2023-03-15 19:00:00,12.1,carurú
97,vaupés,97001,mitú,97001000,mitú (mitú - vaupés),2023,3,1458176,399178,2924.56,viernes,2023-03-24 13:00:00,23.59,mitú
97,vaupés,97666,taraira,97666000,taraira (taraira - vaupés),2023,3,33885,10226,134.82,jueves,2023-03-23 12:30:00,11.03,taraira
99,vichada,99773,cumaribo,99773000,cumaribo (cumaribo - vichada),2023,3,347049,139018,668.36,viernes,2023-03-24 14:30:00,23.52,cumaribo
99,vichada,99524,la primavera,99524000,la primavera (la primavera - vichada),2023,3,407790,162183,760.04,viernes,2023-03-17 18:30:00,24.0,la primavera
99,vichada,99001,puerto carreño,99001000,puerto carreño (puerto carreño - vichada),2023,3,2713999,848320,5011.6,jueves,2023-03-23 14:30:00,23.58,puerto carreño
91,amazonas,91001,leticia,91001000,leticia (leticia - amazonas),2023,4,3757604,1047263,7680.68,miércoles,2023-04-19 14:30:00,24.0,leticia
91,amazonas,91540,puerto nariño,91540000,puerto nariño (puerto nariño - amazonas),2023,4,115634,41170,234.61,martes,2023-04-18 20:00:00,24.0,puerto nariño
91,amazonas,91798,tarapacá (anm),91798000,tarapacá (tarapacá (anm) - amazonas),2023,4,27679,12805,116.73,viernes,2023-04-14 14:30:00,10.15,tarapacá (anm)
05,antioquia,05873,vigía del fuerte,05873002,vegáez (vigía del fuerte - antioquia),2023,4,4117,807,52.7,sábado,2023-04-22 19:00:00,24.0,vigía del fuerte
88,"archipiélago de san andrés, providencia y santa catalina",88564,providencia,88564000,providencia (providencia - archipiélago de san andrés y providencia),2023,4,1160243,251263,1954.0,martes,2023-04-18 22:00:00,24.0,providencia
95,guaviare,95200,miraflores,95200000,miraflores (miraflores - guaviare),2023,4,80666,29742,199.32,martes,2023-04-18 18:15:00,18.01,miraflores
88,"archipiélago de san andrés, providencia y santa catalina",88001,san andrés,88001000,san andrés (san andrés - archipiélago de san andrés y providencia),2023,4,16724769,4518993,29088.7,viernes,2023-04-28 15:45:00,24.0,san andrés
13,bolívar,13001,cartagena de indias,13001007,isla fuerte (cartagena de indias - bolívar),2023,4,65449,38614,220.49,jueves,2023-04-06 23:45:00,13.39,cartagena de indias
13,bolívar,13001,cartagena de indias,13001037,isla múcura (cartagena de indias - bolívar),2023,4,4954,1982,19.71,viernes,2023-04-07 23:15:00,11.2,cartagena de indias
13,bolívar,13001,cartagena de indias,13001017,santa cruz del islote (cartagena de indias - bolívar),2023,4,6741,2627,20.13,lunes,2023-04-24 22:00:00,13.58,cartagena de indias
18,caquetá,18150,cartagena del chairá,18150001,remolino del caguán (cartagena del chaira - caquetá),2023,4,18351,6956,101.76,sábado,2023-04-15 19:15:00,8.16,cartagena del chairá
18,caquetá,18753,san vicente del caguán,18753002,guacamayas (san vicente del caguán - caquetá),2023,4,13734,5352,39.96,martes,2023-04-11 19:00:00,18.03,san vicente del caguán
18,caquetá,18753,san vicente del caguán,18753009,puerto betania (san vicente del caguán - caquetá),2023,4,5177,2164,45.0,sábado,2023-04-15 19:30:00,5.46,san vicente del caguán
19,cauca,19318,guapi,19318008,limones (guapi - cauca),2023,4,6828,3179,45.34,viernes,2023-04-21 18:00:00,7.18,guapi
19,cauca,19318,guapi,19318013,san antonio de guajuí (guapi - cauca),2023,4,7455,3647,60.03,viernes,2023-04-28 19:30:00,5.18,guapi
19,cauca,19418,lópez (micay),19418011,dos quebradas río naya (lópez de micay - cauca),2023,4,4506,1661,27.39,domingo,2023-04-30 19:00:00,7.13,lópez de micay
19,cauca,19418,lópez (micay),19418038,isla de gallo (lópez de micay - cauca),2023,4,4223,2097,31.14,sábado,2023-04-29 19:30:00,6.12,lópez de micay
19,cauca,19418,lópez (micay),19418012,san antonio de chuaré (lópez de micay - cauca),2023,4,6039,1778,44.99,jueves,2023-04-20 19:00:00,5.44,lópez de micay
19,cauca,19809,timbiquí,19809014,chacón (timbiquí - cauca),2023,4,3800,1154,26.48,miércoles,2023-04-05 19:45:00,5.59,timbiquí
19,cauca,19809,timbiquí,19809003,coteje (timbiquí - cauca),2023,4,6705,4514,32.88,sábado,2023-04-15 19:15:00,8.2,timbiquí
19,cauca,19809,timbiquí,19809026,los brazos (timbiquí - cauca),2023,4,6201,2619,40.51,lunes,2023-04-10 19:45:00,6.34,timbiquí
19,cauca,19809,timbiquí,19809023,puerto saija (timbiquí - cauca),2023,4,34862,12076,170.37,sábado,2023-04-29 19:30:00,8.26,timbiquí
19,cauca,19809,timbiquí,19809009,santa rosa de saija (timbiquí - cauca),2023,4,3907,2038,22.58,domingo,2023-04-23 19:45:00,6.48,timbiquí
27,chocó,27006,acandí,27006000,acandí (acandí - chocó),2023,4,629767,202276,1475.76,miércoles,2023-04-26 21:00:00,20.27,acandí
27,chocó,27006,acandí,27006007,san francisco (acandí - chocó),2023,4,25371,9244,136.8,jueves,2023-04-06 19:30:00,9.01,acandí
27,chocó,27025,alto baudó (pie de pato),27025000,ciudad baudó - pie de pato (alto baudó - chocó),2023,4,50835,15895,118.89,sábado,2023-04-22 12:00:00,23.59,alto baudó (pie de pato)
27,chocó,27075,bahía solano (mutis),27075002,el valle (bahía solano - chocó),2023,4,175291,65889,380.69,sábado,2023-04-08 19:00:00,23.4,bahía solano (mutis)
27,chocó,27077,bajo baudó (pizarro),27077029,firme de usarga (bajo baudó (pizarro) - chocó),2023,4,597,206,6.42,miércoles,2023-04-05 11:15:00,3.52,bajo baudó (pizarro)
27,chocó,27077,bajo baudó (pizarro),27077026,guineal (bajo baudó (pizarro) - chocó),2023,4,2833,1288,28.04,domingo,2023-04-16 11:30:00,0.31,bajo baudó (pizarro)
27,chocó,27077,bajo baudó (pizarro),27077011,piliza (bajo baudó (pizarro) - chocó),2023,4,2756,1837,38.4,sábado,2023-04-15 19:30:00,3.49,bajo baudó (pizarro)
27,chocó,27077,bajo baudó (pizarro),27077000,pizarro (bajo baudó (pizarro) - chocó),2023,4,221687,97807,446.16,lunes,2023-04-03 19:00:00,23.24,bajo baudó (pizarro)
27,chocó,27077,bajo baudó (pizarro),27077916,terron (bajo baudó - chocó),2023,4,3950,1876,28.21,miércoles,2023-04-26 13:15:00,6.28,bajo baudó (pizarro)
27,chocó,27099,bojayá (bellavista),27099000,bellavista (bojayá (bellavista) - chocó),2023,4,100105,31137,251.99,lunes,2023-04-24 19:00:00,16.53,bojayá (bellavista)
27,chocó,27099,bojayá (bellavista),27099030,piedra candela (bojayá - chocó),2023,4,7295,3267,33.46,miércoles,2023-04-19 17:00:00,9.23,bojayá (bellavista)
27,chocó,27250,el litoral del san juan,27250000,santa genoveva de docordó (el litoral del san juan - chocó),2023,4,85347,47372,233.64,martes,2023-04-25 12:30:00,17.41,el litoral del san juan
27,chocó,27372,juradó,27372000,juradó (juradó - chocó),2023,4,178615,69357,370.72,viernes,2023-04-21 19:00:00,23.29,juradó
27,chocó,27425,medio atrato (beté),27425000,beté (medio atrato (beté) - chocó),2023,4,9745,4156,56.0,miércoles,2023-04-26 11:45:00,9.28,medio atrato (beté)
27,chocó,27450,medio san juan,27450016,macedonia (medio san juan - chocó),2023,4,0,0,0.0,sábado,2023-04-01 00:00:00,0.0,medio san juan
27,chocó,27495,nuquí,27495912,comunidad indígena de panguí - el yucal (nuquí - chocó),2023,4,2362,932,11.4,domingo,2023-04-02 08:30:00,12.16,nuquí
27,chocó,27001,quibdó,27001029,tagachi (quibdó - chocó),2023,4,6755,2435,48.46,domingo,2023-04-23 20:15:00,6.2,quibdó
27,chocó,27615,riosucio,27615912,marcial (riosucio - chocó),2023,4,122,69,5.58,jueves,2023-04-06 20:45:00,0.51,riosucio
27,chocó,27615,riosucio,27615930,peñas blancas (riosucio - chocó),2023,4,114,46,2.04,martes,2023-04-04 19:15:00,0.9,riosucio
27,chocó,27800,unguía,27800001,balboa (unguía - chocó),2023,4,22569,8978,84.63,sábado,2023-04-22 19:15:00,11.37,unguía
27,chocó,27800,unguía,27800005,titumate (unguía - chocó),2023,4,16564,4076,96.8,viernes,2023-04-28 21:30:00,8.41,unguía
27,chocó,27800,unguía,27800000,unguía (unguía - chocó),2023,4,416394,147360,860.11,domingo,2023-04-02 19:15:00,22.12,unguía
94,guainía,94343,barrancominas,94343000,barrancominas (barrancominas - guainía),2023,4,51123,12598,178.58,jueves,2023-04-13 18:15:00,15.56,barrancominas
44,la guajira,44847,uribia,44847012,nazareth (uribia - la guajira),2023,4,58390,10988,341.28,miércoles,2023-04-19 18:45:00,12.13,uribia
47,magdalena,47189,ciénaga,47189018,palmor (ciénaga - magdalena),2023,4,92907,32959,187.26,martes,2023-04-25 18:45:00,22.47,ciénaga
50,meta,50325,mapiripán,50325000,mapiripán (mapiripán - meta),2023,4,162955,61120,345.4,miércoles,2023-04-19 18:30:00,23.56,mapiripán
52,nariño,52250,el charco,52250023,bazán (el charco - nariño),2023,4,18414,7060,115.2,sábado,2023-04-08 18:30:00,6.56,el charco
52,nariño,52250,el charco,52250003,bolívar - san pedro (el charco - nariño),2023,4,3370,2751,29.34,martes,2023-04-04 18:15:00,4.53,el charco
52,nariño,52250,el charco,52250007,san josé del tapaje (el charco - nariño),2023,4,9928,3132,56.0,martes,2023-04-04 18:00:00,7.36,el charco
52,nariño,52520,francisco pizarro,52520013,san pedro del vino (francisco pizarro - nariño),2023,4,3385,2170,24.8,viernes,2023-04-21 19:45:00,6.0,francisco pizarro
52,nariño,52390,la tola,52390013,amárales (la tola - nariño),2023,4,6624,2615,44.93,martes,2023-04-18 19:30:00,7.01,la tola
52,nariño,52390,la tola,52390009,mulatos (la tola - nariño),2023,4,5260,2804,39.01,lunes,2023-04-17 18:45:00,7.03,la tola
52,nariño,52427,magüí,52427901,alto estero (magüí - nariño),2023,4,618,176,12.35,jueves,2023-04-13 19:45:00,1.53,magüí
52,nariño,52427,magüí,52427013,la loma (magüí - nariño),2023,4,791,404,8.11,jueves,2023-04-20 18:30:00,4.02,magüí
52,nariño,52490,olaya herrera,52490913,boca de prieta (olaya herrera - nariño),2023,4,2820,744,16.94,martes,2023-04-04 18:15:00,6.56,olaya herrera
52,nariño,52835,san andrés de tumaco,52835055,bocas de curay (tumaco - nariño),2023,4,5522,2177,55.2,sábado,2023-04-01 19:00:00,4.3,san andrés de tumaco
52,nariño,52696,santa bárbara (iscuandé),52696014,la ensenada (santa bárbara (iscuandé) - nariño),2023,4,3299,5747,25.44,miércoles,2023-04-05 19:15:00,5.54,santa bárbara (iscuandé)
52,nariño,52696,santa bárbara (iscuandé),52696022,secadero (santa bárbara (iscuandé) - nariño),2023,4,2694,1758,15.24,martes,2023-04-25 19:00:00,8.45,santa bárbara (iscuandé)
86,putumayo,86573,puerto leguízamo,86573009,piñuña negro (puerto leguízamo - putumayo),2023,4,3164,1859,25.6,sábado,2023-04-22 18:45:00,5.56,puerto leguízamo
86,putumayo,86573,puerto leguízamo,86573000,puerto leguízamo (puerto leguízamo - putumayo),2023,4,696773,247540,1741.17,lunes,2023-04-03 15:15:00,23.25,puerto leguízamo
76,valle del cauca,76109,buenaventura,76109069,papayal 1 (buenaventura - valle del cauca),2023,4,9219,246,43.49,lunes,2023-04-10 19:15:00,8.29,buenaventura
76,valle del cauca,76109,buenaventura,76109105,pital (buenaventura - valle del cauca),2023,4,1205,147,12.25,sábado,2023-04-01 18:00:00,4.0,buenaventura
76,valle del cauca,76109,buenaventura,76109028,puerto merizalde (buenaventura - valle del cauca),2023,4,99985,35264,212.26,sábado,2023-04-15 19:30:00,22.16,buenaventura
76,valle del cauca,76109,buenaventura,76109030,punta soldado (buenaventura - valle del cauca),2023,4,4269,1610,25.42,jueves,2023-04-06 20:00:00,9.0,buenaventura
76,valle del cauca,76109,buenaventura,76109032,san francisco naya (buenaventura - valle del cauca),2023,4,6410,2725,35.2,miércoles,2023-04-05 11:45:00,8.06,buenaventura
97,vaupés,97161,carurú,97161000,carurú (carurú - vaupés),2023,4,16139,6413,92.66,sábado,2023-04-15 13:00:00,7.53,carurú
97,vaupés,97001,mitú,97001000,mitú (mitú - vaupés),2023,4,1337582,371098,2946.82,viernes,2023-04-14 12:15:00,23.53,mitú
97,vaupés,97666,taraira,97666000,taraira (taraira - vaupés),2023,4,32641,10279,131.03,miércoles,2023-04-19 18:45:00,11.03,taraira
99,vichada,99773,cumaribo,99773000,cumaribo (cumaribo - vichada),2023,4,314033,126900,686.84,jueves,2023-04-13 14:30:00,23.49,cumaribo
99,vichada,99524,la primavera,99524000,la primavera (la primavera - vichada),2023,4,261782,104332,697.82,jueves,2023-04-13 18:30:00,23.34,la primavera
99,vichada,99001,puerto carreño,99001000,puerto carreño (puerto carreño - vichada),2023,4,2600678,810150,5179.68,miércoles,2023-04-19 14:15:00,23.59,puerto carreño
91,amazonas,91001,leticia,91001000,leticia (leticia - amazonas),2023,5,3904028,1064920,7567.36,viernes,2023-05-19 14:45:00,23.57,leticia
91,amazonas,91540,puerto nariño,91540000,puerto nariño (puerto nariño - amazonas),2023,5,123168,42058,248.51,jueves,2023-05-18 18:30:00,24.0,puerto nariño
91,amazonas,91798,tarapacá (anm),91798000,tarapacá (tarapacá (anm) - amazonas),2023,5,28273,12820,104.76,miércoles,2023-05-03 19:00:00,10.15,tarapacá (anm)
05,antioquia,05873,vigía del fuerte,05873002,vegáez (vigía del fuerte - antioquia),2023,5,4558,847,63.07,martes,2023-05-16 18:30:00,4.32,vigía del fuerte
88,"archipiélago de san andrés, providencia y santa catalina",88564,providencia,88564000,providencia (providencia - archipiélago de san andrés y providencia),2023,5,1311980,282553,2168.79,martes,2023-05-30 22:15:00,24.0,providencia
88,"archipiélago de san andrés, providencia y santa catalina",88001,san andrés,88001000,san andrés (san andrés - archipiélago de san andrés y providencia),2023,5,18597794,4891244,30719.49,jueves,2023-05-04 15:45:00,23.59,san andrés
13,bolívar,13001,cartagena de indias,13001007,isla fuerte (cartagena de indias - bolívar),2023,5,55498,33985,217.5,sábado,2023-05-20 22:15:00,11.35,cartagena de indias
13,bolívar,13001,cartagena de indias,13001037,isla múcura (cartagena de indias - bolívar),2023,5,5344,2244,23.36,miércoles,2023-05-03 04:30:00,12.14,cartagena de indias
13,bolívar,13001,cartagena de indias,13001017,santa cruz del islote (cartagena de indias - bolívar),2023,5,5241,1619,18.37,martes,2023-05-30 20:00:00,11.51,cartagena de indias
18,caquetá,18150,cartagena del chairá,18150001,remolino del caguán (cartagena del chaira - caquetá),2023,5,16930,6578,93.2,domingo,2023-05-28 19:30:00,7.46,cartagena del chairá
18,caquetá,18753,san vicente del caguán,18753002,guacamayas (san vicente del caguán - caquetá),2023,5,9101,3425,38.21,viernes,2023-05-19 19:00:00,11.42,san vicente del caguán
18,caquetá,18753,san vicente del caguán,18753009,puerto betania (san vicente del caguán - caquetá),2023,5,975,407,36.24,lunes,2023-05-01 19:30:00,1.11,san vicente del caguán
19,cauca,19318,guapi,19318008,limones (guapi - cauca),2023,5,8453,4047,44.18,sábado,2023-05-06 18:00:00,9.03,guapi
19,cauca,19318,guapi,19318013,san antonio de guajuí (guapi - cauca),2023,5,11356,5947,57.75,martes,2023-05-02 19:15:00,8.11,guapi
19,cauca,19418,lópez (micay),19418011,dos quebradas río naya (lópez de micay - cauca),2023,5,4252,1602,27.65,miércoles,2023-05-10 19:00:00,6.23,lópez de micay
19,cauca,19418,lópez (micay),19418038,isla de gallo (lópez de micay - cauca),2023,5,3856,1876,29.98,domingo,2023-05-07 19:15:00,5.17,lópez de micay
19,cauca,19418,lópez (micay),19418012,san antonio de chuaré (lópez de micay - cauca),2023,5,5358,1642,43.68,viernes,2023-05-05 18:30:00,5.0,lópez de micay
19,cauca,19809,timbiquí,19809014,chacón (timbiquí - cauca),2023,5,4087,1602,28.91,viernes,2023-05-05 19:15:00,6.2,timbiquí
19,cauca,19809,timbiquí,19809003,coteje (timbiquí - cauca),2023,5,6309,4280,31.36,miércoles,2023-05-03 19:15:00,7.47,timbiquí
19,cauca,19809,timbiquí,19809026,los brazos (timbiquí - cauca),2023,5,1934,787,38.62,martes,2023-05-02 19:45:00,1.55,timbiquí
19,cauca,19809,timbiquí,19809023,puerto saija (timbiquí - cauca),2023,5,37451,12559,176.7,sábado,2023-05-06 19:00:00,8.13,timbiquí
19,cauca,19809,timbiquí,19809009,santa rosa de saija (timbiquí - cauca),2023,5,3843,1858,22.32,martes,2023-05-09 18:30:00,6.22,timbiquí
27,chocó,27006,acandí,27006000,acandí (acandí - chocó),2023,5,619206,193736,1546.16,sábado,2023-05-06 19:00:00,18.18,acandí
27,chocó,27025,alto baudó (pie de pato),27025000,ciudad baudó - pie de pato (alto baudó - chocó),2023,5,51067,16842,126.72,sábado,2023-05-06 12:15:00,23.48,alto baudó (pie de pato)
27,chocó,27075,bahía solano (mutis),27075002,el valle (bahía solano - chocó),2023,5,175887,68496,387.55,sábado,2023-05-06 19:30:00,22.52,bahía solano (mutis)
27,chocó,27077,bajo baudó (pizarro),27077029,firme de usarga (bajo baudó (pizarro) - chocó),2023,5,656,200,6.4,martes,2023-05-16 18:45:00,4.14,bajo baudó (pizarro)
27,chocó,27077,bajo baudó (pizarro),27077026,guineal (bajo baudó (pizarro) - chocó),2023,5,0,0,0.0,lunes,2023-05-01 00:00:00,0.0,bajo baudó (pizarro)
27,chocó,27077,bajo baudó (pizarro),27077011,piliza (bajo baudó (pizarro) - chocó),2023,5,4214,1112,28.8,miércoles,2023-05-03 19:00:00,6.0,bajo baudó (pizarro)
27,chocó,27077,bajo baudó (pizarro),27077000,pizarro (bajo baudó (pizarro) - chocó),2023,5,243435,104285,464.11,jueves,2023-05-18 19:30:00,23.23,bajo baudó (pizarro)
27,chocó,27077,bajo baudó (pizarro),27077916,terron (bajo baudó - chocó),2023,5,5110,2362,29.83,sábado,2023-05-13 12:45:00,8.2,bajo baudó (pizarro)
27,chocó,27099,bojayá (bellavista),27099000,bellavista (bojayá (bellavista) - chocó),2023,5,107314,33982,251.16,miércoles,2023-05-31 19:15:00,17.09,bojayá (bellavista)
27,chocó,27099,bojayá (bellavista),27099030,piedra candela (bojayá - chocó),2023,5,7719,3338,34.36,jueves,2023-05-04 18:30:00,9.3,bojayá (bellavista)
27,chocó,27250,el litoral del san juan,27250000,santa genoveva de docordó (el litoral del san juan - chocó),2023,5,105526,57860,228.89,domingo,2023-05-07 12:45:00,20.24,el litoral del san juan
27,chocó,27372,juradó,27372000,juradó (juradó - chocó),2023,5,194481,73416,343.04,viernes,2023-05-12 19:45:00,23.55,juradó
27,chocó,27425,medio atrato (beté),27425000,beté (medio atrato (beté) - chocó),2023,5,15078,8968,60.0,viernes,2023-05-26 10:45:00,12.09,medio atrato (beté)
27,chocó,27450,medio san juan,27450016,macedonia (medio san juan - chocó),2023,5,161,2,2.87,sábado,2023-05-27 17:15:00,2.03,medio san juan
27,chocó,27495,nuquí,27495912,comunidad indígena de panguí - el yucal (nuquí - chocó),2023,5,5605,1605,11.42,miércoles,2023-05-10 14:45:00,18.3,nuquí
27,chocó,27001,quibdó,27001029,tagachi (quibdó - chocó),2023,5,8589,3146,44.16,sábado,2023-05-06 13:00:00,8.06,quibdó
27,chocó,27800,unguía,27800001,balboa (unguía - chocó),2023,5,24459,9396,87.05,sábado,2023-05-13 20:00:00,12.01,unguía
27,chocó,27800,unguía,27800005,titumate (unguía - chocó),2023,5,16549,3974,96.18,sábado,2023-05-06 21:45:00,7.49,unguía
27,chocó,27800,unguía,27800000,unguía (unguía - chocó),2023,5,432888,148786,913.97,martes,2023-05-09 21:00:00,22.01,unguía
94,guainía,94343,barrancominas,94343000,barrancominas (barrancominas - guainía),2023,5,67713,17170,181.08,lunes,2023-05-08 18:45:00,16.03,barrancominas
95,guaviare,95200,miraflores,95200000,miraflores (miraflores - guaviare),2023,5,84740,28080,201.52,lunes,2023-05-08 18:45:00,18.13,miraflores
44,la guajira,44847,uribia,44847012,nazareth (uribia - la guajira),2023,5,62934,12169,341.57,martes,2023-05-02 19:00:00,11.32,uribia
47,magdalena,47189,ciénaga,47189018,palmor (ciénaga - magdalena),2023,5,96268,35096,189.57,sábado,2023-05-27 11:15:00,22.28,ciénaga
50,meta,50325,mapiripán,50325000,mapiripán (mapiripán - meta),2023,5,176312,63644,349.8,martes,2023-05-30 19:00:00,23.52,mapiripán
52,nariño,52520,francisco pizarro,52520013,san pedro del vino (francisco pizarro - nariño),2023,5,4389,2806,23.94,martes,2023-05-30 19:45:00,7.27,francisco pizarro
52,nariño,52390,la tola,52390013,amárales (la tola - nariño),2023,5,7264,2496,45.25,miércoles,2023-05-17 19:15:00,7.33,la tola
52,nariño,52390,la tola,52390009,mulatos (la tola - nariño),2023,5,5574,3020,34.56,miércoles,2023-05-03 19:00:00,7.39,la tola
52,nariño,52427,magüí,52427901,alto estero (magüí - nariño),2023,5,563,177,11.15,jueves,2023-05-25 19:15:00,1.55,magüí
52,nariño,52427,magüí,52427013,la loma (magüí - nariño),2023,5,529,323,7.27,miércoles,2023-05-31 18:30:00,2.55,magüí
52,nariño,52490,olaya herrera,52490913,boca de prieta (olaya herrera - nariño),2023,5,2795,782,15.67,martes,2023-05-02 19:00:00,6.52,olaya herrera
52,nariño,52835,san andrés de tumaco,52835055,bocas de curay (tumaco - nariño),2023,5,9047,3500,52.8,miércoles,2023-05-03 18:30:00,7.19,san andrés de tumaco
52,nariño,52696,santa bárbara (iscuandé),52696014,la ensenada (santa bárbara (iscuandé) - nariño),2023,5,3299,5844,24.06,miércoles,2023-05-03 20:15:00,5.48,santa bárbara (iscuandé)
52,nariño,52696,santa bárbara (iscuandé),52696022,secadero (santa bárbara (iscuandé) - nariño),2023,5,3046,2109,14.78,martes,2023-05-30 19:00:00,8.27,santa bárbara (iscuandé)
86,putumayo,86573,puerto leguízamo,86573009,piñuña negro (puerto leguízamo - putumayo),2023,5,3369,1846,22.4,lunes,2023-05-01 20:15:00,6.07,puerto leguízamo
86,putumayo,86573,puerto leguízamo,86573000,puerto leguízamo (puerto leguízamo - putumayo),2023,5,672755,244920,1292.63,martes,2023-05-02 18:45:00,23.17,puerto leguízamo
76,valle del cauca,76109,buenaventura,76109069,papayal 1 (buenaventura - valle del cauca),2023,5,11148,483,44.7,sábado,2023-05-27 19:30:00,10.0,buenaventura
76,valle del cauca,76109,buenaventura,76109105,pital (buenaventura - valle del cauca),2023,5,2628,354,11.49,viernes,2023-05-26 16:15:00,8.31,buenaventura
76,valle del cauca,76109,buenaventura,76109028,puerto merizalde (buenaventura - valle del cauca),2023,5,100004,36029,218.94,lunes,2023-05-08 19:15:00,21.3,buenaventura
76,valle del cauca,76109,buenaventura,76109032,san francisco naya (buenaventura - valle del cauca),2023,5,6520,2793,32.29,sábado,2023-05-13 11:45:00,8.07,buenaventura
97,vaupés,97161,carurú,97161000,carurú (carurú - vaupés),2023,5,25644,10473,84.04,domingo,2023-05-28 18:45:00,12.18,carurú
97,vaupés,97001,mitú,97001000,mitú (mitú - vaupés),2023,5,1455730,391070,2867.42,miércoles,2023-05-31 12:45:00,24.0,mitú
97,vaupés,97666,taraira,97666000,taraira (taraira - vaupés),2023,5,34853,11203,127.95,miércoles,2023-05-24 19:00:00,11.1,taraira
99,vichada,99773,cumaribo,99773000,cumaribo (cumaribo - vichada),2023,5,329337,131132,777.48,miércoles,2023-05-17 09:00:00,23.47,cumaribo
99,vichada,99001,puerto carreño,99001000,puerto carreño (puerto carreño - vichada),2023,5,2597377,814269,5154.16,lunes,2023-05-08 14:30:00,23.52,puerto carreño
52,nariño,52250,el charco,52250023,bazán (el charco - nariño),2023,5,17484,6656,110.4,miércoles,2023-05-03 19:30:00,6.27,el charco
52,nariño,52250,el charco,52250007,san josé del tapaje (el charco - nariño),2023,5,12742,4454,56.0,martes,2023-05-02 18:00:00,9.24,el charco
91,amazonas,91001,leticia,91001000,leticia (leticia - amazonas),2023,6,3582938,970871,7389.99,jueves,2023-06-22 15:00:00,23.58,leticia
91,amazonas,91540,puerto nariño,91540000,puerto nariño (puerto nariño - amazonas),2023,6,112131,39279,235.84,jueves,2023-06-22 18:45:00,23.44,puerto nariño
91,amazonas,91798,tarapacá (anm),91798000,tarapacá (tarapacá (anm) - amazonas),2023,6,25586,11773,101.1,viernes,2023-06-30 14:00:00,10.14,tarapacá (anm)
05,antioquia,05873,vigía del fuerte,05873002,vegáez (vigía del fuerte - antioquia),2023,6,4562,657,43.9,jueves,2023-06-15 16:45:00,6.15,vigía del fuerte
88,"archipiélago de san andrés, providencia y santa catalina",88564,providencia,88564000,providencia (providencia - archipiélago de san andrés y providencia),2023,6,1286673,273678,2265.75,domingo,2023-06-11 22:15:00,23.58,providencia
88,"archipiélago de san andrés, providencia y santa catalina",88001,san andrés,88001000,san andrés (san andrés - archipiélago de san andrés y providencia),2023,6,18113474,4740824,32086.02,lunes,2023-06-05 15:30:00,24.0,san andrés
13,bolívar,13001,cartagena de indias,13001007,isla fuerte (cartagena de indias - bolívar),2023,6,59453,34659,224.06,domingo,2023-06-18 20:45:00,11.3,cartagena de indias
13,bolívar,13001,cartagena de indias,13001037,isla múcura (cartagena de indias - bolívar),2023,6,6722,2757,21.7,viernes,2023-06-23 23:00:00,14.08,cartagena de indias
13,bolívar,13001,cartagena de indias,13001017,santa cruz del islote (cartagena de indias - bolívar),2023,6,3644,1139,18.56,jueves,2023-06-29 20:45:00,8.05,cartagena de indias
18,caquetá,18150,cartagena del chairá,18150001,remolino del caguán (cartagena del chaira - caquetá),2023,6,13008,5838,91.2,sábado,2023-06-10 19:15:00,6.3,cartagena del chairá
18,caquetá,18753,san vicente del caguán,18753002,guacamayas (san vicente del caguán - caquetá),2023,6,6080,2469,36.86,viernes,2023-06-30 19:30:00,10.01,san vicente del caguán
18,caquetá,18753,san vicente del caguán,18753009,puerto betania (san vicente del caguán - caquetá),2023,6,1092,467,31.4,sábado,2023-06-03 19:00:00,1.41,san vicente del caguán
19,cauca,19318,guapi,19318008,limones (guapi - cauca),2023,6,8458,4019,43.73,jueves,2023-06-08 19:45:00,9.08,guapi
19,cauca,19318,guapi,19318013,san antonio de guajuí (guapi - cauca),2023,6,11920,6346,57.86,jueves,2023-06-15 19:00:00,9.05,guapi
19,cauca,19418,lópez (micay),19418011,dos quebradas río naya (lópez de micay - cauca),2023,6,3618,1334,31.23,lunes,2023-06-26 19:15:00,5.32,lópez de micay
19,cauca,19418,lópez (micay),19418012,san antonio de chuaré (lópez de micay - cauca),2023,6,4977,1481,46.94,sábado,2023-06-03 19:00:00,4.31,lópez de micay
19,cauca,19809,timbiquí,19809014,chacón (timbiquí - cauca),2023,6,3383,968,26.05,viernes,2023-06-09 18:30:00,6.08,timbiquí
19,cauca,19809,timbiquí,19809003,coteje (timbiquí - cauca),2023,6,6007,4124,30.08,miércoles,2023-06-14 19:00:00,7.5,timbiquí
19,cauca,19809,timbiquí,19809026,los brazos (timbiquí - cauca),2023,6,3586,1625,38.16,domingo,2023-06-25 18:45:00,3.49,timbiquí
19,cauca,19809,timbiquí,19809023,puerto saija (timbiquí - cauca),2023,6,35079,12066,174.06,jueves,2023-06-15 18:45:00,8.05,timbiquí
19,cauca,19809,timbiquí,19809009,santa rosa de saija (timbiquí - cauca),2023,6,3223,1356,22.46,jueves,2023-06-01 20:15:00,6.11,timbiquí
27,chocó,27006,acandí,27006000,acandí (acandí - chocó),2023,6,650643,199516,1465.2,sábado,2023-06-03 22:00:00,19.27,acandí
27,chocó,27025,alto baudó (pie de pato),27025000,ciudad baudó - pie de pato (alto baudó - chocó),2023,6,48391,16090,119.86,jueves,2023-06-01 12:00:00,23.58,alto baudó (pie de pato)
27,chocó,27075,bahía solano (mutis),27075000,ciudad mutis (bahía solano - chocó),2023,6,708460,247384,1316.92,miércoles,2023-06-07 11:30:00,23.51,bahía solano (mutis)
27,chocó,27075,bahía solano (mutis),27075001,cupica (bahía solano - chocó),2023,6,50990,17052,127.03,miércoles,2023-06-07 19:30:00,21.22,bahía solano (mutis)
27,chocó,27075,bahía solano (mutis),27075002,el valle (bahía solano - chocó),2023,6,172661,63485,379.37,domingo,2023-06-11 19:15:00,23.1,bahía solano (mutis)
27,chocó,27077,bajo baudó (pizarro),27077029,firme de usarga (bajo baudó (pizarro) - chocó),2023,6,777,408,6.89,domingo,2023-06-25 19:00:00,4.56,bajo baudó (pizarro)
27,chocó,27077,bajo baudó (pizarro),27077026,guineal (bajo baudó (pizarro) - chocó),2023,6,4025,1952,30.58,viernes,2023-06-23 12:30:00,6.16,bajo baudó (pizarro)
27,chocó,27077,bajo baudó (pizarro),27077011,piliza (bajo baudó (pizarro) - chocó),2023,6,2946,818,28.8,sábado,2023-06-03 19:30:00,4.24,bajo baudó (pizarro)
27,chocó,27077,bajo baudó (pizarro),27077000,pizarro (bajo baudó (pizarro) - chocó),2023,6,232561,100032,454.61,lunes,2023-06-05 19:15:00,22.52,bajo baudó (pizarro)
27,chocó,27077,bajo baudó (pizarro),27077916,terron (bajo baudó - chocó),2023,6,2437,1231,25.27,jueves,2023-06-29 12:30:00,4.19,bajo baudó (pizarro)
27,chocó,27099,bojayá (bellavista),27099000,bellavista (bojayá (bellavista) - chocó),2023,6,100603,32072,240.87,miércoles,2023-06-07 19:45:00,17.43,bojayá (bellavista)
27,chocó,27099,bojayá (bellavista),27099030,piedra candela (bojayá - chocó),2023,6,7665,3468,34.55,miércoles,2023-06-21 17:15:00,9.58,bojayá (bellavista)
27,chocó,27250,el litoral del san juan,27250000,santa genoveva de docordó (el litoral del san juan - chocó),2023,6,98353,55000,223.21,sábado,2023-06-24 11:00:00,20.1,el litoral del san juan
27,chocó,27372,juradó,27372000,juradó (juraó - chocó),2023,6,177241,67301,334.72,martes,2023-06-20 19:45:00,23.43,juradó
27,chocó,27425,medio atrato (beté),27425000,beté (medio atrato (beté) - chocó),2023,6,15563,14736,60.0,jueves,2023-06-01 12:15:00,11.54,medio atrato (beté)
27,chocó,27495,nuquí,27495912,comunidad indígena de panguí - el yucal (nuquí - chocó),2023,6,5498,1650,11.35,jueves,2023-06-15 13:15:00,20.35,nuquí
27,chocó,27001,quibdó,27001029,tagachi (quibdó - chocó),2023,6,7829,2983,42.72,domingo,2023-06-25 14:00:00,8.01,quibdó
27,chocó,27800,unguía,27800001,balboa (unguía - chocó),2023,6,24801,9439,85.97,domingo,2023-06-11 20:00:00,12.03,unguía
27,chocó,27800,unguía,27800005,titumate (unguía - chocó),2023,6,14213,4597,91.52,viernes,2023-06-30 20:15:00,7.41,unguía
27,chocó,27800,unguía,27800000,unguía (unguía - chocó),2023,6,444905,148542,932.45,sábado,2023-06-03 20:30:00,22.16,unguía
94,guainía,94343,barrancominas,94343000,barrancominas (barrancominas - guainía),2023,6,63075,15679,196.87,miércoles,2023-06-28 18:30:00,16.14,barrancominas
95,guaviare,95200,miraflores,95200000,miraflores (miraflores - guaviare),2023,6,81020,28953,204.16,sábado,2023-06-03 18:45:00,18.15,miraflores
44,la guajira,44847,uribia,44847012,nazareth (uribia - la guajira),2023,6,53431,10543,332.3,jueves,2023-06-01 19:45:00,10.11,uribia
47,magdalena,47189,ciénaga,47189018,palmor (ciénaga - magdalena),2023,6,89264,31694,173.18,sábado,2023-06-03 19:30:00,22.44,ciénaga
50,meta,50325,mapiripán,50325000,mapiripán (mapiripán - meta),2023,6,160250,59014,329.12,sábado,2023-06-03 19:15:00,22.57,mapiripán
52,nariño,52250,el charco,52250023,bazán (el charco - nariño),2023,6,23440,9203,105.6,lunes,2023-06-05 19:00:00,9.21,el charco
52,nariño,52250,el charco,52250007,san josé del tapaje (el charco - nariño),2023,6,11088,3210,88.0,viernes,2023-06-23 19:30:00,7.13,el charco
52,nariño,52520,francisco pizarro,52520013,san pedro del vino (francisco pizarro - nariño),2023,6,4164,2375,27.97,miércoles,2023-06-21 19:45:00,6.48,francisco pizarro
52,nariño,52390,la tola,52390013,amárales (la tola - nariño),2023,6,5709,1967,47.78,miércoles,2023-06-14 19:30:00,5.4,la tola
52,nariño,52390,la tola,52390009,mulatos (la tola - nariño),2023,6,5230,2805,37.25,viernes,2023-06-09 18:30:00,7.25,la tola
52,nariño,52427,magüí,52427901,alto estero (magüí - nariño),2023,6,534,168,11.04,viernes,2023-06-02 19:15:00,1.57,magüí
52,nariño,52427,magüí,52427013,la loma (magüí - nariño),2023,6,308,218,6.89,martes,2023-06-13 18:15:00,1.46,magüí
52,nariño,52490,olaya herrera,52490913,boca de prieta (olaya herrera - nariño),2023,6,2371,656,15.53,jueves,2023-06-22 20:00:00,6.01,olaya herrera
52,nariño,52835,san andrés de tumaco,52835055,bocas de curay (tumaco - nariño),2023,6,8423,3007,55.2,viernes,2023-06-02 19:00:00,7.05,san andrés de tumaco
52,nariño,52696,santa bárbara (iscuandé),52696014,la ensenada (santa bárbara (iscuandé) - nariño),2023,6,3330,6130,21.92,jueves,2023-06-29 19:45:00,6.17,santa bárbara (iscuandé)
52,nariño,52696,santa bárbara (iscuandé),52696022,secadero (santa bárbara (iscuandé) - nariño),2023,6,3218,2215,14.59,lunes,2023-06-05 18:45:00,9.17,santa bárbara (iscuandé)
86,putumayo,86573,puerto leguízamo,86573009,piñuña negro (puerto leguízamo - putumayo),2023,6,2614,1390,22.4,sábado,2023-06-03 16:45:00,5.33,puerto leguízamo
86,putumayo,86573,puerto leguízamo,86573000,puerto leguízamo (puerto leguízamo - putumayo),2023,6,637269,233584,1296.59,martes,2023-06-13 18:45:00,23.13,puerto leguízamo
76,valle del cauca,76109,buenaventura,76109069,papayal 1 (buenaventura - valle del cauca),2023,6,9619,679,44.12,sábado,2023-06-03 18:30:00,8.45,buenaventura
76,valle del cauca,76109,buenaventura,76109028,puerto merizalde (buenaventura - valle del cauca),2023,6,99946,36020,226.51,miércoles,2023-06-21 19:45:00,21.5,buenaventura
76,valle del cauca,76109,buenaventura,76109032,san francisco naya (buenaventura - valle del cauca),2023,6,6449,2709,32.16,jueves,2023-06-08 11:45:00,8.18,buenaventura
97,vaupés,97161,carurú,97161000,carurú (carurú - vaupés),2023,6,23364,9927,84.92,viernes,2023-06-09 18:30:00,12.09,carurú
97,vaupés,97001,mitú,97001000,mitú (mitú - vaupés),2023,6,1325908,361584,2882.4,martes,2023-06-13 12:00:00,24.0,mitú
97,vaupés,97666,taraira,97666000,taraira (taraira - vaupés),2023,6,31932,10264,132.97,miércoles,2023-06-28 12:30:00,10.51,taraira
99,vichada,99773,cumaribo,99773000,cumaribo (cumaribo - vichada),2023,6,308892,124088,660.0,viernes,2023-06-09 14:45:00,24.0,cumaribo
99,vichada,99001,puerto carreño,99001000,puerto carreño (puerto carreño - vichada),2023,6,2284559,758457,4871.68,jueves,2023-06-01 14:15:00,23.51,puerto carreño
91,amazonas,91001,leticia,91001000,leticia (leticia - amazonas),2023,7,4084365,1117121,7880.98,jueves,2023-07-27 15:00:00,24.0,leticia
91,amazonas,91798,tarapaca (anm),91798000,tarapaca (tarapaca (anm) - amazonas),2023,7,27746,12859,112.41,miércoles,2023-07-12 19:00:00,10.2,tarapaca (anm)
05,antioquia,05873,vigía del fuerte,05873002,vegaez (vigía del fuerte - antioquia),2023,7,4947,471,32.06,jueves,2023-07-20 19:30:00,6.39,vigía del fuerte
88,archipiélago de san andrés y providencia,88564,providencia,88564000,providencia (providencia - archipiélago de san andrés y providencia ),2023,7,1324290,282664,2200.52,miércoles,2023-07-12 22:00:00,23.58,providencia
88,archipiélago de san andrés y providencia,88001,san andrés,88001000,san andrés (san andrés - archipiélago de san andrés y providencia ),2023,7,19025667,4942795,31728.93,viernes,2023-07-21 15:30:00,24.0,san andrés
13,bolívar,13001,cartagena de indias,13001007,isla fuerte (cartagena de indias - bolívar),2023,7,35668,20472,237.53,sábado,2023-07-01 20:00:00,7.03,cartagena de indias
13,bolívar,13001,cartagena de indias,13001037,isla mucura (cartagena de indias - bolívar),2023,7,7284,2921,23.14,miércoles,2023-07-05 22:30:00,13.44,cartagena de indias
13,bolívar,13001,cartagena de indias,13001017,santa cruz del islote (cartagena de indias - bolívar),2023,7,5536,1715,18.53,martes,2023-07-11 21:15:00,11.39,cartagena de indias
18,caquetá,18150,cartagena del chairá,18150001,remolino del caguan (cartagena del chaira - caquetá),2023,7,19378,8830,89.37,sábado,2023-07-29 19:00:00,9.02,cartagena del chaira
18,caquetá,18753,san vicente del caguán,18753002,guacamayas (san vicente del caguán - caquetá),2023,7,12425,4632,33.12,sábado,2023-07-22 19:00:00,18.05,san vicente del caguán
18,caquetá,18753,san vicente del caguán,18753009,puerto betania (san vicente del caguán - caquetá),2023,7,4384,1842,33.6,viernes,2023-07-07 19:30:00,6.0,san vicente del caguán
19,cauca,19318,guapi,19318008,limones (guapi - cauca),2023,7,8512,4005,45.89,miércoles,2023-07-05 18:15:00,8.48,guapi
19,cauca,19418,lópez (micay),19418012,san antonio de chuare (lópez de micay - cauca),2023,7,5872,1823,46.69,sábado,2023-07-01 19:00:00,5.2,lópez de micay
19,cauca,19809,timbiquí,19809014,chacon (timbiquí - cauca),2023,7,3544,1015,27.98,domingo,2023-07-30 19:45:00,5.56,timbiquí
19,cauca,19809,timbiquí,19809003,coteje (timbiquí - cauca),2023,7,5691,3826,30.72,lunes,2023-07-24 19:30:00,7.05,timbiquí
19,cauca,19809,timbiquí,19809023,puerto saija (timbiquí - cauca),2023,7,29833,10248,182.16,miércoles,2023-07-19 19:30:00,6.2,timbiquí
19,cauca,19809,timbiquí,19809009,santa rosa de saija (timbiquí - cauca),2023,7,3236,1284,20.11,domingo,2023-07-23 19:30:00,5.58,timbiquí
27,chocó,27006,acandí,27006000,acandí (acandí - chocó),2023,7,675713,203724,1694.88,viernes,2023-07-07 20:45:00,18.0,acandí
27,chocó,27025,alto baudó,27025000,ciudad baudo - pie de pato (alto baudo - chocó),2023,7,53237,17732,127.07,jueves,2023-07-20 11:45:00,23.44,alto baudo
27,chocó,27075,bahía solano,27075000,ciudad mutis (bahía solano - chocó),2023,7,613079,235459,1290.52,miércoles,2023-07-26 11:45:00,23.51,bahía solano
27,chocó,27075,bahía solano,27075001,cupica (bahía solano - chocó),2023,7,55273,18455,123.54,miércoles,2023-07-19 20:15:00,23.54,bahía solano
27,chocó,27075,bahía solano,27075002,el valle (bahía solano - chocó),2023,7,192736,71761,384.12,viernes,2023-07-21 19:30:00,23.33,bahía solano
27,chocó,27077,bajo baudó,27077029,firme de usarga (bajo baudó - chocó),2023,7,755,836,7.12,lunes,2023-07-31 19:00:00,4.31,bajo baudó
27,chocó,27077,bajo baudó,27077026,guineal (bajo baudó - chocó),2023,7,5747,2493,31.75,martes,2023-07-18 19:00:00,8.25,bajo baudó
27,chocó,27077,bajo baudó,27077000,pizarro (bajo baudó - chocó),2023,7,245300,98778,606.67,martes,2023-07-18 19:45:00,22.13,bajo baudó
27,chocó,27077,bajo baudó,27077916,terron (bajo baudó - chocó),2023,7,4613,2208,24.56,miércoles,2023-07-19 12:45:00,8.01,bajo baudó
27,chocó,27099,bojayá,27099000,bellavista (bojayá - chocó),2023,7,101093,31203,250.33,sábado,2023-07-08 20:15:00,16.45,bojayá
27,chocó,27099,bojayá,27099030,piedra candela (bojayá - chocó),2023,7,7434,3293,34.82,sábado,2023-07-29 15:30:00,9.46,bojayá
27,chocó,27250,el litoral del san juan,27250000,santa genoveva de docordo (el litoral del san juan - chocó),2023,7,103973,56702,246.31,jueves,2023-07-20 12:45:00,20.28,el litoral del san juan
27,chocó,27372,juradó,27372000,jurado (jurado - chocó),2023,7,184813,68165,362.88,jueves,2023-07-20 19:30:00,23.0,jurado
27,chocó,27425,medio atrato,27425000,bete (medio atrato - chocó),2023,7,10645,8936,56.0,jueves,2023-07-06 11:30:00,8.23,medio atrato
27,chocó,27800,unguía,27800001,balboa (unguía - chocó),2023,7,26211,9835,95.11,domingo,2023-07-30 20:30:00,11.52,unguía
27,chocó,27800,unguía,27800005,titumate (unguía - chocó),2023,7,15421,7302,88.35,sábado,2023-07-29 19:45:00,7.3,unguía
27,chocó,27800,unguía,27800000,unguía (unguía - chocó),2023,7,459939,155189,944.06,lunes,2023-07-10 20:00:00,22.07,unguía
94,guainía,94343,barrancominas,94343000,barranco minas (barranco minas - guainía),2023,7,60935,14074,173.59,miércoles,2023-07-05 18:30:00,15.51,barranco minas
95,guaviare,95200,miraflores,95200000,miraflores (miraflores - guaviare),2023,7,83462,27375,195.8,jueves,2023-07-06 18:45:00,18.16,miraflores
44,la guajira,44847,uribia,44847012,nazareth (uribia - la guajira),2023,7,58349,11007,347.33,miércoles,2023-07-12 18:45:00,9.35,uribia
47,magdalena,47189,ciénaga,47189018,palmor (ciénaga - magdalena),2023,7,98207,35278,183.3,viernes,2023-07-14 19:00:00,22.51,ciénaga
50,meta,50325,mapiripán,50325000,mapiripan (mapiripan - meta),2023,7,166023,60755,344.08,miércoles,2023-07-26 18:45:00,23.51,mapiripan
52,nariño,52250,el charco,52250023,bazan (el charco - nariño),2023,7,17741,6878,110.4,martes,2023-07-18 19:15:00,6.35,el charco
52,nariño,52250,el charco,52250007,san jose del tapaje (el charco - nariño),2023,7,12990,3724,80.0,sábado,2023-07-01 18:45:00,8.32,el charco
52,nariño,52520,francisco pizarro,52520013,san pedro del vino (francisco pizarro - nariño),2023,7,4071,2175,23.68,martes,2023-07-25 18:30:00,6.46,francisco pizarro
52,nariño,52390,la tola,52390013,amarales (la tola - nariño),2023,7,7193,2262,46.02,martes,2023-07-18 20:00:00,7.17,la tola
52,nariño,52427,magüí,52427901,alto estero (magüi - nariño),2023,7,421,132,11.32,domingo,2023-07-30 19:15:00,1.27,magüi
52,nariño,52427,magüí,52427013,la loma (magüi - nariño),2023,7,339,235,7.45,domingo,2023-07-30 19:30:00,1.52,magüi
52,nariño,52490,olaya herrera,52490913,boca de prieta (olaya herrera - nariño),2023,7,2347,657,15.86,miércoles,2023-07-26 20:00:00,5.32,olaya herrera
52,nariño,52835,san andrés de tumaco,52835055,bocas de curay (san andrés de tumaco - nariño),2023,7,8814,3287,52.8,domingo,2023-07-23 12:00:00,7.27,san andrés de tumaco
52,nariño,52696,santa bárbara,52696014,la ensenada (santa bárbara - nariño),2023,7,3485,6323,21.86,jueves,2023-07-20 19:30:00,6.11,santa bárbara
52,nariño,52696,santa bárbara,52696022,secadero (santa bárbara - nariño),2023,7,2602,1828,13.08,domingo,2023-07-23 19:45:00,7.53,santa bárbara
86,putumayo,86573,puerto leguizamo,86573000,puerto leguizamo (puerto leguizamo - putumayo),2023,7,671713,244357,1266.76,miércoles,2023-07-26 19:00:00,23.22,puerto leguizamo
76,valle del cauca,76109,buenaventura,76109069,papayal 1 (buenaventura - valle del cauca),2023,7,8310,580,41.81,viernes,2023-07-28 18:45:00,7.36,buenaventura
76,valle del cauca,76109,buenaventura,76109028,puerto merizalde (buenaventura - valle del cauca),2023,7,88095,32072,245.52,jueves,2023-07-06 15:30:00,18.57,buenaventura
76,valle del cauca,76109,buenaventura,76109032,san francisco naya (buenaventura - valle del cauca),2023,7,6483,2842,31.74,sábado,2023-07-01 11:45:00,8.04,buenaventura
97,vaupés,97161,carurú,97161000,carurú (carurú - vaupés),2023,7,25299,10383,86.77,miércoles,2023-07-19 19:00:00,12.17,carurú
97,vaupés,97001,mitú,97001000,mitú (mitú - vaupés),2023,7,1380285,373817,2898.11,miércoles,2023-07-05 11:45:00,23.58,mitú
97,vaupés,97666,taraira,97666000,taraira (taraira - vaupés),2023,7,33997,10861,131.82,miércoles,2023-07-26 12:30:00,11.14,taraira
99,vichada,99773,cumaribo,99773000,cumaribo (cumaribo - vichada),2023,7,317822,129634,650.32,jueves,2023-07-13 14:15:00,23.58,cumaribo
99,vichada,99001,puerto carreño,99001000,puerto carreño (puerto carreño - vichada),2023,7,2331336,762278,4454.56,jueves,2023-07-06 14:15:00,23.58,puerto carreño
52,nariño,52390,la tola,52390009,mulatos (la tola - nariño),2023,7,5866,189,33.92,viernes,2023-07-14 20:30:00,8.09,la tola
91,amazonas,91798,tarapacá (anm),91798000,tarapacá (tarapacá (anm) - amazonas),2023,8,30314,13613,120.39,sábado,2023-08-26 14:15:00,10.15,tarapacá (anm)
05,antioquia,05873,vigía del fuerte,05873002,vegáez (vigía del fuerte - antioquia),2023,8,5313,735,54.62,sábado,2023-08-12 19:00:00,5.59,vigía del fuerte
91,amazonas,91001,leticia,91001000,leticia (leticia - amazonas),2023,8,4231573,1147306,8340.9,martes,2023-08-22 14:45:00,24.0,leticia
88,"archipiélago de san andrés, providencia y santa catalina",88564,providencia,88564000,providencia (providencia - archipiélago de san andrés y providencia),2023,8,1271284,269878,2225.12,jueves,2023-08-31 14:30:00,24.0,providencia
88,"archipiélago de san andrés, providencia y santa catalina",88001,san andrés,88001000,san andrés (san andrés - archipiélago de san andrés y providencia),2023,8,19172253,5028536,33162.97,miércoles,2023-08-30 15:30:00,24.0,san andrés
13,bolívar,13001,cartagena de indias,13001007,isla fuerte (cartagena de indias - bolívar),2023,8,59332,34624,239.69,sábado,2023-08-05 22:15:00,12.0,cartagena de indias
13,bolívar,13001,cartagena de indias,13001037,isla múcura (cartagena de indias - bolívar),2023,8,7212,2912,23.84,sábado,2023-08-19 23:30:00,13.47,cartagena de indias
13,bolívar,13001,cartagena de indias,13001017,santa cruz del islote (cartagena de indias - bolívar),2023,8,5284,1708,18.43,jueves,2023-08-10 20:30:00,11.35,cartagena de indias
18,caquetá,18150,cartagena del chairá,18150001,remolino del caguán (cartagena del chaira - caquetá),2023,8,19409,8630,103.84,sábado,2023-08-26 19:00:00,8.25,cartagena del chairá
18,caquetá,18753,san vicente del caguán,18753002,guacamayas (san vicente del caguán - caquetá),2023,8,13259,5056,36.82,miércoles,2023-08-09 19:15:00,17.08,san vicente del caguán
18,caquetá,18753,san vicente del caguán,18753009,puerto betania (san vicente del caguán - caquetá),2023,8,4927,2037,37.4,miércoles,2023-08-16 20:15:00,6.1,san vicente del caguán
19,cauca,19318,guapi,19318008,limones (guapi - cauca),2023,8,8101,3921,50.33,domingo,2023-08-20 19:00:00,8.24,guapi
19,cauca,19318,guapi,19318013,san antonio de guajuí (guapi - cauca),2023,8,11007,6047,57.81,miércoles,2023-08-02 19:30:00,8.06,guapi
19,cauca,19418,lópez (micay),19418033,boca grande (lópez (micay) - cauca),2023,8,4015,732,34.8,martes,2023-08-15 19:00:00,5.0,lópez de micay
19,cauca,19418,lópez (micay),19418038,isla de gallo (lópez de micay - cauca),2023,8,4899,2448,28.29,sábado,2023-08-05 20:15:00,7.24,lópez de micay
19,cauca,19418,lópez (micay),19418009,noanamito (lópez de micay - cauca),2023,8,7844,2996,36.0,domingo,2023-08-06 19:30:00,9.57,lópez de micay
19,cauca,19418,lópez (micay),19418011,dos quebradas río naya (lópez de micay - cauca),2023,8,2404,986,27.46,miércoles,2023-08-30 19:30:00,3.37,lópez de micay
19,cauca,19418,lópez (micay),19418012,san antonio de chuaré (lópez de micay - cauca),2023,8,4772,1371,47.46,sábado,2023-08-05 19:15:00,4.01,lópez de micay
19,cauca,19418,lópez (micay),19418015,san isidro (lópez de micay - cauca),2023,8,1063,581,7.42,domingo,2023-08-06 19:45:00,5.58,lópez de micay
19,cauca,19809,timbiquí,19809014,chacón (timbiquí - cauca),2023,8,3707,1081,24.48,miércoles,2023-08-09 19:00:00,6.18,timbiquí
19,cauca,19809,timbiquí,19809003,coteje (timbiquí - cauca),2023,8,6201,4364,29.92,jueves,2023-08-10 19:15:00,7.56,timbiquí
19,cauca,19809,timbiquí,19809023,puerto saija (timbiquí - cauca),2023,8,38598,13508,176.7,miércoles,2023-08-30 19:45:00,8.55,timbiquí
19,cauca,19809,timbiquí,19809009,santa rosa de saija (timbiquí - cauca),2023,8,3266,1302,20.06,lunes,2023-08-28 19:30:00,6.09,timbiquí
27,chocó,27006,acandí,27006000,acandí (acandí - chocó),2023,8,624583,193963,1486.32,viernes,2023-08-04 22:00:00,20.09,acandí
27,chocó,27025,alto baudó (pie de pato),27025000,ciudad baudó - pie de pato (alto baudó - chocó),2023,8,53179,17886,122.94,miércoles,2023-08-30 11:45:00,23.54,alto baudó (pie de pato)
27,chocó,27075,bahía solano (mutis),27075000,ciudad mutis (bahía solano - chocó),2023,8,122195,50665,1295.8,miércoles,2023-08-02 12:15:00,23.06,bahía solano (mutis)
27,chocó,27075,bahía solano (mutis),27075001,cupica (bahía solano - chocó),2023,8,56339,17183,124.87,lunes,2023-08-14 20:00:00,23.59,bahía solano (mutis)
27,chocó,27075,bahía solano (mutis),27075002,el valle (bahía solano - chocó),2023,8,190369,70576,382.54,miércoles,2023-08-30 19:15:00,23.14,bahía solano (mutis)
27,chocó,27077,bajo baudó (pizarro),27077029,firme de usarga (bajo baudó (pizarro) - chocó),2023,8,378,246,6.3,domingo,2023-08-06 19:30:00,2.31,bajo baudó (pizarro)
27,chocó,27077,bajo baudó (pizarro),27077026,guineal (bajo baudó (pizarro) - chocó),2023,8,5965,5912,33.24,domingo,2023-08-13 11:45:00,8.09,bajo baudó (pizarro)
27,chocó,27077,bajo baudó (pizarro),27077000,pizarro (bajo baudó (pizarro) - chocó),2023,8,251425,97889,471.5,miércoles,2023-08-02 19:30:00,23.1,bajo baudó (pizarro)
27,chocó,27077,bajo baudó (pizarro),27077916,terron (bajo baudó - chocó),2023,8,5211,2581,26.07,miércoles,2023-08-02 12:45:00,9.04,bajo baudó (pizarro)
27,chocó,27099,bojayá (bellavista),27099000,bellavista (bojayá (bellavista) - chocó),2023,8,101643,30691,243.02,viernes,2023-08-04 20:15:00,16.45,bojayá (bellavista)
27,chocó,27099,bojayá (bellavista),27099030,piedra candela (bojayá - chocó),2023,8,7787,3445,35.5,martes,2023-08-29 16:00:00,9.2,bojayá (bellavista)
27,chocó,27250,el litoral del san juan,27250000,santa genoveva de docordó (el litoral del san juan - chocó),2023,8,95572,52957,235.22,miércoles,2023-08-09 11:45:00,18.25,el litoral del san juan
27,chocó,27372,juradó,27372000,juradó (juraó - chocó),2023,8,200154,70965,360.32,miércoles,2023-08-16 19:15:00,23.43,juradó
27,chocó,27425,medio atrato (beté),27425000,beté (medio atrato (beté) - chocó),2023,8,12708,7979,56.0,martes,2023-08-29 12:30:00,10.43,medio atrato (beté)
27,chocó,27495,nuquí,27495011,puerto jagua (nuquí - chocó),2023,8,923,467,6.0,sábado,2023-08-19 19:00:00,7.09,nuquí
27,chocó,27495,nuquí,27495003,jurubira (nuquí - chocó),2023,8,15945,7744,57.36,viernes,2023-08-18 19:15:00,12.56,nuquí
27,chocó,27001,quibdó,27001029,tagachi (quibdó - chocó),2023,8,0,0,0.0,martes,2023-08-01 00:00:00,0.0,quibdó
27,chocó,27800,unguía,27800001,balboa (unguía - chocó),2023,8,26794,9912,90.45,sábado,2023-08-05 19:30:00,12.08,unguía
27,chocó,27800,unguía,27800005,titumate (unguía - chocó),2023,8,16873,5751,92.84,viernes,2023-08-25 20:00:00,8.18,unguía
27,chocó,27800,unguía,27800000,unguía (unguía - chocó),2023,8,468171,158614,979.44,miércoles,2023-08-30 21:00:00,22.22,unguía
94,guainía,94343,barrancominas,94343000,barrancominas (barrancominas - guainía),2023,8,60416,16684,216.83,viernes,2023-08-25 18:30:00,15.47,barrancominas
94,guainía,94001,inírida,94001000,inírida (inírida - guainía),2023,8,2119202,639007,4129.84,viernes,2023-08-18 14:30:00,24.0,inírida
95,guaviare,95200,miraflores,95200000,miraflores (miraflores - guaviare),2023,8,89270,28410,211.64,viernes,2023-08-25 13:30:00,18.19,miraflores
44,la guajira,44847,uribia,44847012,nazareth (uribia - la guajira),2023,8,53865,10924,344.98,jueves,2023-08-10 19:00:00,9.35,uribia
47,magdalena,47189,ciénaga,47189018,palmor (ciénaga - magdalena),2023,8,83964,29169,179.71,martes,2023-08-15 19:00:00,23.03,ciénaga
50,meta,50325,mapiripán,50325000,mapiripán (mapiripán - meta),2023,8,180492,66783,345.84,miércoles,2023-08-23 19:00:00,23.54,mapiripán
52,nariño,52250,el charco,52250016,alterón (uribe uribe) (el charco - nariño),2023,8,0,0,0.0,martes,2023-08-01 00:00:00,0.0,el charco
52,nariño,52250,el charco,52250023,bazán (el charco - nariño),2023,8,23057,8840,110.4,sábado,2023-08-12 19:15:00,8.31,el charco
52,nariño,52250,el charco,52250003,bolívar - san pedro (el charco - nariño),2023,8,3190,2658,27.36,martes,2023-08-15 19:30:00,4.35,el charco
52,nariño,52250,el charco,52250022,el cuil pueblo nuevo (el charco - nariño),2023,8,7076,3555,29.96,miércoles,2023-08-30 19:15:00,9.07,el charco
52,nariño,52250,el charco,52250005,las mercedes (el charco - nariño),2023,8,2573,1959,14.24,jueves,2023-08-31 19:45:00,7.09,el charco
52,nariño,52250,el charco,52250007,san josé del tapaje (el charco - nariño),2023,8,11974,3440,80.0,lunes,2023-08-28 21:00:00,8.22,el charco
52,nariño,52520,francisco pizarro,52520013,san pedro del vino (francisco pizarro - nariño),2023,8,4234,2442,25.44,lunes,2023-08-21 19:00:00,6.45,francisco pizarro
52,nariño,52390,la tola,52390005,aguacatal (la tola - nariño),2023,8,3391,993,11.68,sábado,2023-08-19 20:00:00,12.33,la tola
52,nariño,52390,la tola,52390013,amárales (la tola - nariño),2023,8,9507,3351,47.9,viernes,2023-08-18 20:00:00,9.33,la tola
52,nariño,52390,la tola,52390003,la vigía de la mar (la tola - nariño),2023,8,6544,2253,35.28,viernes,2023-08-18 11:30:00,8.43,la tola
52,nariño,52390,la tola,52390009,mulatos (la tola - nariño),2023,8,5257,3388,34.56,martes,2023-08-08 18:00:00,7.38,la tola
52,nariño,52390,la tola,52390016,san pablo del mar (la tola - nariño),2023,8,4041,1563,16.45,jueves,2023-08-17 18:45:00,10.05,la tola
52,nariño,52427,magüí,52427013,la loma (magüí - nariño),2023,8,976,607,6.97,martes,2023-08-01 19:15:00,5.41,magüí
52,nariño,52490,olaya herrera,52490913,boca de prieta (olaya herrera - nariño),2023,8,2691,784,16.13,viernes,2023-08-04 18:30:00,6.17,olaya herrera
52,nariño,52835,san andrés de tumaco,52835055,bocas de curay (tumaco - nariño),2023,8,7895,2711,52.8,miércoles,2023-08-09 19:15:00,6.33,san andrés de tumaco
52,nariño,52835,san andrés de tumaco,52835217,san juan de la costa (san andrés de tumaco - nariño),2023,8,22285,8667,118.4,jueves,2023-08-10 19:00:00,8.45,san andrés de tumaco
52,nariño,52696,santa bárbara (iscuandé),52696014,la ensenada (santa bárbara (iscuandé) - nariño),2023,8,3563,6345,23.01,viernes,2023-08-25 19:15:00,6.13,santa bárbara (iscuandé)
52,nariño,52696,santa bárbara (iscuandé),52696022,secadero (santa bárbara (iscuandé) - nariño),2023,8,2848,1870,14.09,martes,2023-08-29 17:45:00,8.32,santa bárbara (iscuandé)
86,putumayo,86573,puerto leguízamo,86573000,puerto leguízamo (puerto leguízamo - putumayo),2023,8,724411,246403,1435.54,jueves,2023-08-31 11:30:00,23.48,puerto leguízamo
76,valle del cauca,76109,buenaventura,76109069,papayal 1 (buenaventura - valle del cauca),2023,8,9476,811,40.46,domingo,2023-08-20 18:45:00,9.15,buenaventura
76,valle del cauca,76109,buenaventura,76109028,puerto merizalde (buenaventura - valle del cauca),2023,8,97305,36072,223.52,lunes,2023-08-21 18:00:00,20.47,buenaventura
76,valle del cauca,76109,buenaventura,76109032,san francisco naya (buenaventura - valle del cauca),2023,8,6704,3015,32.51,viernes,2023-08-18 12:15:00,8.1,buenaventura
97,vaupés,97161,carurú,97161000,carurú (carurú - vaupés),2023,8,26153,10645,98.47,jueves,2023-08-31 18:00:00,12.14,carurú
97,vaupés,97001,mitú,97001000,mitú (mitú - vaupés),2023,8,1467829,390499,2911.7,miércoles,2023-08-23 11:45:00,23.5,mitú
97,vaupés,97666,taraira,97666000,taraira (taraira - vaupés),2023,8,36864,11207,134.38,jueves,2023-08-10 12:45:00,11.19,taraira
99,vichada,99773,cumaribo,99773000,cumaribo (cumaribo - vichada),2023,8,347125,135511,710.6,jueves,2023-08-31 15:00:00,23.41,cumaribo
99,vichada,99001,puerto carreño,99001000,puerto carreño (puerto carreño - vichada),2023,8,2545390,801372,4807.44,viernes,2023-08-18 14:30:00,23.57,puerto carreño
91,amazonas,91001,leticia,91001000,leticia (leticia - amazonas),2023,9,4243039,1148150,8592.46,jueves,2023-09-07 15:00:00,24.0,leticia
91,amazonas,91798,tarapacá (anm),91798000,tarapacá (tarapacá (anm) - amazonas),2023,9,30097,13757,126.71,miércoles,2023-09-06 15:15:00,10.15,tarapacá (anm)
05,antioquia,05873,vigía del fuerte,05873002,vegáez (vigía del fuerte - antioquia),2023,9,5685,837,56.26,jueves,2023-09-07 21:00:00,6.18,vigía del fuerte
88,"archipiélago de san andrés, providencia y santa catalina",88564,providencia,88564000,providencia (providencia - archipiélago de san andrés y providencia),2023,9,1267626,271351,2213.59,martes,2023-09-26 14:15:00,24.0,providencia
88,"archipiélago de san andrés, providencia y santa catalina",88001,san andrés,88001000,san andrés (san andrés - archipiélago de san andrés y providencia),2023,9,19325897,5043518,33355.95,viernes,2023-09-01 15:30:00,24.0,san andrés
13,bolívar,13001,cartagena de indias,13001007,isla fuerte (cartagena de indias - bolívar),2023,9,73290,40608,226.64,viernes,2023-09-29 22:15:00,16.07,cartagena de indias
13,bolívar,13001,cartagena de indias,13001037,isla múcura (cartagena de indias - bolívar),2023,9,5539,2199,22.37,viernes,2023-09-08 22:15:00,10.32,cartagena de indias
13,bolívar,13001,cartagena de indias,13001017,santa cruz del islote (cartagena de indias - bolívar),2023,9,9602,3063,53.73,jueves,2023-09-28 22:00:00,11.03,cartagena de indias
18,caquetá,18150,cartagena del chairá,18150001,remolino del caguán (cartagena del chaira - caquetá),2023,9,19377,8471,101.43,sábado,2023-09-09 19:30:00,8.15,cartagena del chairá
18,caquetá,18753,san vicente del caguán,18753002,guacamayas (san vicente del caguán - caquetá),2023,9,7487,2719,36.58,martes,2023-09-12 20:15:00,11.08,san vicente del caguán
18,caquetá,18753,san vicente del caguán,18753009,puerto betania (san vicente del caguán - caquetá),2023,9,4945,2037,37.28,miércoles,2023-09-13 18:45:00,6.21,san vicente del caguán
19,cauca,19318,guapi,19318008,limones (guapi - cauca),2023,9,8078,3861,41.24,viernes,2023-09-01 20:00:00,8.52,guapi
19,cauca,19318,guapi,19318013,san antonio de guajuí (guapi - cauca),2023,9,10067,5540,57.09,domingo,2023-09-10 19:30:00,7.47,guapi
19,cauca,19418,lópez (micay),19418033,boca grande (lópez (micay) - cauca),2023,9,1623,302,33.84,miércoles,2023-09-13 19:30:00,3.04,lópez de micay
19,cauca,19418,lópez (micay),19418038,isla de gallo (lópez de micay - cauca),2023,9,1863,950,28.42,lunes,2023-09-11 18:00:00,5.48,lópez de micay
19,cauca,19418,lópez (micay),19418009,noanamito (lópez de micay - cauca),2023,9,3588,1366,36.0,sábado,2023-09-02 19:15:00,6.02,lópez de micay
19,cauca,19418,lópez (micay),19418012,san antonio de chuaré (lópez de micay - cauca),2023,9,4374,1225,46.85,viernes,2023-09-08 19:15:00,3.52,lópez de micay
19,cauca,19418,lópez (micay),19418015,san isidro (lópez de micay - cauca),2023,9,464,261,7.36,jueves,2023-09-30 18:30:00,5.13,lópez de micay
19,cauca,19809,timbiquí,19809014,chacón (timbiquí - cauca),2023,9,3824,1089,24.16,martes,2023-09-05 18:15:00,7.01,timbiquí
19,cauca,19809,timbiquí,19809003,coteje (timbiquí - cauca),2023,9,6311,4448,30.72,martes,2023-09-12 19:15:00,8.16,timbiquí
19,cauca,19809,timbiquí,19809023,puerto saija (timbiquí - cauca),2023,9,34702,11795,188.32,sábado,2023-09-09 20:00:00,7.38,timbiquí
19,cauca,19809,timbiquí,19809009,santa rosa de saija (timbiquí - cauca),2023,9,4668,1823,20.21,jueves,2023-09-28 19:15:00,9.01,timbiquí
27,chocó,27006,acandí,27006000,acandí (acandí - chocó),2023,9,711384,218142,1549.5,miércoles,2023-09-06 21:30:00,19.56,acandí
27,chocó,27025,alto baudó (pie de pato),27025000,ciudad baudó - pie de pato (alto baudó - chocó),2023,9,52092,17610,123.11,martes,2023-09-19 12:00:00,23.36,alto baudó (pie de pato)
27,chocó,27075,bahía solano (mutis),27075000,ciudad mutis (bahía solano - chocó),2023,9,469697,187068,1258.84,miércoles,2023-09-06 11:00:00,18.36,bahía solano (mutis)
27,chocó,27075,bahía solano (mutis),27075001,cupica (bahía solano - chocó),2023,9,53501,17298,133.69,miércoles,2023-09-06 19:30:00,23.56,bahía solano (mutis)
27,chocó,27075,bahía solano (mutis),27075002,el valle (bahía solano - chocó),2023,9,176881,68700,374.09,miércoles,2023-09-06 19:15:00,22.5,bahía solano (mutis)
27,chocó,27077,bajo baudó (pizarro),27077029,firme de usarga (bajo baudó (pizarro) - chocó),2023,9,891,361,5.99,lunes,2023-09-18 20:15:00,6.24,bajo baudó (pizarro)
27,chocó,27077,bajo baudó (pizarro),27077026,guineal (bajo baudó (pizarro) - chocó),2023,9,5951,3174,34.25,miércoles,2023-09-27 18:45:00,8.37,bajo baudó (pizarro)
27,chocó,27077,bajo baudó (pizarro),27077000,pizarro (bajo baudó (pizarro) - chocó),2023,9,217962,87272,483.12,domingo,2023-09-24 19:00:00,21.11,bajo baudó (pizarro)
27,chocó,27077,bajo baudó (pizarro),27077916,terron (bajo baudó - chocó),2023,9,5577,2430,24.46,sábado,2023-09-30 12:15:00,10.33,bajo baudó (pizarro)
27,chocó,27099,bojayá (bellavista),27099000,bellavista (bojayá (bellavista) - chocó),2023,9,99956,33966,242.05,martes,2023-09-19 19:15:00,17.02,bojayá (bellavista)
27,chocó,27099,bojayá (bellavista),27099030,piedra candela (bojayá - chocó),2023,9,7157,3199,37.05,sábado,2023-09-16 14:00:00,9.17,bojayá (bellavista)
27,chocó,27372,juradó,27372000,juradó (juraó - chocó),2023,9,186721,66774,355.68,sábado,2023-09-16 19:30:00,23.25,juradó
27,chocó,27425,medio atrato (beté),27425000,beté (medio atrato (beté) - chocó),2023,9,13876,9065,56.0,viernes,2023-09-08 12:00:00,11.55,medio atrato (beté)
27,chocó,27495,nuquí,27495011,puerto jagua (nuquí - chocó),2023,9,301,142,5.57,sábado,2023-09-09 20:15:00,7.11,nuquí
27,chocó,27495,nuquí,27495003,jurubira (nuquí - chocó),2023,9,0,0,0.0,viernes,2023-09-01 00:00:00,0.0,nuquí
27,chocó,27001,quibdó,27001029,tagachi (quibdó - chocó),2023,9,609,218,40.99,viernes,2023-09-29 20:30:00,0.37,quibdó
27,chocó,27800,unguía,27800001,balboa (unguía - chocó),2023,9,26277,9834,88.63,jueves,2023-09-14 21:00:00,12.05,unguía
27,chocó,27800,unguía,27800005,titumate (unguía - chocó),2023,9,15488,3777,93.28,viernes,2023-09-01 20:15:00,7.46,unguía
27,chocó,27800,unguía,27800000,unguía (unguía - chocó),2023,9,459409,153081,1007.95,sábado,2023-09-30 19:45:00,21.57,unguía
94,guainía,94343,barrancominas,94343000,barrancominas (barrancominas - guainía),2023,9,69541,20238,213.17,viernes,2023-09-01 14:00:00,15.58,barrancominas
94,guainía,94001,inírida,94001000,inírida (inírida - guainía),2023,9,2188460,666831,4387.68,viernes,2023-09-29 14:45:00,24.0,inírida
95,guaviare,95200,miraflores,95200000,miraflores (miraflores - guaviare),2023,9,90236,31623,221.32,miércoles,2023-09-06 18:30:00,18.23,miraflores
44,la guajira,44847,uribia,44847012,nazareth (uribia - la guajira),2023,9,46427,10572,260.64,miércoles,2023-09-27 18:30:00,9.22,uribia
47,magdalena,47189,ciénaga,47189018,palmor (ciénaga - magdalena),2023,9,91551,32765,179.58,sábado,2023-09-23 18:15:00,23.12,ciénaga
50,meta,50325,mapiripán,50325000,mapiripán (mapiripán - meta),2023,9,176417,67186,372.24,viernes,2023-09-08 18:45:00,23.3,mapiripán
52,nariño,52250,el charco,52250023,bazán (el charco - nariño),2023,9,3671,1478,105.6,viernes,2023-09-01 19:45:00,4.31,el charco
52,nariño,52250,el charco,52250003,bolívar - san pedro (el charco - nariño),2023,9,2463,2059,28.54,miércoles,2023-09-13 18:45:00,4.2,el charco
52,nariño,52250,el charco,52250022,el cuil pueblo nuevo (el charco - nariño),2023,9,4847,2274,30.8,sábado,2023-09-16 18:45:00,7.31,el charco
52,nariño,52250,el charco,52250005,las mercedes (el charco - nariño),2023,9,2047,1154,16.38,jueves,2023-09-07 19:45:00,5.53,el charco
52,nariño,52250,el charco,52250007,san josé del tapaje (el charco - nariño),2023,9,13058,3290,56.0,viernes,2023-09-01 16:15:00,9.26,el charco
52,nariño,52520,francisco pizarro,52520013,san pedro del vino (francisco pizarro - nariño),2023,9,4796,2767,25.66,sábado,2023-09-30 19:00:00,8.04,francisco pizarro
52,nariño,52390,la tola,52390005,aguacatal (la tola - nariño),2023,9,2178,556,12.48,viernes,2023-09-22 19:15:00,8.26,la tola
52,nariño,52390,la tola,52390013,amárales (la tola - nariño),2023,9,7913,2527,55.62,jueves,2023-09-14 19:15:00,7.17,la tola
52,nariño,52390,la tola,52390003,la vigía de la mar (la tola - nariño),2023,9,7456,2618,39.12,jueves,2023-09-21 11:30:00,10.28,la tola
52,nariño,52390,la tola,52390009,mulatos (la tola - nariño),2023,9,4873,3594,30.72,domingo,2023-09-10 19:45:00,7.46,la tola
52,nariño,52427,magüí,52427013,la loma (magüí - nariño),2023,9,411,259,6.26,miércoles,2023-09-06 20:00:00,2.38,magüí
52,nariño,52490,olaya herrera,52490913,boca de prieta (olaya herrera - nariño),2023,9,2264,645,17.16,domingo,2023-09-24 18:45:00,5.3,olaya herrera
52,nariño,52621,roberto payán,52621912,tamaje (roberto payan - nariño),2023,9,0,0,0.0,viernes,2023-09-01 00:00:00,0.0,roberto payan
52,nariño,52835,san andrés de tumaco,52835055,bocas de curay (tumaco - nariño),2023,9,6565,2336,55.2,sábado,2023-09-16 19:15:00,5.34,san andrés de tumaco
52,nariño,52835,san andrés de tumaco,52835217,san juan de la costa (san andrés de tumaco - nariño),2023,9,17106,6478,118.4,martes,2023-09-05 18:45:00,6.58,san andrés de tumaco
52,nariño,52696,santa bárbara (iscuandé),52696014,la ensenada (santa bárbara (iscuandé) - nariño),2023,9,3536,4482,22.43,miércoles,2023-09-06 20:00:00,6.3,santa bárbara (iscuandé)
52,nariño,52696,santa bárbara (iscuandé),52696022,secadero (santa bárbara (iscuandé) - nariño),2023,9,2577,1678,13.22,lunes,2023-09-18 18:45:00,8.01,santa bárbara (iscuandé)
86,putumayo,86573,puerto leguízamo,86573000,puerto leguízamo (puerto leguízamo - putumayo),2023,9,922045,282787,2121.68,miércoles,2023-09-27 14:30:00,23.49,puerto leguízamo
76,valle del cauca,76109,buenaventura,76109069,papayal 1 (buenaventura - valle del cauca),2023,9,8682,788,38.94,miércoles,2023-09-06 19:30:00,9.28,buenaventura
76,valle del cauca,76109,buenaventura,76109028,puerto merizalde (buenaventura - valle del cauca),2023,9,102484,37620,230.91,sábado,2023-09-02 12:30:00,23.15,buenaventura
76,valle del cauca,76109,buenaventura,76109032,san francisco naya (buenaventura - valle del cauca),2023,9,6728,3043,32.67,sábado,2023-09-09 11:45:00,8.18,buenaventura
97,vaupés,97161,carurú,97161000,carurú (carurú - vaupés),2023,9,26394,11449,96.89,lunes,2023-09-25 14:30:00,11.3,carurú
97,vaupés,97001,mitú,97001000,mitú (mitú - vaupés),2023,9,1459409,381350,3011.0,miércoles,2023-09-06 12:00:00,23.59,mitú
97,vaupés,97666,taraira,97666000,taraira (taraira - vaupés),2023,9,33310,10042,147.05,jueves,2023-09-28 12:30:00,10.22,taraira
99,vichada,99001,puerto carreño,99001000,puerto carreño (puerto carreño - vichada),2023,9,2469683,775651,5026.56,jueves,2023-09-28 14:15:00,23.52,puerto carreño
19,cauca,19418,lópez (micay),19418012,san antonio de chuare (lópez de micay - cauca),2023,10,5157,1442,47.52,viernes,2023-10-13 19:00:00,4.23,lópez de micay
19,cauca,19418,lópez (micay),19418015,san isidro (lópez de micay - cauca),2023,10,963,543,7.9,sábado,2023-10-07 19:15:00,4.59,lópez de micay
19,cauca,19418,lópez (micay),19418019,zaragoza (lópez de micay - cauca),2023,10,11867,4348,63.71,martes,2023-10-03 19:30:00,9.02,lópez de micay
19,cauca,19809,timbiquí,19809014,chacon (timbiquí - cauca),2023,10,4173,1126,24.88,miércoles,2023-10-11 19:30:00,7.0,timbiquí
19,cauca,19809,timbiquí,19809010,comunidad de chete (timbiquí - cauca),2023,10,4718,1837,29.25,martes,2023-10-31 07:45:00,6.21,timbiquí
19,cauca,19809,timbiquí,19809003,coteje (timbiquí - cauca),2023,10,6391,4618,30.4,jueves,2023-10-19 18:30:00,8.13,timbiquí
19,cauca,19809,timbiquí,19809026,los brazos (timbiquí - cauca),2023,10,1184,509,35.09,domingo,2023-10-15 20:00:00,1.18,timbiquí
19,cauca,19809,timbiquí,19809023,puerto saija (timbiquí - cauca),2023,10,36433,12356,183.04,sábado,2023-10-14 19:30:00,8.11,timbiquí
19,cauca,19809,timbiquí,19809007,san jose (timbiquí - cauca),2023,10,6085,4542,33.43,sábado,2023-10-14 19:30:00,7.15,timbiquí
19,cauca,19809,timbiquí,19809009,santa rosa de saija (timbiquí - cauca),2023,10,2538,1245,24.14,martes,2023-10-17 19:30:00,4.23,timbiquí
27,chocó,27006,acandí,27006000,acandí (acandí - chocó),2023,10,680242,209846,1568.16,martes,2023-10-03 18:00:00,19.54,acandí
27,chocó,27006,acandí,27006007,san francisco (acandí - chocó),2023,10,16326,7518,79.44,viernes,2023-10-20 20:30:00,9.01,acandí
27,chocó,27025,alto baudó,27025000,ciudad baudo - pie de pato (alto baudo - chocó),2023,10,52904,18617,165.0,martes,2023-10-03 18:00:00,23.31,alto baudo
27,chocó,27075,bahía solano,27075000,ciudad mutis (bahía solano - chocó),2023,10,519925,227459,1265.0,viernes,2023-10-06 14:30:00,22.12,bahía solano
27,chocó,27075,bahía solano,27075001,cupica (bahía solano - chocó),2023,10,50118,19327,117.06,viernes,2023-10-13 19:00:00,23.58,bahía solano
27,chocó,27075,bahía solano,27075002,el valle (bahía solano - chocó),2023,10,187874,70470,366.43,jueves,2023-10-12 19:15:00,23.46,bahía solano
27,chocó,27077,bajo baudó,27077008,orpua (bajo baudó - chocó),2023,10,1055,577,6.88,sábado,2023-10-21 13:15:00,9.0,bajo baudó
27,chocó,27077,bajo baudó,27077000,pizarro (bajo baudó - chocó),2023,10,194991,83607,523.78,miércoles,2023-10-18 19:45:00,18.17,bajo baudó
27,chocó,27077,bajo baudó,27077016,siviru (bajo baudó - chocó),2023,10,9200,3435,42.44,miércoles,2023-10-18 18:45:00,10.15,bajo baudó
27,chocó,27077,bajo baudó,27077019,virudo (bajo baudó - chocó),2023,10,6933,3136,30.74,jueves,2023-10-26 03:45:00,9.18,bajo baudó
27,chocó,27099,bojayá,27099005,napipi (bojayá - chocó),2023,10,11342,3850,64.0,viernes,2023-10-27 18:00:00,7.26,bojayá
27,chocó,27250,el litoral del san juan,27250000,santa genoveva de docordo (el litoral del san juan - chocó),2023,10,86493,46728,221.1,miércoles,2023-10-18 18:30:00,17.02,el litoral del san juan
27,chocó,27372,juradó,27372000,jurado (jurado - chocó),2023,10,163692,59810,432.64,jueves,2023-10-19 19:00:00,20.0,jurado
27,chocó,27425,medio atrato,27425000,bete (medio atrato - chocó),2023,10,15509,10252,52.0,martes,2023-10-03 19:15:00,13.04,medio atrato
27,chocó,27425,medio atrato,27425008,san roque (medio atrato - chocó),2023,10,428,179,15.6,martes,2023-10-31 20:00:00,1.04,medio atrato
27,chocó,27495,nuquí,27495011,comunidad de puerto jagua (nuquí - chocó),2023,10,924,418,5.81,jueves,2023-10-05 20:45:00,7.33,nuquí
27,chocó,27001,quibdó,27001029,tagachi (quibdó - chocó),2023,10,6265,2407,46.87,domingo,2023-10-22 19:45:00,5.58,quibdó
27,chocó,27800,unguía,27800001,balboa (unguía - chocó),2023,10,26681,9993,99.77,sábado,2023-10-14 18:30:00,12.01,unguía
27,chocó,27800,unguía,27800005,titumate (unguía - chocó),2023,10,16500,4101,94.69,domingo,2023-10-01 20:15:00,8.06,unguía
27,chocó,27800,unguía,27800000,unguía (unguía - chocó),2023,10,442694,147903,1059.17,jueves,2023-10-05 20:15:00,20.35,unguía
94,guainía,94343,barrancominas,94343000,barranco minas (barranco minas - guainía),2023,10,87969,25794,229.13,jueves,2023-10-05 18:15:00,16.19,barranco minas
94,guainía,94001,inírida,94001000,inírida (inírida - guainía),2023,10,2339693,709953,4495.04,miércoles,2023-10-04 14:30:00,24.0,inírida
95,guaviare,95200,miraflores,95200000,miraflores (miraflores - guaviare),2023,10,96608,30631,224.4,lunes,2023-10-30 18:00:00,18.42,miraflores
47,magdalena,47189,ciénaga,47189018,palmor (ciénaga - magdalena),2023,10,99100,40555,196.42,martes,2023-10-17 18:30:00,22.11,ciénaga
50,meta,50325,mapiripán,50325000,mapiripan (mapiripan - meta),2023,10,190143,71194,387.2,miércoles,2023-10-04 18:15:00,23.49,mapiripan
52,nariño,52250,el charco,52250016,alteron - uribe uribe (el charco - nariño),2023,10,913,553,9.12,domingo,2023-10-22 21:45:00,4.24,el charco
52,nariño,52250,el charco,52250023,bazan (el charco - nariño),2023,10,19613,7928,105.6,jueves,2023-10-05 19:30:00,7.26,el charco
52,nariño,52250,el charco,52250003,bolivar - san pedro (el charco - nariño),2023,10,3797,3522,26.62,viernes,2023-10-06 19:45:00,5.52,el charco
52,nariño,52250,el charco,52250022,el cuil pueblo nuevo (el charco - nariño),2023,10,6344,2942,30.02,lunes,2023-10-30 18:00:00,8.12,el charco
52,nariño,52250,el charco,52250005,las mercedes (el charco - nariño),2023,10,1070,485,9.79,jueves,2023-10-26 20:45:00,4.44,el charco
52,nariño,52250,el charco,52250007,san jose del tapaje (el charco - nariño),2023,10,12740,3764,64.0,martes,2023-10-03 18:45:00,8.45,el charco
52,nariño,52520,francisco pizarro,52520013,san pedro del vino (francisco pizarro - nariño),2023,10,7951,3326,39.01,sábado,2023-10-28 20:30:00,9.24,francisco pizarro
52,nariño,52390,la tola,52390013,amarales (la tola - nariño),2023,10,10913,3105,49.18,jueves,2023-10-12 19:45:00,10.27,la tola
52,nariño,52390,la tola,52390003,la vigia de la mar (la tola - nariño),2023,10,6524,2264,39.8,viernes,2023-10-20 11:45:00,8.33,la tola
52,nariño,52490,olaya herrera,52490913,boca de prieta (olaya herrera - nariño),2023,10,2414,737,14.95,miércoles,2023-10-11 18:45:00,6.3,olaya herrera
52,nariño,52835,san andrés de tumaco,52835055,bocas de curay (san andrés de tumaco - nariño),2023,10,6246,2240,52.8,viernes,2023-10-13 19:00:00,5.03,san andrés de tumaco
52,nariño,52835,san andrés de tumaco,52835217,san juan de la costa (san andrés de tumaco - nariño),2023,10,20498,7896,118.4,lunes,2023-10-23 19:00:00,8.07,san andrés de tumaco
52,nariño,52696,santa bárbara,52696014,la ensenada (santa bárbara - nariño),2023,10,3957,4599,22.14,jueves,2023-10-19 19:15:00,7.0,santa bárbara
52,nariño,52696,santa bárbara,52696022,secadero (santa bárbara - nariño),2023,10,2696,1682,13.32,lunes,2023-10-09 20:30:00,8.12,santa bárbara
76,valle del cauca,76109,buenaventura,76109028,puerto merizalde (buenaventura - valle del cauca),2023,10,94241,35266,206.62,miércoles,2023-10-18 20:30:00,21.16,buenaventura
76,valle del cauca,76109,buenaventura,76109032,san francisco naya (buenaventura - valle del cauca),2023,10,6812,2883,32.96,martes,2023-10-03 19:15:00,8.17,buenaventura
97,vaupés,97161,carurú,97161000,carurú (carurú - vaupés),2023,10,29005,12318,110.0,viernes,2023-10-27 19:45:00,12.11,carurú
97,vaupés,97001,mitú,97001000,mitú (mitú - vaupés),2023,10,1623070,425131,3320.18,martes,2023-10-31 12:00:00,24.0,mitú
97,vaupés,97666,taraira,97666000,taraira (taraira - vaupés),2023,10,39320,12123,143.97,miércoles,2023-10-04 12:45:00,11.23,taraira
99,vichada,99001,puerto carreño,99001000,puerto carreño (puerto carreño - vichada),2023,10,2719493,827162,5245.68,lunes,2023-10-09 14:15:00,23.53,puerto carreño
91,amazonas,91001,leticia,91001000,leticia (leticia - amazonas),2023,10,4511293,1194835,8682.61,martes,2023-10-03 15:00:00,24.0,leticia
91,amazonas,91798,tarapaca (anm),91798000,tarapaca (tarapaca (anm) - amazonas),2023,11,27058,12193,103.43,jueves,2023-11-02 14:45:00,10.1,tarapaca (anm)
05,antioquia,05873,vigía del fuerte,05873013,loma murri (vigía del fuerte - antioquia),2023,11,4113,1393,27.83,lunes,2023-11-27 17:15:00,19.33,vigía del fuerte
05,antioquia,05873,vigía del fuerte,05873002,vegaez (vigía del fuerte - antioquia),2023,11,3347,853,69.6,martes,2023-11-28 21:15:00,3.35,vigía del fuerte
88,archipiélago de san andrés y providencia,88564,providencia,88564000,providencia (providencia - archipiélago de san andrés y providencia ),2023,11,1193279,253729,2098.58,viernes,2023-11-10 23:00:00,23.59,providencia
13,bolívar,13001,cartagena de indias,13001007,isla fuerte (cartagena de indias - bolívar),2023,11,65704,31174,242.02,domingo,2023-11-12 02:00:00,11.5,cartagena de indias
13,bolívar,13001,cartagena de indias,13001037,isla mucura (cartagena de indias - bolívar),2023,11,6626,2557,27.46,martes,2023-11-28 23:00:00,11.33,cartagena de indias
13,bolívar,13001,cartagena de indias,13001017,santa cruz del islote (cartagena de indias - bolívar),2023,11,448,133,40.35,sábado,2023-11-11 22:45:00,0.31,cartagena de indias
18,caquetá,18150,cartagena del chairá,18150001,remolino del caguan (cartagena del chaira - caquetá),2023,11,18814,7987,99.18,sábado,2023-11-11 18:15:00,8.01,cartagena del chaira
18,caquetá,18150,cartagena del chairá,18150002,santa fe del caguan (cartagena del chaira - caquetá),2023,11,4326,2041,41.24,jueves,2023-11-09 18:15:00,4.23,cartagena del chaira
18,caquetá,18753,san vicente del caguán,18753002,guacamayas (san vicente del caguán - caquetá),2023,11,12538,5007,36.84,viernes,2023-11-17 18:30:00,17.16,san vicente del caguán
18,caquetá,18753,san vicente del caguán,18753009,puerto betania (san vicente del caguán - caquetá),2023,11,0,0,0.0,miércoles,2023-11-01 00:00:00,0.0,san vicente del caguán
19,cauca,19318,guapi,19318008,limones (guapi - cauca),2023,11,8474,3841,63.8,domingo,2023-11-19 18:00:00,8.59,guapi
19,cauca,19318,guapi,19318013,san antonio de guajui (guapi - cauca),2023,11,7662,4213,52.71,miércoles,2023-11-08 19:15:00,5.58,guapi
19,cauca,19418,lópez (micay),19418038,isla de gallo (lópez de micay - cauca),2023,11,3076,1482,28.19,lunes,2023-11-13 19:30:00,4.54,lópez de micay
19,cauca,19418,lópez (micay),19418009,noanamito (lópez de micay - cauca),2023,11,6616,2445,36.0,domingo,2023-11-19 20:00:00,8.41,lópez de micay
19,cauca,19418,lópez (micay),19418011,rio maya - dos quebradas (lópez de micay - cauca),2023,11,2213,801,28.03,sábado,2023-11-11 19:00:00,3.19,lópez de micay
19,cauca,19418,lópez (micay),19418012,san antonio de chuare (lópez de micay - cauca),2023,11,4393,1125,48.48,miércoles,2023-11-22 19:00:00,4.1,lópez de micay
19,cauca,19418,lópez (micay),19418015,san isidro (lópez de micay - cauca),2023,11,976,561,7.52,jueves,2023-11-02 18:15:00,5.42,lópez de micay
19,cauca,19418,lópez (micay),19418019,zaragoza (lópez de micay - cauca),2023,11,10757,3840,47.52,jueves,2023-11-02 10:15:00,9.1,lópez de micay
19,cauca,19809,timbiquí,19809014,chacon (timbiquí - cauca),2023,11,3756,1053,24.96,sábado,2023-11-25 19:30:00,6.22,timbiquí
19,cauca,19809,timbiquí,19809010,comunidad de chete (timbiquí - cauca),2023,11,5170,2038,29.15,lunes,2023-11-13 06:45:00,7.23,timbiquí
19,cauca,19809,timbiquí,19809003,coteje (timbiquí - cauca),2023,11,5854,4181,30.36,martes,2023-11-07 19:45:00,7.39,timbiquí
19,cauca,19809,timbiquí,19809026,los brazos (timbiquí - cauca),2023,11,5402,2500,40.2,viernes,2023-11-17 18:45:00,5.55,timbiquí
19,cauca,19809,timbiquí,19809023,puerto saija (timbiquí - cauca),2023,11,34122,11594,174.94,miércoles,2023-11-01 18:15:00,7.46,timbiquí
19,cauca,19809,timbiquí,19809007,san jose (timbiquí - cauca),2023,11,5485,3821,35.45,sábado,2023-11-18 19:45:00,6.15,timbiquí
19,cauca,19809,timbiquí,19809009,santa rosa de saija (timbiquí - cauca),2023,11,2240,649,21.17,viernes,2023-11-24 19:30:00,4.25,timbiquí
27,chocó,27006,acandí,27006000,acandí (acandí - chocó),2023,11,702876,211893,1585.76,jueves,2023-11-09 21:15:00,19.13,acandí
27,chocó,27006,acandí,27006007,san francisco (acandí - chocó),2023,11,12717,5851,77.33,lunes,2023-11-27 19:00:00,7.11,acandí
27,chocó,27025,alto baudó,27025000,ciudad baudo - pie de pato (alto baudo - chocó),2023,11,52084,18344,119.94,lunes,2023-11-06 12:15:00,24.0,alto baudo
27,chocó,27075,bahía solano,27075000,ciudad mutis (bahía solano - chocó),2023,11,541813,224723,1196.36,sábado,2023-11-11 17:45:00,22.15,bahía solano
27,chocó,27075,bahía solano,27075001,cupica (bahía solano - chocó),2023,11,67004,22980,164.11,martes,2023-11-14 19:15:00,23.48,bahía solano
27,chocó,27075,bahía solano,27075002,el valle (bahía solano - chocó),2023,11,178852,67562,349.01,sábado,2023-11-04 18:45:00,23.52,bahía solano
27,chocó,27077,bajo baudó,27077008,orpua (bajo baudó - chocó),2023,11,1020,486,6.76,lunes,2023-11-27 18:45:00,8.24,bajo baudó
27,chocó,27077,bajo baudó,27077000,pizarro (bajo baudó - chocó),2023,11,217027,91761,477.31,viernes,2023-11-10 19:00:00,21.29,bajo baudó
27,chocó,27077,bajo baudó,27077016,siviru (bajo baudó - chocó),2023,11,8376,3068,45.26,jueves,2023-11-09 18:30:00,9.28,bajo baudó
27,chocó,27099,bojayá,27099005,napipi (bojayá - chocó),2023,11,12335,4182,60.8,miércoles,2023-11-01 18:45:00,8.1,bojayá
27,chocó,27250,el litoral del san juan,27250000,santa genoveva de docordo (el litoral del san juan - chocó),2023,11,86797,46316,219.12,viernes,2023-11-03 12:15:00,17.52,el litoral del san juan
27,chocó,27372,juradó,27372000,jurado (jurado - chocó),2023,11,172225,61251,351.68,martes,2023-11-28 18:45:00,23.03,jurado
27,chocó,27425,medio atrato,27425000,bete (medio atrato - chocó),2023,11,14381,8997,52.0,miércoles,2023-11-01 10:30:00,12.16,medio atrato
27,chocó,27425,medio atrato,27425008,san roque (medio atrato - chocó),2023,11,264,110,17.52,jueves,2023-11-02 18:45:00,0.39,medio atrato
27,chocó,27495,nuquí,27495011,comunidad de puerto jagua (nuquí - chocó),2023,11,940,429,6.07,martes,2023-11-14 18:00:00,7.55,nuquí
27,chocó,27001,quibdó,27001029,tagachi (quibdó - chocó),2023,11,4894,1950,47.45,domingo,2023-11-26 19:30:00,4.41,quibdó
27,chocó,27800,unguía,27800001,balboa (unguía - chocó),2023,11,24207,9073,95.61,viernes,2023-11-10 19:30:00,10.54,unguía
27,chocó,27800,unguía,27800005,titumate (unguía - chocó),2023,11,15589,3690,93.02,sábado,2023-11-04 20:15:00,7.47,unguía
27,chocó,27800,unguía,27800000,unguía (unguía - chocó),2023,11,433260,142208,1162.13,jueves,2023-11-09 18:30:00,20.51,unguía
94,guainía,94343,barrancominas,94343000,barranco minas (barranco minas - guainía),2023,11,82494,23342,217.16,miércoles,2023-11-22 18:15:00,16.18,barranco minas
94,guainía,94001,inírida,94001000,inírida (inírida - guainía),2023,11,2281426,672727,4440.48,lunes,2023-11-20 15:00:00,24.0,inírida
95,guaviare,95200,miraflores,95200000,miraflores (miraflores - guaviare),2023,11,87077,27213,216.92,sábado,2023-11-18 18:00:00,17.55,miraflores
47,magdalena,47189,ciénaga,47189018,palmor (ciénaga - magdalena),2023,11,108300,47181,212.74,sábado,2023-11-11 18:15:00,23.02,ciénaga
50,meta,50325,mapiripán,50325000,mapiripan (mapiripan - meta),2023,11,187623,65602,378.84,miércoles,2023-11-22 18:00:00,23.59,mapiripan
52,nariño,52250,el charco,52250016,alteron - uribe uribe (el charco - nariño),2023,11,190,116,8.76,miércoles,2023-11-01 18:30:00,0.58,el charco
52,nariño,52250,el charco,52250023,bazan (el charco - nariño),2023,11,11082,4658,100.8,miércoles,2023-11-01 18:30:00,4.36,el charco
52,nariño,52250,el charco,52250003,bolivar - san pedro (el charco - nariño),2023,11,1364,1346,24.45,jueves,2023-11-02 19:45:00,3.3,el charco
52,nariño,52250,el charco,52250022,el cuil pueblo nuevo (el charco - nariño),2023,11,5848,2600,30.07,lunes,2023-11-20 19:00:00,7.41,el charco
52,nariño,52250,el charco,52250005,las mercedes (el charco - nariño),2023,11,1312,532,9.34,martes,2023-11-28 19:00:00,6.08,el charco
52,nariño,52250,el charco,52250007,san jose del tapaje (el charco - nariño),2023,11,9098,2412,64.0,miércoles,2023-11-29 18:45:00,6.39,el charco
52,nariño,52520,francisco pizarro,52520013,san pedro del vino (francisco pizarro - nariño),2023,11,8320,3540,39.9,jueves,2023-11-09 16:00:00,10.46,francisco pizarro
52,nariño,52390,la tola,52390013,amarales (la tola - nariño),2023,11,9367,2482,47.9,miércoles,2023-11-01 19:00:00,9.13,la tola
52,nariño,52390,la tola,52390003,la vigia de la mar (la tola - nariño),2023,11,7620,2512,40.32,martes,2023-11-28 11:45:00,10.26,la tola
52,nariño,52390,la tola,52390009,mulatos (la tola - nariño),2023,11,4232,3311,29.82,jueves,2023-11-02 15:15:00,7.43,la tola
52,nariño,52490,olaya herrera,52490913,boca de prieta (olaya herrera - nariño),2023,11,2976,777,16.75,domingo,2023-11-26 20:15:00,7.54,olaya herrera
52,nariño,52835,san andrés de tumaco,52835055,bocas de curay (san andrés de tumaco - nariño),2023,11,6741,2487,57.6,sábado,2023-11-18 19:00:00,5.3,san andrés de tumaco
52,nariño,52835,san andrés de tumaco,52835217,san juan de la costa (san andrés de tumaco - nariño),2023,11,17238,6393,121.6,jueves,2023-11-16 19:15:00,6.38,san andrés de tumaco
52,nariño,52696,santa bárbara,52696014,la ensenada (santa bárbara - nariño),2023,11,3302,3764,22.18,jueves,2023-11-30 19:15:00,5.53,santa bárbara
76,valle del cauca,76109,buenaventura,76109028,puerto merizalde (buenaventura - valle del cauca),2023,11,91399,35244,224.05,miércoles,2023-11-15 19:45:00,20.02,buenaventura
76,valle del cauca,76109,buenaventura,76109032,san francisco naya (buenaventura - valle del cauca),2023,11,6585,2190,34.62,sábado,2023-11-11 12:00:00,8.15,buenaventura
97,vaupés,97161,carurú,97161000,carurú (carurú - vaupés),2023,11,25424,8828,104.72,miércoles,2023-11-08 16:30:00,10.54,carurú
97,vaupés,97001,mitú,97001000,mitú (mitú - vaupés),2023,11,1521725,394293,3174.5,miércoles,2023-11-01 12:00:00,24.0,mitú
97,vaupés,97666,taraira,97666000,taraira (taraira - vaupés),2023,11,34057,10156,139.83,martes,2023-11-14 12:30:00,10.5,taraira
99,vichada,99001,puerto carreño,99001000,puerto carreño (puerto carreño - vichada),2023,11,2213972,667830,5151.52,miércoles,2023-11-01 13:45:00,23.59,puerto carreño
91,amazonas,91001,leticia,91001000,leticia (leticia - amazonas),2023,11,4207398,1099716,8286.53,viernes,2023-11-17 15:15:00,24.0,leticia
91,amazonas,91798,tarapaca (anm),91798000,tarapaca (tarapaca (anm) - amazonas),2023,12,28067,12638,102.43,miércoles,2023-12-06 19:00:00,10.15,tarapaca (anm)
05,antioquia,05873,vigía del fuerte,05873010,la playa murri  (vigía del fuerte - antioquia),2023,12,8082,4939,24.91,domingo,2023-12-24 18:30:00,21.52,vigía del fuerte
05,antioquia,05873,vigía del fuerte,05873013,loma murri (vigía del fuerte - antioquia),2023,12,10159,3759,34.25,domingo,2023-12-24 18:30:00,23.59,vigía del fuerte
88,archipiélago de san andrés y providencia,88564,providencia,88564000,providencia (providencia - archipiélago de san andrés y providencia ),2023,12,1197850,254578,1918.11,martes,2023-12-26 23:00:00,24.0,providencia
88,archipiélago de san andrés y providencia,88001,san andrés,88001000,san andrés (san andrés - archipiélago de san andrés y providencia ),2023,12,18700442,4828903,31226.65,miércoles,2023-12-27 15:45:00,24.0,san andrés
13,bolívar,13001,cartagena de indias,13001007,isla fuerte (cartagena de indias - bolívar),2023,12,54967,25641,269.46,sábado,2023-12-30 22:30:00,9.04,cartagena de indias
13,bolívar,13001,cartagena de indias,13001037,isla mucura (cartagena de indias - bolívar),2023,12,6884,2587,26.21,sábado,2023-12-02 00:45:00,10.32,cartagena de indias
13,bolívar,13001,cartagena de indias,13001017,santa cruz del islote (cartagena de indias - bolívar),2023,12,0,0,0.0,viernes,2023-12-01 00:00:00,0.0,cartagena de indias
18,caquetá,18150,cartagena del chairá,18150001,remolino del caguan (cartagena del chaira - caquetá),2023,12,15692,5805,100.35,viernes,2023-12-01 21:30:00,6.46,cartagena del chaira
18,caquetá,18150,cartagena del chairá,18150002,santa fe del caguan (cartagena del chaira - caquetá),2023,12,4780,2210,43.16,domingo,2023-12-31 19:15:00,4.53,cartagena del chaira
18,caquetá,18753,san vicente del caguán,18753002,guacamayas (san vicente del caguán - caquetá),2023,12,10287,4246,35.38,domingo,2023-12-24 18:45:00,14.02,san vicente del caguán
18,caquetá,18753,san vicente del caguán,18753009,puerto betania (san vicente del caguán - caquetá),2023,12,0,0,0.0,viernes,2023-12-01 00:00:00,0.0,san vicente del caguán
18,caquetá,18753,san vicente del caguán,18753033,villa lobos (san vicente del caguán - caquetá),2023,12,23077,9987,73.02,viernes,2023-12-01 18:15:00,14.51,san vicente del caguán
19,cauca,19318,guapi,19318008,limones (guapi - cauca),2023,12,9215,4133,41.52,domingo,2023-12-24 20:00:00,9.39,guapi
19,cauca,19318,guapi,19318013,san antonio de guajui (guapi - cauca),2023,12,11779,6664,52.49,martes,2023-12-05 19:30:00,9.1,guapi
19,cauca,19418,lópez (micay),19418038,isla de gallo (lópez de micay - cauca),2023,12,1893,734,26.75,viernes,2023-12-22 20:15:00,5.39,lópez de micay
19,cauca,19418,lópez (micay),19418009,noanamito (lópez de micay - cauca),2023,12,8189,2923,32.0,viernes,2023-12-01 19:00:00,10.33,lópez de micay
19,cauca,19418,lópez (micay),19418011,rio maya - dos quebradas (lópez de micay - cauca),2023,12,4688,1672,27.01,martes,2023-12-26 20:00:00,7.08,lópez de micay
19,cauca,19418,lópez (micay),19418012,san antonio de chuare (lópez de micay - cauca),2023,12,1074,264,42.34,viernes,2023-12-22 19:30:00,1.25,lópez de micay
19,cauca,19418,lópez (micay),19418015,san isidro (lópez de micay - cauca),2023,12,336,185,6.62,lunes,2023-12-04 18:30:00,2.11,lópez de micay
19,cauca,19418,lópez (micay),19418019,zaragoza (lópez de micay - cauca),2023,12,6482,2266,60.61,sábado,2023-12-09 19:00:00,5.17,lópez de micay
19,cauca,19809,timbiquí,19809014,chacon (timbiquí - cauca),2023,12,4330,1276,25.34,sábado,2023-12-02 18:45:00,7.11,timbiquí
19,cauca,19809,timbiquí,19809010,comunidad de chete (timbiquí - cauca),2023,12,4824,1952,40.51,sábado,2023-12-30 06:30:00,6.68,timbiquí
19,cauca,19809,timbiquí,19809003,coteje (timbiquí - cauca),2023,12,6198,4496,30.4,viernes,2023-12-15 20:15:00,8.11,timbiquí
19,cauca,19809,timbiquí,19809026,los brazos (timbiquí - cauca),2023,12,7459,3409,36.91,sábado,2023-12-16 19:45:00,7.56,timbiquí
19,cauca,19809,timbiquí,19809023,puerto saija (timbiquí - cauca),2023,12,27403,9243,182.86,domingo,2023-12-24 20:30:00,6.15,timbiquí
19,cauca,19809,timbiquí,19809007,san jose (timbiquí - cauca),2023,12,7195,4792,38.54,viernes,2023-12-15 18:45:00,24.0,timbiquí
19,cauca,19809,timbiquí,19809009,santa rosa de saija (timbiquí - cauca),2023,12,3561,1060,20.3,sábado,2023-12-02 19:15:00,7.57,timbiquí
27,chocó,27006,acandí,27006000,acandí (acandí - chocó),2023,12,763985,225386,1559.01,martes,2023-12-12 21:30:00,19.33,acandí
27,chocó,27006,acandí,27006007,san francisco (acandí - chocó),2023,12,17019,7527,85.78,domingo,2023-12-31 19:00:00,8.45,acandí
27,chocó,27025,alto baudó,27025000,ciudad baudo - pie de pato (alto baudo - chocó),2023,12,52554,19319,115.63,miércoles,2023-12-27 12:00:00,23.59,alto baudo
27,chocó,27075,bahía solano,27075000,ciudad mutis (bahía solano - chocó),2023,12,796221,251852,1571.68,viernes,2023-12-22 10:00:00,23.44,bahía solano
27,chocó,27075,bahía solano,27075001,cupica (bahía solano - chocó),2023,12,74835,25296,157.63,martes,2023-12-05 19:15:00,23.53,bahía solano
27,chocó,27075,bahía solano,27075002,el valle (bahía solano - chocó),2023,12,192179,70932,362.21,viernes,2023-12-22 19:15:00,23.54,bahía solano
27,chocó,27077,bajo baudó,27077008,orpua (bajo baudó - chocó),2023,12,1117,325,6.35,viernes,2023-12-15 18:00:00,9.02,bajo baudó
27,chocó,27077,bajo baudó,27077000,pizarro (bajo baudó - chocó),2023,12,235973,100121,473.09,domingo,2023-12-10 18:30:00,2.03,bajo baudó
27,chocó,27077,bajo baudó,27077016,siviru (bajo baudó - chocó),2023,12,8992,3330,42.96,domingo,2023-12-31 19:30:00,9.42,bajo baudó
27,chocó,27077,bajo baudó,27077019,virudo (bajo baudó - chocó),2023,12,7127,3144,30.73,miércoles,2023-12-27 21:00:00,9.45,bajo baudó
27,chocó,27099,bojayá,27099005,napipi (bojayá - chocó),2023,12,11590,3853,67.2,domingo,2023-12-24 13:00:00,7.34,bojayá
27,chocó,27250,el litoral del san juan,27250023,papayo (el litoral del san juan - chocó),2023,12,6850,2152,18.29,sábado,2023-12-02 19:15:00,22.23,el litoral del san juan
27,chocó,27250,el litoral del san juan,27250913,san bernardo burujon (el litoral del san juan - chocó),2023,12,2722,1946,11.36,jueves,2023-12-28 19:15:00,18.0,el litoral del san juan
27,chocó,27250,el litoral del san juan,27250000,santa genoveva de docordo (el litoral del san juan - chocó),2023,12,79851,40738,212.39,lunes,2023-12-04 12:30:00,15.35,el litoral del san juan
27,chocó,27361,istmina,27361023,potedó (istmina - chocó),2023,12,4772,3002,12.01,sábado,2023-12-09 19:15:00,19.12,istmina
27,chocó,27361,istmina,27361048,union choco (istmina - chocó),2023,12,2235,838,11.1,miércoles,2023-12-06 13:30:00,18.24,istmina
27,chocó,27372,juradó,27372000,jurado (jurado - chocó),2023,12,192805,64716,353.92,martes,2023-12-05 19:30:00,23.57,jurado
27,chocó,27425,medio atrato,27425000,bete (medio atrato - chocó),2023,12,14940,8810,56.0,martes,2023-12-05 11:45:00,12.36,medio atrato
27,chocó,27425,medio atrato,27425008,san roque (medio atrato - chocó),2023,12,0,0,0.0,viernes,2023-12-01 00:00:00,0.0,medio atrato
27,chocó,27450,medio san juan,27450019,unión waunaán (medio san juan - chocó),2023,12,6284,1378,18.21,martes,2023-12-26 19:15:00,20.53,medio san juan
27,chocó,27491,novita,27491004,juntas de tamana (novita - chocó),2023,12,3855,1540,10.61,viernes,2023-12-22 18:45:00,19.28,novita
27,chocó,27495,nuquí,27495011,comunidad de puerto jagua (nuquí - chocó),2023,12,685,319,5.95,sábado,2023-12-09 20:45:00,5.19,nuquí
27,chocó,27001,quibdó,27001029,tagachi (quibdó - chocó),2023,12,6427,2574,46.61,sábado,2023-12-30 19:30:00,5.54,quibdó
27,chocó,27615,riosucio,27615011,san jose tamboral (riosucio - chocó),2023,12,1293,501,4.59,lunes,2023-12-25 18:45:00,11.37,riosucio
27,chocó,27800,unguía,27800001,balboa (unguía - chocó),2023,12,13889,5314,83.14,domingo,2023-12-24 19:45:00,6.49,unguía
27,chocó,27800,unguía,27800005,titumate (unguía - chocó),2023,12,16144,3851,85.01,viernes,2023-12-31 20:00:00,8.11,unguía
27,chocó,27800,unguía,27800000,unguía (unguía - chocó),2023,12,471749,154056,967.82,miércoles,2023-12-13 19:00:00,21.39,unguía
94,guainía,94343,barrancominas,94343000,barranco minas (barranco minas - guainía),2023,12,86025,24132,221.15,jueves,2023-12-07 09:00:00,16.45,barranco minas
94,guainía,94001,inírida,94001000,inírida (inírida - guainía),2023,12,2355100,701469,4245.12,jueves,2023-12-21 17:45:00,24.0,inírida
94,guainía,94001,inírida,94001966,laguna colorada alta (inírida - guainía),2023,12,8604,226,24.38,lunes,2023-12-04 18:30:00,16.4,inírida
95,guaviare,95200,miraflores,95200000,miraflores (miraflores - guaviare),2023,12,89286,28790,222.2,jueves,2023-12-21 18:15:00,18.19,miraflores
44,la guajira,44847,uribia,44847003,cabo de la vela (uribia - la guajira),2023,12,64933,3166,152.15,miércoles,2023-12-27 20:00:00,22.5,uribia
47,magdalena,47189,ciénaga,47189018,palmor (ciénaga - magdalena),2023,12,113035,45923,207.04,sábado,2023-12-16 18:30:00,23.44,ciénaga
50,meta,50325,mapiripán,50325000,mapiripan (mapiripan - meta),2023,12,189964,65139,355.08,jueves,2023-12-21 18:15:00,23.55,mapiripan
52,nariño,52250,el charco,52250016,alteron - uribe uribe (el charco - nariño),2023,12,0,0,0.0,viernes,2023-12-01 00:00:00,0.0,el charco
52,nariño,52250,el charco,52250023,bazan (el charco - nariño),2023,12,4888,2238,91.2,domingo,2023-12-03 20:15:00,2.15,el charco
52,nariño,52250,el charco,52250003,bolivar - san pedro (el charco - nariño),2023,12,522,485,24.35,sábado,2023-12-23 21:00:00,0.57,el charco
52,nariño,52250,el charco,52250022,el cuil pueblo nuevo (el charco - nariño),2023,12,7301,3195,30.58,viernes,2023-12-22 15:45:00,9.07,el charco
52,nariño,52250,el charco,52250005,las mercedes (el charco - nariño),2023,12,1397,617,9.73,miércoles,2023-12-20 20:00:00,6.11,el charco
52,nariño,52250,el charco,52250007,san jose del tapaje (el charco - nariño),2023,12,11398,2932,64.0,sábado,2023-12-09 19:00:00,8.02,el charco
52,nariño,52390,la tola,52390013,amarales (la tola - nariño),2023,12,10799,2676,48.99,domingo,2023-12-24 19:15:00,10.04,la tola
52,nariño,52390,la tola,52390003,la vigia de la mar (la tola - nariño),2023,12,7303,2440,38.76,martes,2023-12-05 11:30:00,9.2,la tola
52,nariño,52390,la tola,52390009,mulatos (la tola - nariño),2023,12,4458,2902,28.38,miércoles,2023-12-20 18:00:00,7.54,la tola
52,nariño,52490,olaya herrera,52490913,boca de prieta (olaya herrera - nariño),2023,12,2999,902,14.59,miércoles,2023-12-20 18:00:00,7.4,olaya herrera
52,nariño,52835,san andrés de tumaco,52835055,bocas de curay (san andrés de tumaco - nariño),2023,12,8920,3167,52.8,sábado,2023-12-16 19:00:00,7.23,san andrés de tumaco
52,nariño,52835,san andrés de tumaco,52835217,san juan de la costa (san andrés de tumaco - nariño),2023,12,21091,8106,105.6,martes,2023-12-26 19:15:00,8.46,san andrés de tumaco
52,nariño,52696,santa bárbara,52696014,la ensenada (santa bárbara - nariño),2023,12,3894,4487,22.08,lunes,2023-12-18 17:45:00,6.5,santa bárbara
76,valle del cauca,76109,buenaventura,76109957,humanes mar (buenaventura - valle del cauca),2023,12,6089,1628,28.71,viernes,2023-12-22 10:45:00,11.16,buenaventura
76,valle del cauca,76109,buenaventura,76109028,puerto merizalde (buenaventura - valle del cauca),2023,12,96818,36328,213.49,viernes,2023-12-01 19:30:00,21.49,buenaventura
76,valle del cauca,76109,buenaventura,76109032,san francisco naya (buenaventura - valle del cauca),2023,12,6578,3292,33.18,sábado,2023-12-23 12:30:00,8.09,buenaventura
76,valle del cauca,76109,buenaventura,76109034,san isidro - calima (buenaventura - valle del cauca),2023,12,1111,343,11.18,domingo,2023-12-31 20:15:00,4.4,buenaventura
97,vaupés,97161,carurú,97161000,carurú (carurú - vaupés),2023,12,22348,7080,91.61,lunes,2023-12-04 18:15:00,10.39,carurú
97,vaupés,97001,mitú,97001000,mitú (mitú - vaupés),2023,12,1465714,373389,3069.94,miércoles,2023-12-20 12:00:00,23.54,mitú
97,vaupés,97666,taraira,97666000,taraira (taraira - vaupés),2023,12,34421,10138,123.02,viernes,2023-12-01 13:15:00,11.2,taraira
99,vichada,99001,puerto carreño,99001000,puerto carreño (puerto carreño - vichada),2023,12,2874441,848376,5111.04,miércoles,2023-12-20 14:30:00,23.57,puerto carreño
91,amazonas,91001,leticia,91001000,leticia (leticia - amazonas),2023,12,4078624,1067413,8281.79,miércoles,2023-12-20 15:15:00,24.0,leticia
91,amazonas,91001,leticia,91001000,leticia (leticia - amazonas),2024,1,4059524,1044021,7581.08,miércoles,2024-01-03 14:30:00,24.0,leticia
05,antioquia,05873,vigía del fuerte,05873010,la playa murri  (vigía del fuerte - antioquia),2024,1,5137,2908,26.01,domingo,2024-01-28 18:45:00,8.53,vigía del fuerte
05,antioquia,05873,vigía del fuerte,05873013,loma murri (vigía del fuerte - antioquia),2024,1,6070,2216,28.56,domingo,2024-01-28 14:45:00,8.16,vigía del fuerte
88,archipiélago de san andrés y providencia,88564,providencia,88564000,providencia (providencia - archipiélago de san andrés y providencia ),2024,1,1209660,254221,2028.26,jueves,2024-01-04 21:30:00,23.57,providencia
88,"archipiélago de san andrés, providencia y santa catalina",88001,san andrés,88001000,san andrés (san andrés - archipiélago de san andrés y providencia),2024,1,19289185,5435213,25627.81,lunes,2024-01-15 15:45:00,23.59,san andrés
13,bolívar,13001,cartagena de indias,13001007,isla fuerte (cartagena de indias - bolívar),2024,1,57124,25836,280.52,viernes,2024-01-05 19:00:00,9.44,cartagena de indias
13,bolívar,13001,cartagena de indias,13001037,isla mucura (cartagena de indias - bolívar),2024,1,7245,2832,23.97,domingo,2024-01-07 05:30:00,12.0,cartagena de indias
13,bolívar,13001,cartagena de indias,13001017,santa cruz del islote (cartagena de indias - bolívar),2024,1,2051,740,41.06,lunes,2024-01-29 22:15:00,1.51,cartagena de indias
18,caquetá,18150,cartagena del chairá,18150001,remolino del caguan (cartagena del chaira - caquetá),2024,1,17412,6532,96.36,sábado,2024-01-27 19:45:00,7.34,cartagena del chaira
18,caquetá,18150,cartagena del chairá,18150002,santa fe del caguan (cartagena del chaira - caquetá),2024,1,4322,1966,41.32,miércoles,2024-01-31 19:15:00,4.13,cartagena del chaira
18,caquetá,18753,san vicente del caguán,18753002,guacamayas (san vicente del caguán - caquetá),2024,1,0,0,0.0,lunes,2024-01-01 00:00:00,0.0,san vicente del caguán
18,caquetá,18753,san vicente del caguán,18753009,puerto betania (san vicente del caguán - caquetá),2024,1,12,5,20.92,martes,2024-01-30 13:30:00,1.0,san vicente del caguán
18,caquetá,18753,san vicente del caguán,18753033,villa lobos (san vicente del caguán - caquetá),2024,1,11458,4545,69.97,miércoles,2024-01-17 19:30:00,6.26,san vicente del caguán
19,cauca,19318,guapi,19318008,limones (guapi - cauca),2024,1,9374,4150,42.73,lunes,2024-01-15 19:45:00,9.39,guapi
19,cauca,19318,guapi,19318013,san antonio de guajui (guapi - cauca),2024,1,11279,6561,50.77,viernes,2024-01-26 19:45:00,9.13,guapi
19,cauca,19418,lópez (micay),19418033,boca grande (lópez de micay - cauca),2024,1,3845,837,28.84,miércoles,2024-01-03 19:30:00,5.24,lópez de micay
19,cauca,19418,lópez (micay),19418038,isla de gallo (lópez de micay - cauca),2024,1,2762,1281,35.14,viernes,2024-01-26 19:15:00,4.22,lópez de micay
19,cauca,19418,lópez (micay),19418009,noanamito (lópez de micay - cauca),2024,1,7653,2786,32.0,sábado,2024-01-13 19:15:00,10.23,lópez de micay
19,cauca,19418,lópez (micay),19418011,rio maya - dos quebradas (lópez de micay - cauca),2024,1,4199,1449,31.36,viernes,2024-01-26 19:15:00,6.1,lópez de micay
19,cauca,19418,lópez (micay),19418012,san antonio de chuare (lópez de micay - cauca),2024,1,2504,660,47.78,viernes,2024-01-26 18:45:00,2.33,lópez de micay
19,cauca,19418,lópez (micay),19418015,san isidro (lópez de micay - cauca),2024,1,627,364,6.91,miércoles,2024-01-24 19:00:00,3.54,lópez de micay
19,cauca,19418,lópez (micay),19418019,zaragoza (lópez de micay - cauca),2024,1,4771,1732,44.9,sábado,2024-01-27 20:00:00,4.03,lópez de micay
19,cauca,19809,timbiquí,19809014,chacon (timbiquí - cauca),2024,1,3302,970,24.26,martes,2024-01-30 20:30:00,5.32,timbiquí
19,cauca,19809,timbiquí,19809003,coteje (timbiquí - cauca),2024,1,5626,4207,27.76,lunes,2024-01-22 20:45:00,7.38,timbiquí
19,cauca,19809,timbiquí,19809026,los brazos (timbiquí - cauca),2024,1,6938,3231,37.54,domingo,2024-01-07 19:30:00,7.17,timbiquí
19,cauca,19809,timbiquí,19809023,puerto saija (timbiquí - cauca),2024,1,21638,7454,173.36,lunes,2024-01-29 20:30:00,5.04,timbiquí
19,cauca,19809,timbiquí,19809007,san jose (timbiquí - cauca),2024,1,6927,4754,36.0,martes,2024-01-09 19:30:00,7.33,timbiquí
19,cauca,19809,timbiquí,19809009,santa rosa de saija (timbiquí - cauca),2024,1,2661,776,18.82,miércoles,2024-01-31 19:00:00,6.06,timbiquí
27,chocó,27006,acandí,27006000,acandí (acandí - chocó),2024,1,648455,192270,1592.98,jueves,2024-01-25 22:00:00,18.45,acandí
27,chocó,27006,acandí,27006003,capurgana (acandí - chocó),2024,1,0,0,0.0,lunes,2024-01-01 00:00:00,0.0,acandí
27,chocó,27006,acandí,27006007,san francisco (acandí - chocó),2024,1,16630,7375,94.46,viernes,2024-01-05 20:15:00,8.21,acandí
27,chocó,27025,alto baudó,27025000,ciudad baudo - pie de pato (alto baudo - chocó),2024,1,54620,18968,123.9,martes,2024-01-23 12:00:00,23.52,alto baudo
27,chocó,27025,alto baudó,27025034,playita catru (alto baudo - chocó),2024,1,684,103,5.39,domingo,2024-01-28 18:45:00,5.04,alto baudo
27,chocó,27075,bahía solano,27075000,ciudad mutis (bahía solano - chocó),2024,1,876676,274747,1676.4,martes,2024-01-16 10:30:00,23.47,bahía solano
27,chocó,27075,bahía solano,27075001,cupica (bahía solano - chocó),2024,1,74924,23948,158.46,lunes,2024-01-22 12:00:00,23.55,bahía solano
27,chocó,27075,bahía solano,27075002,el valle (bahía solano - chocó),2024,1,199559,72523,381.48,martes,2024-01-16 19:15:00,23.31,bahía solano
27,chocó,27077,bajo baudó,27077008,orpua (bajo baudó - chocó),2024,1,1148,357,7.41,miércoles,2024-01-24 18:45:00,8.36,bajo baudó
27,chocó,27077,bajo baudó,27077000,pizarro (bajo baudó - chocó),2024,1,247062,98417,486.29,miércoles,2024-01-31 20:15:00,22.29,bajo baudó
27,chocó,27077,bajo baudó,27077016,siviru (bajo baudó - chocó),2024,1,6390,2224,46.36,sábado,2024-01-13 11:30:00,6.33,bajo baudó
27,chocó,27077,bajo baudó,27077019,virudo (bajo baudó - chocó),2024,1,6200,2346,30.3,viernes,2024-01-26 20:00:00,8.28,bajo baudó
27,chocó,27099,bojayá,27099005,napipi (bojayá - chocó),2024,1,12828,4209,67.2,jueves,2024-01-25 20:15:00,8.08,bojayá
27,chocó,27250,el litoral del san juan,27250023,papayo (el litoral del san juan - chocó),2024,1,3442,1060,17.72,miércoles,2024-01-17 19:00:00,7.2,el litoral del san juan
27,chocó,27250,el litoral del san juan,27250913,san bernardo burujon (el litoral del san juan - chocó),2024,1,2547,4539,10.69,domingo,2024-01-14 23:15:00,10.15,el litoral del san juan
27,chocó,27250,el litoral del san juan,27250000,santa genoveva de docordo (el litoral del san juan - chocó),2024,1,88631,43871,247.37,domingo,2024-01-28 19:15:00,15.43,el litoral del san juan
27,chocó,27361,istmina,27361023,potedó (istmina - chocó),2024,1,2581,1481,12.43,domingo,2024-01-28 18:30:00,8.39,istmina
27,chocó,27361,istmina,27361048,union choco (istmina - chocó),2024,1,1358,519,6.35,domingo,2024-01-07 20:15:00,3.39,istmina
27,chocó,27372,juradó,27372000,jurado (jurado - chocó),2024,1,184421,64789,338.88,lunes,2024-01-22 16:00:00,23.55,jurado
27,chocó,27425,medio atrato,27425000,bete (medio atrato - chocó),2024,1,7220,3588,60.0,jueves,2024-01-25 19:45:00,5.22,medio atrato
27,chocó,27425,medio atrato,27425008,san roque (medio atrato - chocó),2024,1,0,0,0.17,martes,2024-01-23 16:00:00,0.0,medio atrato
27,chocó,27450,medio san juan,27450019,unión waunaán (medio san juan - chocó),2024,1,2028,431,16.86,lunes,2024-01-29 19:00:00,4.43,medio san juan
27,chocó,27491,novita,27491004,juntas de tamana (novita - chocó),2024,1,1160,411,12.18,sábado,2024-01-13 18:45:00,4.23,novita
27,chocó,27495,nuquí,27495011,comunidad de puerto jagua (nuquí - chocó),2024,1,939,356,5.33,martes,2024-01-02 19:45:00,7.15,nuquí
27,chocó,27001,quibdó,27001029,tagachi (quibdó - chocó),2024,1,5787,2158,47.66,miércoles,2024-01-03 19:30:00,5.04,quibdó
27,chocó,27615,riosucio,27615011,san jose tamboral (riosucio - chocó),2024,1,689,264,3.95,martes,2024-01-16 19:30:00,4.39,riosucio
27,chocó,27800,unguía,27800001,balboa (unguía - chocó),2024,1,26737,10445,91.78,sábado,2024-01-27 20:45:00,12.18,unguía
27,chocó,27800,unguía,27800005,titumate (unguía - chocó),2024,1,17639,4068,90.29,lunes,2024-01-08 20:45:00,8.36,unguía
27,chocó,27800,unguía,27800000,unguía (unguía - chocó),2024,1,480145,158137,956.74,viernes,2024-01-26 21:30:00,22.09,unguía
94,guainía,94343,barrancominas,94343000,barranco minas (barranco minas - guainía),2024,1,84069,23303,214.33,lunes,2024-01-29 13:30:00,16.28,barranco minas
94,guainía,94001,inírida,94001000,inírida (inírida - guainía),2024,1,2431172,717693,4313.76,miércoles,2024-01-31 14:45:00,24.0,inírida
94,guainía,94001,inírida,94001966,laguna colorada alta (inírida - guainía),2024,1,7973,286,26.33,martes,2024-01-02 18:15:00,15.43,inírida
95,guaviare,95200,miraflores,95200000,miraflores (miraflores - guaviare),2024,1,89540,27803,222.64,sábado,2024-01-27 19:30:00,18.06,miraflores
44,la guajira,44847,uribia,44847003,cabo de la vela (uribia - la guajira),2024,1,49224,2096,179.7,miércoles,2024-01-03 19:15:00,12.52,uribia
47,magdalena,47189,ciénaga,47189018,palmor (ciénaga - magdalena),2024,1,105706,40062,191.3,domingo,2024-01-31 18:30:00,23.42,ciénaga
50,meta,50325,mapiripán,50325000,mapiripan (mapiripan - meta),2024,1,187911,66356,356.4,martes,2024-01-07 18:45:00,24.0,mapiripan
52,nariño,52250,el charco,52250016,alteron - uribe uribe (el charco - nariño),2024,1,114,61,6.0,domingo,2024-01-23 19:00:00,0.42,el charco
52,nariño,52250,el charco,52250023,bazan (el charco - nariño),2024,1,0,0,0.0,lunes,2024-01-28 11:00:00,0.0,el charco
52,nariño,52250,el charco,52250003,bolivar - san pedro (el charco - nariño),2024,1,437,439,24.38,domingo,2024-01-01 00:00:00,0.46,el charco
52,nariño,52250,el charco,52250022,el cuil pueblo nuevo (el charco - nariño),2024,1,5422,2374,30.69,viernes,2024-01-19 17:45:00,6.53,el charco
52,nariño,52250,el charco,52250005,las mercedes (el charco - nariño),2024,1,580,193,9.25,martes,2024-01-02 20:15:00,2.45,el charco
52,nariño,52250,el charco,52250007,san jose del tapaje (el charco - nariño),2024,1,10054,2430,56.0,martes,2024-01-02 19:45:00,7.15,el charco
52,nariño,52390,la tola,52390013,amarales (la tola - nariño),2024,1,10608,2754,47.14,sábado,2024-01-06 20:00:00,10.05,la tola
52,nariño,52390,la tola,52390003,la vigia de la mar (la tola - nariño),2024,1,8291,2795,41.68,miércoles,2024-01-17 11:30:00,10.37,la tola
52,nariño,52390,la tola,52390009,mulatos (la tola - nariño),2024,1,4140,2844,25.47,lunes,2024-01-29 19:15:00,7.23,la tola
52,nariño,52490,olaya herrera,52490913,boca de prieta (olaya herrera - nariño),2024,1,2544,748,14.54,miércoles,2024-01-17 18:45:00,6.31,olaya herrera
52,nariño,52835,san andrés de tumaco,52835055,bocas de curay (san andrés de tumaco - nariño),2024,1,1845,538,45.6,miércoles,2024-01-03 18:30:00,1.4,san andrés de tumaco
52,nariño,52835,san andrés de tumaco,52835217,san juan de la costa (san andrés de tumaco - nariño),2024,1,12187,4369,121.6,miércoles,2024-01-10 19:00:00,4.42,san andrés de tumaco
52,nariño,52696,santa bárbara,52696014,la ensenada (santa bárbara - nariño),2024,1,3661,4293,22.27,lunes,2024-01-29 19:15:00,6.4,santa bárbara
76,valle del cauca,76109,buenaventura,76109957,humanes mar (buenaventura - valle del cauca),2024,1,4912,1317,27.48,martes,2024-01-02 10:30:00,8.0,buenaventura
76,valle del cauca,76109,buenaventura,76109028,puerto merizalde (buenaventura - valle del cauca),2024,1,94958,33285,205.57,miércoles,2024-01-17 19:45:00,20.16,buenaventura
76,valle del cauca,76109,buenaventura,76109032,san francisco naya (buenaventura - valle del cauca),2024,1,6881,3526,35.71,miércoles,2024-01-10 11:45:00,8.14,buenaventura
76,valle del cauca,76109,buenaventura,76109034,san isidro - calima (buenaventura - valle del cauca),2024,1,1517,438,12.01,viernes,2024-01-26 18:45:00,5.36,buenaventura
97,vaupés,97161,carurú,97161000,carurú (carurú - vaupés),2024,1,22656,5947,79.9,lunes,2024-01-29 19:00:00,12.03,carurú
97,vaupés,97001,mitú,97001000,mitú (mitú - vaupés),2024,1,1510908,400758,3151.93,lunes,2024-01-29 12:00:00,24.0,mitú
97,vaupés,97666,taraira,97666000,taraira (taraira - vaupés),2024,1,35739,10778,120.74,viernes,2024-01-26 12:15:00,12.26,taraira
99,vichada,99001,puerto carreño,99001000,puerto carreño (puerto carreño - vichada),2024,1,2797794,853150,5042.4,miércoles,2024-01-31 14:45:00,23.59,puerto carreño
91,amazonas,91001,leticia,91001000,leticia (leticia - amazonas),2024,2,3993527,1008304,8507.11,viernes,2024-02-23 14:45:00,24.0,leticia
05,antioquia,05873,vigía del fuerte,05873010,la playa murri  (vigía del fuerte - antioquia),2024,2,5127,2848,25.79,domingo,2024-02-25 16:15:00,8.4,vigía del fuerte
05,antioquia,05873,vigía del fuerte,05873013,loma murri (vigía del fuerte - antioquia),2024,2,5958,2113,28.12,sábado,2024-02-24 20:15:00,8.39,vigía del fuerte
88,archipiélago de san andrés y providencia,88564,providencia,88564000,providencia (providencia - archipiélago de san andrés y providencia ),2024,2,1041729,226008,1914.55,domingo,2024-02-18 21:30:00,24.0,providencia
13,bolívar,13001,cartagena de indias,13001007,isla fuerte (cartagena de indias - bolívar),2024,2,63517,30203,225.98,sábado,2024-02-17 22:45:00,12.36,cartagena de indias
13,bolívar,13001,cartagena de indias,13001037,isla mucura (cartagena de indias - bolívar),2024,2,5309,2189,22.37,lunes,2024-02-19 21:30:00,10.51,cartagena de indias
13,bolívar,13001,cartagena de indias,13001017,santa cruz del islote (cartagena de indias - bolívar),2024,2,12401,4377,45.18,domingo,2024-02-18 23:00:00,11.19,cartagena de indias
18,caquetá,18150,cartagena del chairá,18150001,remolino del caguan (cartagena del chaira - caquetá),2024,2,16666,6033,95.86,sábado,2024-02-24 18:45:00,7.31,cartagena del chaira
18,caquetá,18150,cartagena del chairá,18150002,santa fe del caguan (cartagena del chaira - caquetá),2024,2,3921,1769,42.76,jueves,2024-02-29 19:00:00,3.53,cartagena del chaira
18,caquetá,18753,san vicente del caguán,18753002,guacamayas (san vicente del caguán - caquetá),2024,2,6837,2806,33.07,viernes,2024-02-23 19:15:00,11.09,san vicente del caguán
18,caquetá,18753,san vicente del caguán,18753033,villa lobos (san vicente del caguán - caquetá),2024,2,13116,5162,86.21,viernes,2024-02-23 19:00:00,7.27,san vicente del caguán
19,cauca,19318,guapi,19318008,limones (guapi - cauca),2024,2,7942,3614,41.74,miércoles,2024-02-28 19:30:00,8.55,guapi
19,cauca,19318,guapi,19318013,san antonio de guajui (guapi - cauca),2024,2,10657,6000,53.98,jueves,2024-02-22 19:45:00,8.5,guapi
19,cauca,19418,lópez (micay),19418033,boca grande (lópez de micay - cauca),2024,2,3509,785,28.16,domingo,2024-02-18 20:30:00,5.19,lópez de micay
19,cauca,19418,lópez (micay),19418038,isla de gallo (lópez de micay - cauca),2024,2,3386,1706,27.42,jueves,2024-02-22 19:15:00,5.21,lópez de micay
19,cauca,19418,lópez (micay),19418009,noanamito (lópez de micay - cauca),2024,2,7300,2746,32.0,jueves,2024-02-01 19:30:00,10.21,lópez de micay
19,cauca,19418,lópez (micay),19418011,rio maya - dos quebradas (lópez de micay - cauca),2024,2,3041,1046,32.77,viernes,2024-02-16 18:30:00,4.13,lópez de micay
19,cauca,19418,lópez (micay),19418012,san antonio de chuare (lópez de micay - cauca),2024,2,4701,1407,48.8,sábado,2024-02-03 19:00:00,4.23,lópez de micay
19,cauca,19418,lópez (micay),19418015,san isidro (lópez de micay - cauca),2024,2,921,561,7.94,jueves,2024-02-22 19:30:00,5.53,lópez de micay
19,cauca,19418,lópez (micay),19418019,zaragoza (lópez de micay - cauca),2024,2,8006,2935,52.26,jueves,2024-02-29 16:15:00,6.47,lópez de micay
19,cauca,19809,timbiquí,19809014,chacon (timbiquí - cauca),2024,2,2878,662,21.41,jueves,2024-02-01 12:15:00,6.05,timbiquí
19,cauca,19809,timbiquí,19809023,puerto saija (timbiquí - cauca),2024,2,30724,10842,173.89,domingo,2024-02-04 19:15:00,7.23,timbiquí
19,cauca,19809,timbiquí,19809009,santa rosa de saija (timbiquí - cauca),2024,2,2339,644,20.35,lunes,2024-02-26 19:45:00,4.54,timbiquí
27,chocó,27006,acandí,27006000,acandí (acandí - chocó),2024,2,535704,161161,1484.56,lunes,2024-02-12 21:00:00,18.24,acandí
27,chocó,27006,acandí,27006003,capurgana (acandí - chocó),2024,2,103589,32873,365.64,domingo,2024-02-18 23:30:00,14.53,acandí
27,chocó,27025,alto baudó,27025000,ciudad baudo - pie de pato (alto baudo - chocó),2024,2,53185,18273,137.81,jueves,2024-02-15 11:45:00,23.46,alto baudo
27,chocó,27025,alto baudó,27025034,playita catru (alto baudo - chocó),2024,2,506,64,6.18,viernes,2024-02-23 18:45:00,3.49,alto baudo
27,chocó,27075,bahía solano,27075000,ciudad mutis (bahía solano - chocó),2024,2,860924,254421,1551.0,jueves,2024-02-01 19:15:00,23.58,bahía solano
27,chocó,27075,bahía solano,27075001,cupica (bahía solano - chocó),2024,2,71851,24958,164.45,viernes,2024-02-16 12:15:00,23.35,bahía solano
27,chocó,27075,bahía solano,27075002,el valle (bahía solano - chocó),2024,2,181104,65588,369.6,jueves,2024-02-08 19:30:00,23.32,bahía solano
27,chocó,27077,bajo baudó,27077008,orpua (bajo baudó - chocó),2024,2,581,377,4.42,sábado,2024-02-17 18:30:00,7.04,bajo baudó
27,chocó,27077,bajo baudó,27077000,pizarro (bajo baudó - chocó),2024,2,233770,92629,515.33,jueves,2024-02-01 18:30:00,21.5,bajo baudó
27,chocó,27077,bajo baudó,27077016,siviru (bajo baudó - chocó),2024,2,9232,3447,48.23,sábado,2024-02-17 12:00:00,10.31,bajo baudó
27,chocó,27077,bajo baudó,27077019,virudo (bajo baudó - chocó),2024,2,6239,2398,30.83,viernes,2024-02-23 19:30:00,8.58,bajo baudó
27,chocó,27099,bojayá,27099005,napipi (bojayá - chocó),2024,2,11589,3838,67.2,sábado,2024-02-24 19:15:00,7.43,bojayá
27,chocó,27250,el litoral del san juan,27250023,papayo (el litoral del san juan - chocó),2024,2,3058,959,17.47,martes,2024-02-27 19:30:00,7.08,el litoral del san juan
27,chocó,27250,el litoral del san juan,27250000,santa genoveva de docordo (el litoral del san juan - chocó),2024,2,96044,49255,239.58,sábado,2024-02-03 12:00:00,19.03,el litoral del san juan
27,chocó,27361,istmina,27361023,potedó (istmina - chocó),2024,2,2195,1324,12.06,miércoles,2024-02-21 16:45:00,8.07,istmina
27,chocó,27372,juradó,27372000,jurado (jurado - chocó),2024,2,177544,64736,339.36,jueves,2024-02-15 19:45:00,23.55,jurado
27,chocó,27425,medio atrato,27425000,bete (medio atrato - chocó),2024,2,17365,8172,64.0,viernes,2024-02-02 19:15:00,13.04,medio atrato
27,chocó,27425,medio atrato,27425008,san roque (medio atrato - chocó),2024,2,0,0,0.0,jueves,2024-02-01 00:00:00,0.0,medio atrato
27,chocó,27491,novita,27491004,juntas de tamana (novita - chocó),2024,2,907,306,11.78,martes,2024-02-13 19:45:00,3.27,novita
27,chocó,27495,nuquí,27495011,comunidad de puerto jagua (nuquí - chocó),2024,2,736,272,5.28,lunes,2024-02-05 19:15:00,6.15,nuquí
27,chocó,27001,quibdó,27001029,tagachi (quibdó - chocó),2024,2,5697,2190,52.08,jueves,2024-02-01 21:15:00,5.24,quibdó
27,chocó,27615,riosucio,27615011,san jose tamboral (riosucio - chocó),2024,2,320,109,4.57,sábado,2024-02-17 19:30:00,3.07,riosucio
27,chocó,27800,unguía,27800001,balboa (unguía - chocó),2024,2,25185,9795,93.36,domingo,2024-02-11 20:30:00,12.12,unguía
27,chocó,27800,unguía,27800005,titumate (unguía - chocó),2024,2,14757,3686,77.97,jueves,2024-02-01 20:30:00,8.37,unguía
27,chocó,27800,unguía,27800000,unguía (unguía - chocó),2024,2,429480,143086,995.81,martes,2024-02-06 20:45:00,21.33,unguía
94,guainía,94343,barrancominas,94343000,barranco minas (barranco minas - guainía),2024,2,80678,22562,253.57,jueves,2024-02-29 14:15:00,15.43,barranco minas
94,guainía,94001,inírida,94001000,inírida (inírida - guainía),2024,2,2323978,664430,4628.8,martes,2024-02-20 14:45:00,24.0,inírida
94,guainía,94001,inírida,94001966,laguna colorada alta (inírida - guainía),2024,2,8558,434,28.31,lunes,2024-02-19 18:15:00,17.21,inírida
95,guaviare,95200,miraflores,95200000,miraflores (miraflores - guaviare),2024,2,89338,27538,216.92,sábado,2024-02-24 18:45:00,18.34,miraflores
44,la guajira,44847,uribia,44847003,cabo de la vela (uribia - la guajira),2024,2,41955,2054,150.31,martes,2024-02-06 18:30:00,13.1,uribia
47,magdalena,47189,ciénaga,47189018,palmor (ciénaga - magdalena),2024,2,96593,35064,190.46,martes,2024-02-20 18:30:00,23.24,ciénaga
50,meta,50325,mapiripán,50325000,mapiripan (mapiripan - meta),2024,2,183775,62042,359.92,miércoles,2024-02-07 18:30:00,23.54,mapiripan
52,nariño,52250,el charco,52250016,alteron - uribe uribe (el charco - nariño),2024,2,476,252,8.04,lunes,2024-02-19 21:00:00,2.52,el charco
52,nariño,52250,el charco,52250023,bazan (el charco - nariño),2024,2,0,0,0.0,jueves,2024-02-01 00:00:00,0.0,el charco
52,nariño,52250,el charco,52250003,bolivar - san pedro (el charco - nariño),2024,2,395,375,27.78,miércoles,2024-02-07 19:45:00,0.5,el charco
52,nariño,52250,el charco,52250022,el cuil pueblo nuevo (el charco - nariño),2024,2,6022,2668,31.36,sábado,2024-02-17 18:45:00,8.38,el charco
52,nariño,52250,el charco,52250005,las mercedes (el charco - nariño),2024,2,380,224,11.62,jueves,2024-02-22 19:45:00,11.62,el charco
52,nariño,52250,el charco,52250007,san jose del tapaje (el charco - nariño),2024,2,10042,2310,64.0,sábado,2024-02-17 19:30:00,7.23,el charco
52,nariño,52390,la tola,52390013,amarales (la tola - nariño),2024,2,8990,2384,49.12,domingo,2024-02-25 11:45:00,8.56,la tola
52,nariño,52390,la tola,52390003,la vigia de la mar (la tola - nariño),2024,2,7904,2357,45.36,jueves,2024-02-29 11:30:00,9.45,la tola
52,nariño,52390,la tola,52390009,mulatos (la tola - nariño),2024,2,3980,2654,26.5,jueves,2024-02-29 17:45:00,7.4,la tola
52,nariño,52490,olaya herrera,52490913,boca de prieta (olaya herrera - nariño),2024,2,2448,718,16.61,domingo,2024-02-11 19:45:00,6.45,olaya herrera
52,nariño,52835,san andrés de tumaco,52835055,bocas de curay (san andrés de tumaco - nariño),2024,2,0,0,0.0,jueves,2024-02-01 00:00:00,0.0,san andrés de tumaco
52,nariño,52835,san andrés de tumaco,52835217,san juan de la costa (san andrés de tumaco - nariño),2024,2,15934,5886,118.4,miércoles,2024-02-21 19:00:00,6.36,san andrés de tumaco
52,nariño,52696,santa bárbara,52696014,la ensenada (santa bárbara - nariño),2024,2,3113,3591,21.06,viernes,2024-02-09 18:30:00,6.07,santa bárbara
76,valle del cauca,76109,buenaventura,76109957,humanes mar (buenaventura - valle del cauca),2024,2,4356,1226,27.57,domingo,2024-02-25 10:30:00,7.17,buenaventura
76,valle del cauca,76109,buenaventura,76109028,puerto merizalde (buenaventura - valle del cauca),2024,2,90741,32512,261.89,jueves,2024-02-22 20:00:00,20.5,buenaventura
76,valle del cauca,76109,buenaventura,76109032,san francisco naya (buenaventura - valle del cauca),2024,2,6620,3373,36.54,miércoles,2024-02-14 11:45:00,8.13,buenaventura
76,valle del cauca,76109,buenaventura,76109034,san isidro - calima (buenaventura - valle del cauca),2024,2,1189,385,12.7,domingo,2024-02-04 13:15:00,4.13,buenaventura
97,vaupés,97161,carurú,97161000,carurú (carurú - vaupés),2024,2,19105,4708,85.36,jueves,2024-02-08 18:30:00,10.22,carurú
97,vaupés,97001,mitú,97001000,mitú (mitú - vaupés),2024,2,1510068,381857,3240.06,lunes,2024-02-19 13:00:00,23.47,mitú
97,vaupés,97666,taraira,97666000,taraira (taraira - vaupés),2024,2,31610,9722,122.32,viernes,2024-02-23 11:30:00,11.47,taraira
99,vichada,99001,puerto carreño,99001000,puerto carreño (puerto carreño - vichada),2024,2,2702112,818783,5364.48,viernes,2024-02-16 14:00:00,24.0,puerto carreño
91,amazonas,91001,leticia,91001000,leticia (leticia - amazonas),2024,3,4194511,1068040,8216.06,viernes,2024-03-22 14:30:00,24.0,leticia
05,antioquia,05873,vigía del fuerte,05873010,la playa murri  (vigía del fuerte - antioquia),2024,3,6269,3543,24.37,miércoles,2024-03-06 18:45:00,10.32,vigía del fuerte
05,antioquia,05873,vigía del fuerte,05873013,loma murri (vigía del fuerte - antioquia),2024,3,6558,2407,28.86,sábado,2024-03-16 20:00:00,9.08,vigía del fuerte
88,archipiélago de san andrés y providencia,88001,san andrés,88001000,san andrés (san andrés - archipiélago de san andrés y providencia ),2024,3,19029216,5020582,31907.36,viernes,2024-03-22 15:45:00,24.0,san andrés
13,bolívar,13001,cartagena de indias,13001007,isla fuerte (cartagena de indias - bolívar),2024,3,62153,30531,259.98,sábado,2024-03-23 22:30:00,10.14,cartagena de indias
13,bolívar,13001,cartagena de indias,13001037,isla mucura (cartagena de indias - bolívar),2024,3,6777,2624,23.36,miércoles,2024-03-27 00:45:00,12.06,cartagena de indias
13,bolívar,13001,cartagena de indias,13001017,santa cruz del islote (cartagena de indias - bolívar),2024,3,14435,4758,48.58,miércoles,2024-03-27 23:00:00,11.3,cartagena de indias
18,caquetá,18150,cartagena del chairá,18150001,remolino del caguan (cartagena del chaira - caquetá),2024,3,20273,7357,99.35,sábado,2024-03-09 19:00:00,8.11,cartagena del chaira
18,caquetá,18150,cartagena del chairá,18150002,santa fe del caguan (cartagena del chaira - caquetá),2024,3,4382,2027,42.64,viernes,2024-03-08 19:00:00,4.11,cartagena del chaira
18,caquetá,18753,san vicente del caguán,18753002,guacamayas (san vicente del caguán - caquetá),2024,3,12113,5015,32.14,sábado,2024-03-23 19:00:00,17.53,san vicente del caguán
18,caquetá,18753,san vicente del caguán,18753033,villa lobos (san vicente del caguán - caquetá),2024,3,12240,4716,77.09,jueves,2024-03-21 19:30:00,6.38,san vicente del caguán
19,cauca,19318,guapi,19318008,limones (guapi - cauca),2024,3,10303,4638,47.0,miércoles,2024-03-20 19:30:00,10.0,guapi
19,cauca,19318,guapi,19318013,san antonio de guajui (guapi - cauca),2024,3,9341,5370,51.6,martes,2024-03-05 18:45:00,7.14,guapi
19,cauca,19418,lópez (micay),19418033,boca grande (lópez de micay - cauca),2024,3,4124,894,30.72,lunes,2024-03-11 18:45:00,5.47,lópez de micay
19,cauca,19418,lópez (micay),19418038,isla de gallo (lópez de micay - cauca),2024,3,3142,1533,27.2,miércoles,2024-03-06 18:45:00,5.36,lópez de micay
19,cauca,19418,lópez (micay),19418009,noanamito (lópez de micay - cauca),2024,3,6884,2653,36.0,sábado,2024-03-26 19:15:00,8.54,lópez de micay
19,cauca,19418,lópez (micay),19418011,rio maya - dos quebradas (lópez de micay - cauca),2024,3,4281,1619,32.58,sábado,2024-03-16 19:00:00,5.42,lópez de micay
19,cauca,19418,lópez (micay),19418012,san antonio de chuare (lópez de micay - cauca),2024,3,2408,747,45.18,domingo,2024-03-10 19:15:00,2.14,lópez de micay
19,cauca,19418,lópez (micay),19418015,san isidro (lópez de micay - cauca),2024,3,682,391,7.33,sábado,2024-03-02 19:45:00,4.23,lópez de micay
19,cauca,19418,lópez (micay),19418019,zaragoza (lópez de micay - cauca),2024,3,8894,3065,68.16,sábado,2024-03-23 19:00:00,6.14,lópez de micay
19,cauca,19809,timbiquí,19809014,chacon (timbiquí - cauca),2024,3,3961,1071,22.62,sábado,2024-03-16 20:15:00,7.27,timbiquí
19,cauca,19809,timbiquí,19809023,puerto saija (timbiquí - cauca),2024,3,32805,11419,174.24,miércoles,2024-03-06 19:15:00,7.21,timbiquí
19,cauca,19809,timbiquí,19809009,santa rosa de saija (timbiquí - cauca),2024,3,2787,760,21.05,viernes,2024-03-01 19:30:00,5.29,timbiquí
27,chocó,27006,acandí,27006000,acandí (acandí - chocó),2024,3,585650,176397,1516.06,lunes,2024-03-18 21:15:00,19.01,acandí
27,chocó,27006,acandí,27006003,capurgana (acandí - chocó),2024,3,208532,65266,808.72,domingo,2024-03-24 14:45:00,18.25,acandí
27,chocó,27025,alto baudó,27025000,ciudad baudo - pie de pato (alto baudo - chocó),2024,3,54429,19362,119.86,jueves,2024-03-21 12:00:00,23.36,alto baudo
27,chocó,27025,alto baudó,27025034,playita catru (alto baudo - chocó),2024,3,678,84,6.77,domingo,2024-03-10 18:30:00,5.05,alto baudo
27,chocó,27075,bahía solano,27075000,ciudad mutis (bahía solano - chocó),2024,3,908362,243092,1649.12,domingo,2024-03-03 19:30:00,23.58,bahía solano
27,chocó,27075,bahía solano,27075001,cupica (bahía solano - chocó),2024,3,70384,23622,155.97,lunes,2024-03-04 19:45:00,23.22,bahía solano
27,chocó,27075,bahía solano,27075002,el valle (bahía solano - chocó),2024,3,187867,66499,369.34,sábado,2024-03-30 19:15:00,23.18,bahía solano
27,chocó,27077,bajo baudó,27077008,orpua (bajo baudó - chocó),2024,3,617,393,4.53,miércoles,2024-03-27 10:30:00,6.29,bajo baudó
27,chocó,27077,bajo baudó,27077000,pizarro (bajo baudó - chocó),2024,3,187204,74625,538.56,sábado,2024-03-16 19:45:00,16.3,bajo baudó
27,chocó,27077,bajo baudó,27077016,siviru (bajo baudó - chocó),2024,3,7113,2577,43.84,sábado,2024-03-09 11:15:00,7.48,bajo baudó
27,chocó,27077,bajo baudó,27077019,virudo (bajo baudó - chocó),2024,3,6579,2205,32.15,miércoles,2024-03-06 03:15:00,8.43,bajo baudó
27,chocó,27099,bojayá,27099005,napipi (bojayá - chocó),2024,3,12730,4262,64.0,viernes,2024-03-08 19:00:00,7.56,bojayá
27,chocó,27250,el litoral del san juan,27250023,papayo (el litoral del san juan - chocó),2024,3,3677,1134,18.54,domingo,2024-03-31 19:30:00,7.29,el litoral del san juan
27,chocó,27250,el litoral del san juan,27250000,santa genoveva de docordo (el litoral del san juan - chocó),2024,3,74747,38069,249.61,viernes,2024-03-15 19:15:00,13.47,el litoral del san juan
27,chocó,27361,istmina,27361023,potedó (istmina - chocó),2024,3,2379,1459,12.68,jueves,2024-03-14 16:30:00,8.17,istmina
27,chocó,27372,juradó,27372000,jurado (jurado - chocó),2024,3,194447,68818,339.36,miércoles,2024-03-13 19:15:00,23.59,jurado
27,chocó,27425,medio atrato,27425000,bete (medio atrato - chocó),2024,3,20194,10126,76.0,viernes,2024-03-29 15:00:00,14.4,medio atrato
27,chocó,27425,medio atrato,27425008,san roque (medio atrato - chocó),2024,3,560,224,15.07,jueves,2024-03-14 20:30:00,1.39,medio atrato
27,chocó,27491,novita,27491004,juntas de tamana (novita - chocó),2024,3,2043,721,11.82,lunes,2024-03-18 19:30:00,7.51,novita
27,chocó,27495,nuquí,27495011,comunidad de puerto jagua (nuquí - chocó),2024,3,911,348,4.87,lunes,2024-03-04 20:00:00,7.28,nuquí
27,chocó,27615,riosucio,27615011,san jose tamboral (riosucio - chocó),2024,3,275,88,4.99,sábado,2024-03-02 19:00:00,2.23,riosucio
27,chocó,27800,unguía,27800001,balboa (unguía - chocó),2024,3,27561,10904,95.19,domingo,2024-03-17 20:15:00,11.52,unguía
27,chocó,27800,unguía,27800005,titumate (unguía - chocó),2024,3,16571,4362,73.39,jueves,2024-03-28 19:45:00,10.13,unguía
27,chocó,27800,unguía,27800000,unguía (unguía - chocó),2024,3,479149,159003,969.41,domingo,2024-03-17 21:00:00,22.12,unguía
94,guainía,94343,barrancominas,94343000,barranco minas (barranco minas - guainía),2024,3,93049,29052,245.76,lunes,2024-03-04 18:15:00,16.12,barranco minas
94,guainía,94001,inírida,94001000,inírida (inírida - guainía),2024,3,2416608,695342,4551.36,miércoles,2024-03-20 14:30:00,24.0,inírida
94,guainía,94001,inírida,94001966,laguna colorada alta (inírida - guainía),2024,3,9660,814,28.82,martes,2024-03-26 17:45:00,16.11,inírida
95,guaviare,95200,miraflores,95200000,miraflores (miraflores - guaviare),2024,3,100938,31688,232.76,lunes,2024-03-11 19:00:00,20.5,miraflores
44,la guajira,44847,uribia,44847003,cabo de la vela (uribia - la guajira),2024,3,44785,1620,161.33,jueves,2024-03-28 19:00:00,12.35,uribia
47,magdalena,47189,ciénaga,47189018,palmor (ciénaga - magdalena),2024,3,102799,37767,190.46,sábado,2024-03-09 19:00:00,23.07,ciénaga
50,meta,50325,mapiripán,50325000,mapiripan (mapiripan - meta),2024,3,190341,62250,368.28,miércoles,2024-03-20 18:45:00,23.58,mapiripan
52,nariño,52390,la tola,52390013,amarales (la tola - nariño),2024,3,11637,4368,54.34,domingo,2024-03-24 19:30:00,10.0,la tola
52,nariño,52390,la tola,52390003,la vigia de la mar (la tola - nariño),2024,3,5107,1714,44.76,viernes,2024-03-01 11:30:00,9.54,la tola
52,nariño,52390,la tola,52390009,mulatos (la tola - nariño),2024,3,4431,2873,28.48,viernes,2024-03-15 17:15:00,7.43,la tola
52,nariño,52490,olaya herrera,52490913,boca de prieta (olaya herrera - nariño),2024,3,2489,741,16.54,miércoles,2024-03-06 19:30:00,6.39,olaya herrera
52,nariño,52835,san andrés de tumaco,52835055,bocas de curay (san andrés de tumaco - nariño),2024,3,0,0,0.0,viernes,2024-03-01 00:00:00,0.0,san andrés de tumaco
52,nariño,52835,san andrés de tumaco,52835217,san juan de la costa (san andrés de tumaco - nariño),2024,3,16666,6257,118.4,miércoles,2024-03-20 19:15:00,6.3,san andrés de tumaco
52,nariño,52696,santa bárbara,52696014,la ensenada (santa bárbara - nariño),2024,3,3542,4018,21.41,miércoles,2024-03-13 18:45:00,6.31,santa bárbara
76,valle del cauca,76109,buenaventura,76109957,humanes mar (buenaventura - valle del cauca),2024,3,5262,1584,27.42,domingo,2024-03-17 11:30:00,8.09,buenaventura
76,valle del cauca,76109,buenaventura,76109028,puerto merizalde (buenaventura - valle del cauca),2024,3,110155,39591,231.26,miércoles,2024-03-13 19:30:00,23.5,buenaventura
05,antioquia,05873,vigía del fuerte,05873013,loma murri,2026,1,8311,4395,30066.0,domingo,2026-01-25 18:30:00,1.238,vigía del fuerte
76,valle del cauca,76109,buenaventura,76109032,san francisco naya (buenaventura - valle del cauca),2024,3,6369,2626,35.52,sábado,2024-03-16 11:45:00,7.45,buenaventura
76,valle del cauca,76109,buenaventura,76109034,san isidro - calima (buenaventura - valle del cauca),2024,3,1491,471,11.99,sábado,2024-03-23 18:30:00,5.0,buenaventura
97,vaupés,97001,mitú,97001000,mitú (mitú - vaupés),2024,3,1605179,406478,3198.41,viernes,2024-03-22 12:00:00,23.59,mitú
97,vaupés,97666,taraira,97666000,taraira (taraira - vaupés),2024,3,37011,11334,129.18,viernes,2024-03-22 12:15:00,12.24,taraira
99,vichada,99001,puerto carreño,99001000,puerto carreño (puerto carreño - vichada),2024,3,3024232,889067,5762.24,jueves,2024-03-14 21:30:00,24.0,puerto carreño
91,amazonas,91001,leticia,91001000,leticia (leticia - amazonas),2024,4,4147370,1038610,8258.75,lunes,2024-04-22 15:00:00,24.0,leticia
88,archipiélago de san andrés y providencia,88001,san andrés,88001000,san andrés (san andrés - archipiélago de san andrés y providencia ),2024,4,19198377,5010479,32457.59,jueves,2024-04-25 15:45:00,24.0,san andrés
13,bolívar,13001,cartagena de indias,13001007,isla fuerte (cartagena de indias - bolívar),2024,4,54985,26475,232.88,miércoles,2024-04-03 21:45:00,9.26,cartagena de indias
13,bolívar,13001,cartagena de indias,13001037,isla mucura (cartagena de indias - bolívar),2024,4,5570,2018,22.27,jueves,2024-04-04 22:00:00,10.11,cartagena de indias
18,caquetá,18150,cartagena del chairá,18150001,remolino del caguan (cartagena del chaira - caquetá),2024,4,16589,6816,101.93,sábado,2024-04-20 18:45:00,6.56,cartagena del chaira
18,caquetá,18150,cartagena del chairá,18150002,santa fe del caguan (cartagena del chaira - caquetá),2024,4,4744,2244,45.0,martes,2024-04-16 18:30:00,4.44,cartagena del chaira
18,caquetá,18753,san vicente del caguán,18753002,guacamayas (san vicente del caguán - caquetá),2024,4,12404,5100,353.0,domingo,2024-04-14 19:15:00,18.33,san vicente del caguán
19,cauca,19318,guapi,19318008,limones (guapi - cauca),2024,4,8950,3888,44.12,miércoles,2024-04-17 19:15:00,9.18,guapi
19,cauca,19418,lópez (micay),19418009,noanamito (lópez de micay - cauca),2024,4,5821,2549,40.0,sábado,2024-04-06 19:45:00,7.15,lópez de micay
19,cauca,19809,timbiquí,19809014,chacon (timbiquí - cauca),2024,4,3175,878,22.86,martes,2024-04-16 19:00:00,5.45,timbiquí
19,cauca,19809,timbiquí,19809023,puerto saija (timbiquí - cauca),2024,4,29149,12477,177.06,sábado,2024-04-13 19:45:00,6.38,timbiquí
19,cauca,19809,timbiquí,19809009,santa rosa de saija (timbiquí - cauca),2024,4,2844,760,20.45,miércoles,2024-04-17 19:30:00,5.44,timbiquí
27,chocó,27006,acandí,27006000,acandí (acandí - chocó),2024,4,309159,86543,777.22,viernes,2024-04-05 21:45:00,18.33,acandí
27,chocó,27006,acandí,27006003,capurgana (acandí - chocó),2024,4,235178,78695,781.44,domingo,2024-04-21 22:00:00,21.03,acandí
27,chocó,27025,alto baudó,27025000,ciudad baudo - pie de pato (alto baudo - chocó),2024,4,54397,18323,130.86,sábado,2024-04-13 12:15:00,23.56,alto baudo
27,chocó,27075,bahía solano,27075000,ciudad mutis (bahía solano - chocó),2024,4,846704,250344,1610.84,viernes,2024-04-12 19:15:00,23.45,bahía solano
27,chocó,27075,bahía solano,27075001,cupica (bahía solano - chocó),2024,4,69709,21760,167.11,lunes,2024-04-15 19:15:00,23.42,bahía solano
27,chocó,27075,bahía solano,27075002,el valle (bahía solano - chocó),2024,4,182490,67080,367.75,lunes,2024-04-01 19:30:00,23.41,bahía solano
27,chocó,27077,bajo baudó,27077008,orpua (bajo baudó - chocó),2024,4,564,344,4.56,domingo,2024-04-28 18:15:00,5.44,bajo baudó
27,chocó,27077,bajo baudó,27077016,siviru (bajo baudó - chocó),2024,4,8250,2765,42.92,miércoles,2024-04-10 18:30:00,9.16,bajo baudó
27,chocó,27099,bojayá,27099005,napipi (bojayá - chocó),2024,4,12683,4265,64.0,sábado,2024-04-21 04:00:00,8.09,bojayá
27,chocó,27250,el litoral del san juan,27250000,santa genoveva de docordo (el litoral del san juan - chocó),2024,4,36570,17070,261.89,miércoles,2024-04-06 19:00:00,6.04,el litoral del san juan
27,chocó,27372,juradó,27372000,jurado (jurado - chocó),2024,4,182517,64067,339.04,martes,2024-04-16 11:00:00,23.37,jurado
27,chocó,27425,medio atrato,27425000,bete (medio atrato - chocó),2024,4,18402,8986,64.0,martes,2024-04-09 12:30:00,12.52,medio atrato
27,chocó,27425,medio atrato,27425008,san roque (medio atrato - chocó),2024,4,1321,550,16.37,martes,2024-04-09 19:30:00,4.2,medio atrato
27,chocó,27495,nuquí,27495011,comunidad de puerto jagua (nuquí - chocó),2024,4,769,314,4.49,domingo,2024-04-07 19:30:00,7.08,nuquí
27,chocó,27800,unguía,27800001,balboa (unguía - chocó),2024,4,25147,9473,89.04,viernes,2024-04-05 21:30:00,12.04,unguía
27,chocó,27800,unguía,27800000,unguía (unguía - chocó),2024,4,467653,151591,1013.76,martes,2024-04-09 21:00:00,22.06,unguía
94,guainía,94343,barrancominas,94343000,barranco minas (barranco minas - guainía),2024,4,89115,26143,243.43,lunes,2024-04-15 19:15:00,16.18,barranco minas
94,guainía,94001,inírida,94001000,inírida (inírida - guainía),2024,4,2304966,651076,4608.56,miércoles,2024-04-10 14:15:00,23.55,inírida
95,guaviare,95200,miraflores,95200000,miraflores (miraflores - guaviare),2024,4,111542,35676,236.28,martes,2024-04-16 18:15:00,24.0,miraflores
47,magdalena,47189,ciénaga,47189018,palmor (ciénaga - magdalena),2024,4,97880,35862,181.06,sábado,2024-04-13 18:45:00,23.23,ciénaga
50,meta,50325,mapiripán,50325000,mapiripan (mapiripan - meta),2024,4,184426,59979,357.72,viernes,2024-04-12 18:30:00,23.58,mapiripan
52,nariño,52390,la tola,52390013,amarales (la tola - nariño),2024,4,6378,1822,56.1,viernes,2024-04-26 19:30:00,5.21,la tola
52,nariño,52390,la tola,52390003,la vigia de la mar (la tola - nariño),2024,4,3272,1156,22.56,sábado,2024-04-27 11:30:00,7.1,la tola
52,nariño,52390,la tola,52390009,mulatos (la tola - nariño),2024,4,4389,2609,29.73,lunes,2024-04-22 19:30:00,7.31,la tola
52,nariño,52490,olaya herrera,52490913,boca de prieta (olaya herrera - nariño),2024,4,2339,711,14.04,lunes,2024-04-01 19:00:00,6.39,olaya herrera
52,nariño,52835,san andrés de tumaco,52835217,san juan de la costa (san andrés de tumaco - nariño),2024,4,18842,6954,112.0,viernes,2024-04-05 19:00:00,7.44,san andrés de tumaco
52,nariño,52696,santa bárbara,52696014,la ensenada (santa bárbara - nariño),2024,4,3167,3441,22.85,sábado,2024-04-13 19:30:00,6.03,santa bárbara
76,valle del cauca,76109,buenaventura,76109957,humanes mar (buenaventura - valle del cauca),2024,4,3845,981,27.33,jueves,2024-04-25 19:30:00,6.2,buenaventura
76,valle del cauca,76109,buenaventura,76109028,puerto merizalde (buenaventura - valle del cauca),2024,4,101932,36728,207.33,martes,2024-04-09 20:30:00,22.59,buenaventura
76,valle del cauca,76109,buenaventura,76109032,san francisco naya (buenaventura - valle del cauca),2024,4,6325,2599,33.63,sábado,2024-04-27 11:45:00,8.07,buenaventura
97,vaupés,97001,mitú,97001000,mitú (mitú - vaupés),2024,4,1603421,394491,3266.78,lunes,2024-04-15 13:15:00,23.59,mitú
97,vaupés,97666,taraira,97666000,taraira (taraira - vaupés),2024,4,36155,11045,124.08,lunes,2024-04-15 18:45:00,12.24,taraira
99,vichada,99001,puerto carreño,99001000,puerto carreño (puerto carreño - vichada),2024,4,2671091,720002,5441.92,miércoles,2024-04-10 13:45:00,24.0,puerto carreño
18,caquetá,18150,cartagena del chairá,18150001,remolino del caguan (cartagena del chaira - caquetá),2024,5,18848,8450,105.92,sábado,2024-05-11 19:30:00,7.4,cartagena del chaira
18,caquetá,18150,cartagena del chairá,18150002,santa fe del caguan (cartagena del chaira - caquetá),2024,5,4355,1963,40.0,viernes,2024-05-24 18:30:00,4.21,cartagena del chaira
18,caquetá,18753,san vicente del caguán,18753002,guacamayas (san vicente del caguán - caquetá),2024,5,8538,3679,34.37,lunes,2024-05-13 18:45:00,12.26,san vicente del caguán
19,cauca,19318,guapi,19318008,limones (guapi - cauca),2024,5,8580,3745,42.96,miércoles,2024-05-29 19:15:00,8.45,guapi
19,cauca,19318,guapi,19318013,san antonio de guajui (guapi - cauca),2024,5,10561,6131,52.54,viernes,2024-05-31 19:45:00,8.27,guapi
19,cauca,19418,lópez (micay),19418009,noanamito (lópez de micay - cauca),2024,5,7935,3763,36.0,domingo,2024-05-26 19:00:00,10.36,lópez de micay
91,amazonas,91540,puerto nariño,91540000,puerto nariño (puerto nariño - amazonas),2024,5,132215,41907,286.4,jueves,2024-05-23 18:00:00,24.0,puerto nariño
91,amazonas,91798,tarapaca (anm),91798000,tarapaca (tarapaca (anm) - amazonas),2024,5,28132,12662,102.6,viernes,2024-05-03 18:30:00,10.16,tarapaca (anm)
05,antioquia,05873,vigía del fuerte,05873010,la playa murri  (vigía del fuerte - antioquia),2024,5,2686,1110,27.46,martes,2024-05-21 19:45:00,4.19,vigía del fuerte
88,archipiélago de san andrés y providencia,88564,providencia,88564000,providencia (providencia - archipiélago de san andrés y providencia ),2024,5,1331271,284638,2190.28,viernes,2024-05-10 15:00:00,23.59,providencia
13,bolívar,13001,cartagena de indias,13001007,isla fuerte (cartagena de indias - bolívar),2024,5,64368,30561,247.59,sábado,2024-05-18 22:00:00,10.9,cartagena de indias
13,bolívar,13001,cartagena de indias,13001017,santa cruz del islote (cartagena de indias - bolívar),2024,5,13543,4513,52.58,jueves,2024-05-16 21:00:00,10.2,cartagena de indias
19,cauca,19809,timbiquí,19809014,chacon (timbiquí - cauca),2024,5,4286,1264,31.25,lunes,2024-05-06 20:00:00,7.58,timbiquí
19,cauca,19809,timbiquí,19809010,comunidad de chete (timbiquí - cauca),2024,5,4502,1728,50.4,martes,2024-05-27 07:00:00,5.54,timbiquí
19,cauca,19809,timbiquí,19809003,coteje (timbiquí - cauca),2024,5,5778,4333,28.4,martes,2024-05-28 20:45:00,7.56,timbiquí
19,cauca,19809,timbiquí,19809026,los brazos (timbiquí - cauca),2024,5,7285,3271,37.34,domingo,2024-05-12 20:00:00,8.0,timbiquí
19,cauca,19809,timbiquí,19809007,san jose (timbiquí - cauca),2024,5,6623,4522,37.39,sábado,2024-05-06 19:15:00,7.08,timbiquí
19,cauca,19809,timbiquí,19809009,santa rosa de saija (timbiquí - cauca),2024,5,3496,1019,20.35,miércoles,2024-05-15 19:15:00,6.45,timbiquí
27,chocó,27006,acandí,27006000,acandí (acandí - chocó),2024,5,598738,171032,1554.78,miércoles,2024-05-29 21:00:00,18.53,acandí
27,chocó,27006,acandí,27006003,capurgana (acandí - chocó),2024,5,420977,142002,878.68,lunes,2024-05-06 21:30:00,21.41,acandí
27,chocó,27006,acandí,27006007,san francisco (acandí - chocó),2024,5,17322,6530,77.66,lunes,2024-05-25 20:00:00,9.21,acandí
27,chocó,27025,alto baudó,27025000,ciudad baudo - pie de pato (alto baudo - chocó),2024,5,56244,19018,128.74,miercoles,2024-05-01 12:00:00,23.42,alto baudo
27,chocó,27075,bahía solano,27075000,ciudad mutis (bahía solano - chocó),2024,5,874026,247553,1664.96,miercoles,2024-05-01 11:15:00,23.44,bahía solano
27,chocó,27075,bahía solano,27075002,el valle (bahía solano - chocó),2024,5,188024,68687,378.05,lunes,2024-05-27 19:00:00,23.18,bahía solano
27,chocó,27077,bajo baudó,27077905,buenavista (bajo baudó (pizarro) - chocó),2024,5,3552,1341,17.44,lunes,2024-05-06 19:45:00,8.0,bajo baudó
27,chocó,27077,bajo baudó,27077029,firme de usarga (bajo baudó (pizarro) - chocó),2024,5,836,359,7.01,viernes,2024-05-17 20:15:00,5.16,bajo baudó
27,chocó,27077,bajo baudó,27077026,guineal (bajo baudó (pizarro) - chocó),2024,5,4866,1370,37.38,viernes,2024-05-17 19:00:00,6.13,bajo baudó
27,chocó,27077,bajo baudó,27077008,orpua (bajo baudó - chocó),2024,5,705,288,5.71,lunes,2024-05-13 18:00:00,7.3,bajo baudó
27,chocó,27077,bajo baudó,27077000,pizarro (bajo baudó - chocó),2024,5,246317,95726,479.42,sábado,2024-05-18 15:15:00,22.43,bajo baudó
27,chocó,27077,bajo baudó,27077916,terron (bajo baudó - chocó),2024,5,4192,1769,26.42,sábado,2024-05-04 12:45:00,7.22,bajo baudó
27,chocó,27077,bajo baudó,27077019,virudo (bajo baudó - chocó),2024,5,4294,5965,31.38,martes,2024-05-21 21:45:00,5.25,bajo baudó
27,chocó,27099,bojayá,27099000,bellavista (bojayá (bellavista) - chocó),2024,5,84005,23959,299.23,sábado,2024-05-06 20:00:00,12.24,bojayá
27,chocó,27099,bojayá,27099005,napipi (bojayá - chocó),2024,5,12426,4213,73.6,lunes,2024-05-20 19:00:00,7.39,bojayá
27,chocó,27099,bojayá,27099008,puerto conto (bojayá (bellavista) - choco),2024,5,12349,3815,60.0,viernes,2024-05-31 18:45:00,8.16,bojayá
27,chocó,27250,el litoral del san juan,27250023,papayo (el litoral del san juan - chocó),2024,5,3527,1038,18.87,miercoles,2024-05-22 19:30:00,7.16,el litoral del san juan
27,chocó,27250,el litoral del san juan,27250000,santa genoveva de docordo (el litoral del san juan - chocó),2024,5,36700,17118,256.34,viernes,2024-05-31 19:30:00,6.0,el litoral del san juan
27,chocó,27372,juradó,27372000,jurado (jurado - chocó),2024,5,180964,63060,331.2,martes,2024-05-28 12:00:00,23.47,jurado
27,chocó,27425,medio atrato,27425000,bete (medio atrato - chocó),2024,5,17901,8923,68.0,miercoles,2024-05-22 11:30:00,12.36,medio atrato
27,chocó,27425,medio atrato,27425008,san roque (medio atrato - chocó),2024,5,2481,1112,19.15,miercoles,2024-05-15 19:30:00,6.04,medio atrato
27,chocó,27491,novita,27491004,juntas de tamana (novita - chocó),2024,5,1863,620,11.99,viernes,2024-05-31 18:45:00,6.51,novita
27,chocó,27495,nuquí,27495001,arusí (nuquí - choco),2024,5,20705,7668,62.4,lunes,2024-05-16 19:45:00,15.19,nuquí
27,chocó,27495,nuquí,27495011,comunidad de puerto jagua (nuquí - chocó),2024,5,876,372,5.16,miercoles,2024-05-08 19:00:00,7.45,nuquí
27,chocó,27495,nuquí,27495912,comunidad indígena de panguí - el yucal (nuquí - chocó),2024,5,7439,1873,11.5,sábado,2024-05-04 12:30:00,21.39,nuquí
27,chocó,27495,nuquí,27495000,nuquí (nuquí - chocó),2024,5,306425,109467,556.51,jueves,2024-05-30 19:30:00,23.57,nuquí
27,chocó,27001,quibdó,27001029,tagachi (quibdó - chocó),2024,5,0,0,0.0,miercoles,2024-05-01 12:00:00,0.0,quibdó
27,chocó,27615,riosucio,27615011,san jose tamboral (riosucio - chocó),2024,5,328,112,4.28,lunes,2024-05-27 19:15:00,3.05,riosucio
27,chocó,27800,unguía,27800005,titumate (unguía - chocó),2024,5,16923,4450,76.74,jueves,2024-05-30 20:30:00,9.26,unguía
27,chocó,27800,unguía,27800000,unguía (unguía - chocó),2024,5,484045,156408,987.36,jueves,2024-05-30 19:45:00,22.18,unguía
94,guainía,94343,barrancominas,94343000,barranco minas (barranco minas - guainía),2024,5,76458,22812,239.27,miercoles,2024-05-08 14:00:00,14.3,barranco minas
94,guainía,94001,inírida,94001000,inírida (inírida - guainía),2024,5,2265989,635769,4151.84,martes,2024-05-14 15:30:00,23.59,inírida
44,la guajira,44847,uribia,44847003,cabo de la vela (uribia - la guajira),2024,5,37485,3837,148.84,jueves,2024-05-02 21:00:00,10.2,uribia
44,la guajira,44847,uribia,44847012,nazareth (uribia - la guajira),2024,5,33425,7490,263.04,lunes,2024-05-27 19:00:00,4.57,uribia
47,magdalena,47189,ciénaga,47189018,palmor (ciénaga - magdalena),2024,5,92841,32703,174.78,sábado,2024-05-04 12:00:00,22.36,ciénaga
50,meta,50325,mapiripán,50325000,mapiripan (mapiripan - meta),2024,5,182486,59588,356.4,martes,2024-05-07 15:00:00,23.59,mapiripan
52,nariño,52250,el charco,52250007,san josé del tapaje (el charco - nariño),2024,5,14018,3736,56.0,viernes,2024-05-03 14:45:00,10.26,el charco
52,nariño,52390,la tola,52390005,aguacatal (la tola - nariño),2024,5,737,256,9.95,domingo,2024-05-26 20:00:00,3.0,la tola
52,nariño,52390,la tola,52390013,amarales (la tola - nariño),2024,5,6807,804,54.21,viernes,2024-05-10 20:00:00,5.44,la tola
52,nariño,52390,la tola,52390003,la vigia de la mar (la tola - nariño),2024,5,4406,1896,22.68,viernes,2024-05-10 12:30:00,9.2,la tola
52,nariño,52390,la tola,52390009,mulatos (la tola - nariño),2024,5,4050,2490,30.5,miercoles,2024-05-01 17:00:00,7.0,la tola
52,nariño,52427,magüí,52427910,el rosario,2024,5,268,50,5.66,sábado,2024-05-25 18:00:00,1.56,magüí
52,nariño,52427,magüí,52427913,la isla (magüí - nariño),2024,5,0,0,0.0,miercoles,2024-05-01 12:00:00,0.0,magüí
52,nariño,52427,magüí,52427915,las lajas (magüí - nariño),2024,5,0,0,0.0,miercoles,2024-05-01 12:00:00,0.0,magüí
52,nariño,52473,mosquera,52473010,el bajito de echandía (mosquera - nariño),2024,5,21,6,9.17,miercoles,2024-05-22 19:15:00,0.05,mosquera
52,nariño,52490,olaya herrera,52490913,boca de prieta (olaya herrera - nariño),2024,5,1733,575,14.33,miercoles,2024-05-15 17:45:00,4.48,olaya herrera
52,nariño,52621,roberto payán,52621912,tamaje (roberto payan - nariño),2024,5,5291,3418,24.36,miercoles,2024-05-29 17:00:00,9.38,roberto payan
52,nariño,52835,san andrés de tumaco,52835055,bocas de curay (tumaco - nariño),2024,5,5986,2425,48.0,sábado,2024-05-04 18:45:00,5.46,san andrés de tumaco
52,nariño,52835,san andrés de tumaco,52835217,san juan de la costa (san andrés de tumaco - nariño),2024,5,23427,8802,112.0,viernes,2024-05-17 18:45:00,9.51,san andrés de tumaco
52,nariño,52696,santa bárbara,52696014,la ensenada (santa bárbara - nariño),2024,5,3712,4191,20.93,miercoles,2024-05-01 20:00:00,7.03,santa bárbara
86,putumayo,86573,puerto leguízamo,86573009,piñuña negro (puerto leguízamo - putumayo),2024,5,2821,1686,22.4,viernes,2024-05-10 20:15:00,5.38,puerto leguízamo
76,valle del cauca,76109,buenaventura,76109069,papayal 1 (buenaventura - valle del cauca),2024,5,7219,1389,31.01,sábado,2024-05-18 19:30:00,10.19,buenaventura
76,valle del cauca,76109,buenaventura,76109105,pital (buenaventura - valle del cauca),2024,5,2101,516,10.29,martes,2024-05-06 19:30:00,7.51,buenaventura
76,valle del cauca,76109,buenaventura,76109028,puerto merizalde (buenaventura - valle del cauca),2024,5,88938,31614,232.67,viernes,2024-05-17 14:45:00,19.0,buenaventura
76,valle del cauca,76109,buenaventura,76109081,punta bonita,2024,5,2617,3171,16.32,domingo,2024-05-17 19:15:00,6.3,buenaventura
76,valle del cauca,76109,buenaventura,76109032,san francisco naya (buenaventura - valle del cauca),2024,5,7030,2924,33.12,martes,2024-05-21 11:45:00,8.5,buenaventura
97,vaupés,97161,carurú,97161000,carurú (carurú - vaupés),2024,5,0,0,0.0,miercoles,2024-05-01 12:00:00,0.0,carurú
97,vaupés,97001,mitú,97001000,mitú (mitú - vaupés),2024,5,1554976,383483,3148.47,jueves,2024-05-02 13:15:00,23.55,mitú
97,vaupés,97666,taraira,97666000,taraira (taraira - vaupés),2024,5,37059,11165,132.79,miercoles,2024-05-08 12:00:00,12.02,taraira
99,vichada,99001,puerto carreño,99001000,puerto carreño (puerto carreño - vichada),2024,5,2542425,737306,5060.0,viernes,2024-05-03 14:15:00,23.47,puerto carreño
91,amazonas,91001,leticia,91001000,leticia (leticia - amazonas),2024,6,3994102,1010671,7824.51,jueves,2024-06-20 15:30:00,24.0,leticia
91,amazonas,91540,puerto nariño,91540000,puerto nariño (puerto nariño - amazonas),2024,6,127838,40378,256.0,miércoles,2024-06-05 18:15:00,24.0,puerto nariño
91,amazonas,91798,tarapaca (anm),91798000,tarapaca (tarapaca (anm) - amazonas),2024,6,26578,11917,101.43,jueves,2024-06-20 18:30:00,10.18,tarapaca (anm)
88,archipiélago de san andrés y providencia,88564,providencia,88564000,providencia (providencia - archipiélago de san andrés y providencia ),2024,6,1284196,274864,2241.56,miércoles,2024-06-12 14:15:00,24.0,providencia
13,bolívar,13001,cartagena de indias,13001007,isla fuerte (cartagena de indias - bolívar),2024,6,60724,28336,265.63,domingo,2024-06-30 20:00:00,9.4,cartagena de indias
13,bolívar,13001,cartagena de indias,13001017,santa cruz del islote (cartagena de indias - bolívar),2024,6,12040,3944,53.41,viernes,2024-06-21 22:30:00,9.24,cartagena de indias
18,caquetá,18150,cartagena del chairá,18150001,remolino del caguan (cartagena del chaira - caquetá),2024,6,18647,8183,104.26,sábado,2024-06-22 18:45:00,7.43,cartagena del chaira
18,caquetá,18150,cartagena del chairá,18150002,santa fe del caguan (cartagena del chaira - caquetá),2024,6,4127,1932,39.4,sábado,2024-06-15 18:00:00,4.27,cartagena del chaira
18,caquetá,18753,san vicente del caguán,18753002,guacamayas (san vicente del caguán - caquetá),2024,6,8770,3282,32.35,sábado,2024-06-29 19:45:00,14.56,san vicente del caguán
19,cauca,19318,guapi,19318008,limones (guapi - cauca),2024,6,9158,4037,43.34,jueves,2024-06-27 19:30:00,9.22,guapi
19,cauca,19318,guapi,19318013,san antonio de guajui (guapi - cauca),2024,6,12520,6833,54.59,miércoles,2024-06-12 18:30:00,9.36,guapi
19,cauca,19418,lópez (micay),19418009,noanamito (lópez de micay - cauca),2024,6,6719,3215,36.0,domingo,2024-06-02 19:30:00,8.22,lópez de micay
19,cauca,19809,timbiquí,19809014,chacon (timbiquí - cauca),2024,6,3571,875,22.0,sábado,2024-06-22 18:45:00,7.26,timbiquí
19,cauca,19809,timbiquí,19809003,coteje (timbiquí - cauca),2024,6,5703,4209,29.76,viernes,2024-06-07 19:15:00,7.5,timbiquí
19,cauca,19809,timbiquí,19809026,los brazos (timbiquí - cauca),2024,6,2593,1121,36.55,miércoles,2024-06-12 20:00:00,2.56,timbiquí
19,cauca,19809,timbiquí,19809007,san jose (timbiquí - cauca),2024,6,6642,4607,35.35,miércoles,2024-06-12 19:30:00,7.38,timbiquí
19,cauca,19809,timbiquí,19809009,santa rosa de saija (timbiquí - cauca),2024,6,3387,1002,20.2,domingo,2024-06-02 19:45:00,7.04,timbiquí
27,chocó,27006,acandí,27006000,acandí (acandí - chocó),2024,6,682186,197644,1579.6,lunes,2024-06-17 20:30:00,19.37,acandí
27,chocó,27006,acandí,27006003,capurgana (acandí - chocó),2024,6,403800,128896,894.96,sábado,2024-06-29 20:30:00,21.03,acandí
27,chocó,27025,alto baudó,27025000,ciudad baudo - pie de pato (alto baudo - chocó),2024,6,52766,18043,127.6,martes,2024-06-11 12:30:00,23.53,alto baudo
27,chocó,27075,bahía solano,27075000,ciudad mutis (bahía solano - chocó),2024,6,806798,240527,1573.88,sábado,2024-06-01 19:30:00,23.55,bahía solano
27,chocó,27075,bahía solano,27075002,el valle (bahía solano - chocó),2024,6,184938,65667,366.96,sábado,2024-06-29 20:15:00,23.54,bahía solano
27,chocó,27077,bajo baudó,27077905,buenavista (bajo baudó (pizarro) - chocó),2024,6,4215,1621,18.4,lunes,2024-06-03 19:45:00,10.0,bajo baudó
27,chocó,27077,bajo baudó,27077029,firme de usarga (bajo baudó (pizarro) - chocó),2024,6,906,394,7.21,domingo,2024-06-30 19:15:00,5.51,bajo baudó
27,chocó,27077,bajo baudó,27077026,guineal (bajo baudó (pizarro) - chocó),2024,6,5274,2959,33.88,domingo,2024-06-02 11:45:00,8.09,bajo baudó
27,chocó,27077,bajo baudó,27077008,orpua (bajo baudó - chocó),2024,6,648,170,6.24,jueves,2024-06-27 19:15:00,5.57,bajo baudó
27,chocó,27077,bajo baudó,27077000,pizarro (bajo baudó - chocó),2024,6,233400,91021,448.8,lunes,2024-06-24 19:30:00,23.05,bajo baudó
27,chocó,27077,bajo baudó,27077916,terron (bajo baudó - chocó),2024,6,5300,2263,27.79,lunes,2024-06-10 11:45:00,10.28,bajo baudó
27,chocó,27099,bojayá,27099000,bellavista (bojayá (bellavista) - chocó),2024,6,91673,27162,265.98,lunes,2024-06-03 18:15:00,15.16,bojayá
27,chocó,27099,bojayá,27099005,napipi (bojayá - chocó),2024,6,9331,3096,60.8,sábado,2024-06-01 19:00:00,6.2,bojayá
27,chocó,27099,bojayá,27099008,puerto conto (bojayá (bellavista) - choco),2024,6,11489,3514,67.2,viernes,2024-06-21 20:15:00,8.01,bojayá
27,chocó,27250,el litoral del san juan,27250000,santa genoveva de docordo (el litoral del san juan - chocó),2024,6,31176,14902,253.7,miércoles,2024-06-05 18:45:00,5.26,el litoral del san juan
27,chocó,27372,juradó,27372000,jurado (jurado - chocó),2024,6,168917,56559,308.64,sábado,2024-06-01 19:00:00,24.0,jurado
27,chocó,27425,medio atrato,27425000,bete (medio atrato - chocó),2024,6,16199,8094,64.0,miércoles,2024-06-19 12:00:00,11.39,medio atrato
27,chocó,27425,medio atrato,27425008,san roque (medio atrato - chocó),2024,6,2241,971,20.47,domingo,2024-06-30 20:15:00,5.08,medio atrato
27,chocó,27495,nuquí,27495001,arusí (nuquí - choco),2024,6,18961,7124,60.0,sábado,2024-06-01 12:00:00,15.3,nuquí
27,chocó,27495,nuquí,27495011,comunidad de puerto jagua (nuquí - chocó),2024,6,889,411,5.35,lunes,2024-06-17 18:45:00,7.07,nuquí
27,chocó,27495,nuquí,27495912,comunidad indígena de panguí - el yucal (nuquí - chocó),2024,6,7888,1820,11.5,viernes,2024-06-28 07:15:00,23.17,nuquí
27,chocó,27495,nuquí,27495000,nuquí (nuquí - chocó),2024,6,286414,100295,539.26,sábado,2024-06-01 19:45:00,23.56,nuquí
27,chocó,27001,quibdó,27001029,tagachi (quibdó - chocó),2024,6,116,31,18.77,viernes,2024-06-28 15:15:00,0.24,quibdó
27,chocó,27615,riosucio,27615011,san jose tamboral (riosucio - chocó),2024,6,465,176,4.33,martes,2024-06-18 19:00:00,4.29,riosucio
27,chocó,27800,unguía,27800005,titumate (unguía - chocó),2024,6,13024,3367,76.65,sábado,2024-06-01 21:45:00,7.26,unguía
27,chocó,27800,unguía,27800000,unguía (unguía - chocó),2024,6,453004,145637,957.79,viernes,2024-06-07 20:15:00,22.15,unguía
94,guainía,94343,barrancominas,94343000,barranco minas (barranco minas - guainía),2024,6,87380,28373,234.28,martes,2024-06-25 17:30:00,16.11,barranco minas
94,guainía,94001,inírida,94001905,chorro bocon (inírida - guainía),2024,6,5482,444,19.1,viernes,2024-06-14 19:15:00,15.59,inírida
94,guainía,94001,inírida,94001000,inírida (inírida - guainía),2024,6,2088662,580002,4099.04,martes,2024-06-18 14:30:00,24.0,inírida
44,la guajira,44847,uribia,44847003,cabo de la vela (uribia - la guajira),2024,6,32748,1938,159.45,miércoles,2024-06-05 19:30:00,8.33,uribia
44,la guajira,44847,uribia,44847012,nazareth (uribia - la guajira),2024,6,31835,6940,265.92,viernes,2024-06-07 18:30:00,4.46,uribia
47,magdalena,47189,ciénaga,47189018,palmor (ciénaga - magdalena),2024,6,88076,30120,169.22,sábado,2024-06-01 11:45:00,23.21,ciénaga
50,meta,50325,mapiripán,50325000,mapiripan (mapiripan - meta),2024,6,173757,58073,340.12,lunes,2024-06-17 15:00:00,24.0,mapiripan
52,nariño,52250,el charco,52250016,alterón (uribe uribe) (el charco - nariño),2024,6,554,347,6.43,martes,2024-06-04 18:45:00,3.43,el charco
52,nariño,52250,el charco,52250005,las mercedes (el charco - nariño),2024,6,983,873,12.58,sábado,2024-06-01 19:00:00,4.14,el charco
52,nariño,52250,el charco,52250007,san josé del tapaje (el charco - nariño),2024,6,9682,2920,64.0,viernes,2024-06-28 20:15:00,10.06,el charco
52,nariño,52390,la tola,52390005,aguacatal (la tola - nariño),2024,6,783,189,9.5,domingo,2024-06-30 11:30:00,3.27,la tola
52,nariño,52390,la tola,52390013,amarales (la tola - nariño),2024,6,8842,2662,51.46,jueves,2024-06-13 12:15:00,8.01,la tola
52,nariño,52390,la tola,52390003,la vigia de la mar (la tola - nariño),2024,6,4814,2215,21.64,miércoles,2024-06-26 12:45:00,9.5,la tola
52,nariño,52390,la tola,52390009,mulatos (la tola - nariño),2024,6,4251,2656,28.99,sábado,2024-06-22 18:45:00,7.53,la tola
52,nariño,52390,la tola,52390016,san pablo del mar (la tola - nariño),2024,6,5924,2122,26.3,sábado,2024-06-15 19:30:00,10.03,la tola
52,nariño,52427,magüí,52427913,la isla (magüí - nariño),2024,6,0,0,0.0,sábado,2024-06-01 00:00:00,0.0,magüí
52,nariño,52427,magüí,52427915,las lajas (magüí - nariño),2024,6,0,0,0.0,sábado,2024-06-01 00:00:00,0.0,magüí
52,nariño,52473,mosquera,52473010,el bajito de echandía (mosquera - nariño),2024,6,1615,630,10.2,jueves,2024-06-13 18:15:00,7.03,mosquera
52,nariño,52490,olaya herrera,52490913,boca de prieta (olaya herrera - nariño),2024,6,2168,656,13.7,sábado,2024-06-29 19:30:00,6.19,olaya herrera
52,nariño,52621,roberto payán,52621912,tamaje (roberto payan - nariño),2024,6,4778,2999,23.02,domingo,2024-06-16 15:45:00,8.54,roberto payan
52,nariño,52835,san andrés de tumaco,52835055,bocas de curay (tumaco - nariño),2024,6,7922,2975,48.0,viernes,2024-06-07 19:15:00,7.19,san andrés de tumaco
52,nariño,52835,san andrés de tumaco,52835217,san juan de la costa (san andrés de tumaco - nariño),2024,6,23815,9302,105.6,viernes,2024-06-07 19:15:00,10.42,san andrés de tumaco
52,nariño,52696,santa bárbara,52696014,la ensenada (santa bárbara - nariño),2024,6,3102,2058,21.73,martes,2024-06-04 18:45:00,6.28,santa bárbara
86,putumayo,86573,puerto leguízamo,86573009,piñuña negro (puerto leguízamo - putumayo),2024,6,2654,1590,22.4,sábado,2024-06-01 19:00:00,5.3,puerto leguízamo
76,valle del cauca,76109,buenaventura,76109069,papayal 1 (buenaventura - valle del cauca),2024,6,7207,1312,28.95,martes,2024-06-25 20:00:00,11.01,buenaventura
76,valle del cauca,76109,buenaventura,76109105,pital (buenaventura - valle del cauca),2024,6,2427,656,9.86,domingo,2024-06-09 15:45:00,9.42,buenaventura
76,valle del cauca,76109,buenaventura,76109028,puerto merizalde (buenaventura - valle del cauca),2024,6,103108,35909,21.26,lunes,2024-06-10 19:45:00,21.26,buenaventura
76,valle del cauca,76109,buenaventura,76109081,punta bonita,2024,6,2799,3112,21.03,sábado,2024-06-29 20:30:00,6.28,buenaventura
76,valle del cauca,76109,buenaventura,76109032,san francisco naya (buenaventura - valle del cauca),2024,6,8189,3084,42.59,sábado,2024-06-22 11:45:00,9.29,buenaventura
97,vaupés,97161,carurú,97161000,carurú (carurú - vaupés),2024,6,20522,5140,82.1,miércoles,2024-06-12 18:45:00,11.58,carurú
97,vaupés,97001,mitú,97001000,mitú (mitú - vaupés),2024,6,1451772,366345,3028.54,martes,2024-06-18 12:00:00,24.0,mitú
97,vaupés,97666,taraira,97666000,taraira (taraira - vaupés),2024,6,34830,9545,130.33,miércoles,2024-06-26 12:00:00,12.26,taraira
99,vichada,99001,puerto carreño,99001000,puerto carreño (puerto carreño - vichada),2024,6,2188361,673372,4794.24,domingo,2024-06-02 20:45:00,23.56,puerto carreño
91,amazonas,91001,leticia,91001000,leticia (leticia - amazonas),2024,7,4175447,1065330,7823.49,jueves,2024-07-25 15:30:00,24.0,leticia
91,amazonas,91540,puerto nariño,91540000,puerto nariño (puerto nariño - amazonas),2024,7,132554,42294,270.4,miercoles,2024-07-24 18:15:00,24.0,puerto nariño
91,amazonas,91798,tarapaca (anm),91798000,tarapaca (tarapaca (anm) - amazonas),2024,7,26803,12169,101.43,lunes,2024-07-29 14:30:00,10.17,tarapaca (anm)
88,archipiélago de san andrés y providencia,88564,providencia,88564000,providencia (providencia - archipiélago de san andrés y providencia ),2024,7,1308682,275839,2229.81,miercoles,2024-07-10 22:30:00,24.0,providencia
88,"archipiélago de san andrés, providencia y santa catalina",88001,san andrés,88001000,san andrés (san andrés - archipiélago de san andrés y providencia),2024,7,20194952,5047981,33462.36,jueves,2024-07-25 15:45:00,24.0,san andrés
13,bolívar,13001,cartagena de indias,13001007,isla fuerte (cartagena de indias - bolívar),2024,7,28683,13831,264.06,lunes,2024-07-01 00:30:00,4.22,cartagena de indias
13,bolívar,13001,cartagena de indias,13001017,santa cruz del islote (cartagena de indias - bolívar),2024,7,13868,4464,54.18,viernes,2024-07-12 22:15:00,10.15,cartagena de indias
18,caquetá,18150,cartagena del chairá,18150001,remolino del caguan (cartagena del chaira - caquetá),2024,7,11716,5089,104.75,martes,2024-07-09 19:45:00,4.3,cartagena del chaira
18,caquetá,18150,cartagena del chairá,18150002,santa fe del caguan (cartagena del chaira - caquetá),2024,7,3571,1667,40.64,viernes,2024-07-12 18:45:00,3.42,cartagena del chaira
18,caquetá,18753,san vicente del caguán,18753002,guacamayas (san vicente del caguán - caquetá),2024,7,2672,976,27.84,lunes,2024-07-01 19:30:00,5.01,san vicente del caguán
19,cauca,19318,guapi,19318008,limones (guapi - cauca),2024,7,4288,1882,45.28,viernes,2024-07-05 19:45:00,4.08,guapi
19,cauca,19318,guapi,19318013,san antonio de guajui (guapi - cauca),2024,7,11284,6147,55.81,viernes,2024-07-26 19:00:00,8.23,guapi
19,cauca,19418,lópez (micay),19418009,noanamito (lópez de micay - cauca),2024,7,6151,2827,40.0,sabado,2024-07-13 19:15:00,6.42,lópez de micay
19,cauca,19809,timbiquí,19809014,chacon (timbiquí - cauca),2024,7,4464,1154,22.22,domingo,2024-07-21 20:30:00,8.35,timbiquí
19,cauca,19809,timbiquí,19809003,coteje (timbiquí - cauca),2024,7,5913,4186,29.88,jueves,2024-07-11 19:30:00,7.45,timbiquí
19,cauca,19809,timbiquí,19809007,san jose (timbiquí - cauca),2024,7,6046,4222,34.58,lunes,2024-07-15 19:45:00,6.49,timbiquí
19,cauca,19809,timbiquí,19809009,santa rosa de saija (timbiquí - cauca),2024,7,3295,1109,19.8,lunes,2024-07-22 19:45:00,6.32,timbiquí
27,chocó,27006,acandí,27006000,acandí (acandí - chocó),2024,7,727226,207226,1561.12,sabado,2024-07-13 21:45:00,19.03,acandí
27,chocó,27006,acandí,27006003,capurgana (acandí - chocó),2024,7,349527,110165,817.08,miercoles,2024-07-03 20:45:00,18.45,acandí
27,chocó,27025,alto baudó,27025000,ciudad baudo - pie de pato (alto baudo - chocó),2024,7,46420,16571,139.57,domingo,2024-07-21 12:30:00,17.51,alto baudo
27,chocó,27075,bahía solano,27075000,ciudad mutis (bahía solano - chocó),2024,7,879191,232126,1579.16,lunes,2024-07-29 19:45:00,23.47,bahía solano
27,chocó,27075,bahía solano,27075002,el valle (bahía solano - chocó),2024,7,196222,66893,423.19,lunes,2024-07-15 19:15:00,23.16,bahía solano
27,chocó,27075,bahía solano (mutis),27075001,cupica (bahía solano - chocó),2024,7,60272,18844,130.01,lunes,2024-07-29 19:15:00,22.1,bahía solano (mutis)
27,chocó,27077,bajo baudó,27077905,buenavista (bajo baudó (pizarro) - chocó),2024,7,3622,1429,16.32,miercoles,2024-07-03 11:30:00,8.32,bajo baudó
27,chocó,27077,bajo baudó,27077029,firme de usarga (bajo baudó (pizarro) - chocó),2024,7,730,302,7.29,lunes,2024-07-01 19:00:00,4.44,bajo baudó
27,chocó,27077,bajo baudó,27077026,guineal (bajo baudó (pizarro) - chocó),2024,7,7265,4440,34.02,lunes,2024-07-15 11:30:00,10.23,bajo baudó
27,chocó,27077,bajo baudó,27077008,orpua (bajo baudó - chocó),2024,7,942,268,7.19,martes,2024-07-23 18:30:00,8.13,bajo baudó
27,chocó,27077,bajo baudó,27077000,pizarro (bajo baudó - chocó),2024,7,257463,99964,478.37,lunes,2024-07-15 12:30:00,23.3,bajo baudó
27,chocó,27077,bajo baudó,27077916,terron (bajo baudó - chocó),2024,7,3828,1591,27.57,jueves,2024-07-25 13:00:00,7.03,bajo baudó
27,chocó,27077,bajo baudó,27077019,virudo (bajo baudó - chocó),2024,7,6922,5092,31.05,domingo,2024-07-21 22:00:00,9.12,bajo baudó
27,chocó,27099,bojayá,27099000,bellavista (bojayá (bellavista) - chocó),2024,7,63749,18620,265.98,domingo,2024-07-07 15:00:00,10.39,bojayá
27,chocó,27099,bojayá,27099002,la loma de bojayá (bojayá (bellavista) - chocó),2024,7,9539,3531,51.2,,2024-07-20 19:30:00,8.1,bojayá
27,chocó,27099,bojayá,27099005,napipi (bojayá - chocó),2024,7,9344,2970,60.8,domingo,2024-07-07 19:45:00,6.16,bojayá
27,chocó,27099,bojayá,27099008,puerto conto (bojayá (bellavista) - choco),2024,7,11897,3685,62.4,martes,2024-07-02 19:00:00,7.34,bojayá
27,chocó,27250,el litoral del san juan,27250000,santa genoveva de docordo (el litoral del san juan - chocó),2024,7,61530,30589,245.12,domingo,2024-07-07 19:30:00,10.55,el litoral del san juan
27,chocó,27372,juradó,27372000,jurado (jurado - chocó),2024,7,182873,62366,351.2,lunes,2024-07-29 20:00:00,23.32,jurado
27,chocó,27425,medio atrato,27425000,bete (medio atrato - chocó),2024,7,16169,7622,68.0,jueves,2024-07-11 11:30:00,10.34,medio atrato
27,chocó,27425,medio atrato,27425008,san roque (medio atrato - chocó),2024,7,1666,670,22.92,lunes,2024-07-08 20:00:00,3.24,medio atrato
27,chocó,27495,nuquí,27495001,arusí (nuquí - choco),2024,7,18926,7459,60.0,domingo,2024-07-14 11:45:00,15.06,nuquí
27,chocó,27495,nuquí,27495011,comunidad de puerto jagua (nuquí - chocó),2024,7,986,443,5.62,lunes,2024-07-08 19:00:00,7.12,nuquí
27,chocó,27495,nuquí,27495912,comunidad indígena de panguí - el yucal (nuquí - chocó),2024,7,7219,2956,11.5,jueves,2024-07-11 15:30:00,22.29,nuquí
27,chocó,27495,nuquí,27495000,nuquí (nuquí - chocó),2024,7,312363,105627,575.87,martes,2024-07-16 19:45:00,23.51,nuquí
27,chocó,27001,quibdó,27001029,tagachi (quibdó - chocó),2024,7,462,138,18.14,viernes,2024-07-05 20:00:00,1.07,quibdó
27,chocó,27800,unguía,27800005,titumate (unguía - chocó),2024,7,18007,4842,76.91,lunes,2024-07-22 20:30:00,10.29,unguía
27,chocó,27800,unguía,27800000,unguía (unguía - chocó),2024,7,508534,160237,1051.78,lunes,2024-07-15 00:15:00,22.23,unguía
94,guainía,94343,barrancominas,94343000,barranco minas (barranco minas - guainía),2024,7,87489,29752,245.59,miercoles,2024-07-17 10:15:00,15.36,barranco minas
94,guainía,94001,inírida,94001905,chorro bocon (inírida - guainía),2024,7,5177,364,17.16,jueves,2024-07-25 19:15:00,16.04,inírida
94,guainía,94001,inírida,94001000,inírida (inírida - guainía),2024,7,2042573,557699,3836.8,jueves,2024-07-25 14:45:00,24.0,inírida
44,la guajira,44847,uribia,44847012,nazareth (uribia - la guajira),2024,7,38023,8637,262.08,martes,2024-07-16 19:00:00,5.36,uribia
47,magdalena,47189,ciénaga,47189018,palmor (ciénaga - magdalena),2024,7,76944,27976,167.74,domingo,2024-07-21 19:15:00,21.53,ciénaga
50,meta,50325,mapiripán,50325000,mapiripan (mapiripan - meta),2024,7,175985,58347,347.6,lunes,2024-07-29 18:45:00,23.59,mapiripan
52,nariño,52250,el charco,52250016,alterón (uribe uribe) (el charco - nariño),2024,7,283,177,6.14,lunes,2024-07-29 19:15:00,1.53,el charco
52,nariño,52250,el charco,52250005,las mercedes (el charco - nariño),2024,7,1211,851,8.8,sabado,2024-07-06 21:30:00,5.37,el charco
52,nariño,52250,el charco,52250007,san josé del tapaje (el charco - nariño),2024,7,13460,4010,64.0,lunes,2024-07-15 20:30:00,9.4,el charco
52,nariño,52390,la tola,52390005,aguacatal (la tola - nariño),2024,7,2252,482,10.37,sabado,2024-07-13 19:15:00,9.14,la tola
52,nariño,52390,la tola,52390013,amarales (la tola - nariño),2024,7,7626,2501,56.35,martes,2024-07-30 19:45:00,6.2,la tola
52,nariño,52390,la tola,52390003,la vigia de la mar (la tola - nariño),2024,7,6165,2772,25.96,sabado,2024-07-20 12:30:00,11.23,la tola
52,nariño,52390,la tola,52390009,mulatos (la tola - nariño),2024,7,4478,2834,27.97,martes,2024-07-02 18:00:00,8.07,la tola
52,nariño,52390,la tola,52390016,san pablo del mar (la tola - nariño),2024,7,4799,1757,27.01,jueves,2024-07-25 19:00:00,8.0,la tola
52,nariño,52427,magüí,52427913,la isla (magüí - nariño),2024,7,0,0,0.0,lunes,2024-07-01 00:00:00,0.0,magüí
52,nariño,52427,magüí,52427915,las lajas (magüí - nariño),2024,7,0,0,0.0,lunes,2024-07-01 00:00:00,0.0,magüí
52,nariño,52473,mosquera,52473010,el bajito de echandía (mosquera - nariño),2024,7,2725,961,15.05,jueves,2024-07-04 12:00:00,10.17,mosquera
52,nariño,52490,olaya herrera,52490913,boca de prieta (olaya herrera - nariño),2024,7,2438,739,13.56,miercoles,2024-07-03 19:15:00,6.48,olaya herrera
52,nariño,52621,roberto payán,52621912,tamaje (roberto payan - nariño),2024,7,4916,3030,27.82,martes,2024-07-16 20:30:00,8.51,roberto payan
52,nariño,52835,san andrés de tumaco,52835055,bocas de curay (tumaco - nariño),2024,7,8110,3002,50.4,sabado,2024-07-13 19:00:00,7.16,san andrés de tumaco
52,nariño,52835,san andrés de tumaco,52835217,san juan de la costa (san andrés de tumaco - nariño),2024,7,24929,9692,105.6,miercoles,2024-07-24 19:15:00,10.49,san andrés de tumaco
52,nariño,52696,santa bárbara,52696014,la ensenada (santa bárbara - nariño),2024,7,3178,1695,20.67,sabado,2024-07-27 20:00:00,6.27,santa bárbara
86,putumayo,86573,puerto leguízamo,86573009,piñuña negro (puerto leguízamo - putumayo),2024,7,2684,1626,22.4,sabado,2024-07-06 17:00:00,5.24,puerto leguízamo
76,valle del cauca,76109,buenaventura,76109069,papayal 1 (buenaventura - valle del cauca),2024,7,5757,1043,39.47,miercoles,2024-07-31 19:45:00,8.35,buenaventura
76,valle del cauca,76109,buenaventura,76109105,pital (buenaventura - valle del cauca),2024,7,2224,642,10.69,martes,2024-07-16 17:45:00,8.32,buenaventura
76,valle del cauca,76109,buenaventura,76109028,puerto merizalde (buenaventura - valle del cauca),2024,7,101752,35905,207.86,lunes,2024-07-15 20:15:00,23.14,buenaventura
76,valle del cauca,76109,buenaventura,76109081,punta bonita,2024,7,4166,3331,22.69,miercoles,2024-07-10 21:00:00,7.44,buenaventura
76,valle del cauca,76109,buenaventura,76109032,san francisco naya (buenaventura - valle del cauca),2024,7,7990,3515,32.64,sabado,2024-07-13 11:30:00,10.18,buenaventura
97,vaupés,97161,carurú,97161000,carurú (carurú - vaupés),2024,7,27690,7064,74.89,lunes,2024-07-22 18:30:00,16.43,carurú
97,vaupés,97001,mitú,97001000,mitú (mitú - vaupés),2024,7,1494513,368701,3077.97,viernes,2024-07-05 12:15:00,23.58,mitú
97,vaupés,97666,taraira,97666000,taraira (taraira - vaupés),2024,7,36778,9619,122.94,miercoles,2024-07-03 12:15:00,12.14,taraira
99,vichada,99001,puerto carreño,99001000,puerto carreño (puerto carreño - vichada),2024,7,2176306,679900,4795.12,miercoles,2024-07-10 15:30:00,23.58,puerto carreño
91,amazonas,91001,leticia,91001000,leticia (leticia - amazonas),2024,8,4283903,1090190,8431.24,viernes,2024-08-23 15:15:00,24.0,leticia
91,amazonas,91540,puerto nariño,91540000,puerto nariño (puerto nariño - amazonas),2024,8,138406,44141,283.2,miércoles,2024-08-21 18:30:00,24.0,puerto nariño
91,amazonas,91798,tarapaca (anm),91798000,tarapaca (tarapaca (anm) - amazonas),2024,8,27927,12547,102.76,viernes,2024-08-23 14:30:00,10.13,tarapaca (anm)
88,archipiélago de san andrés y providencia,88564,providencia,88564000,providencia (providencia - archipiélago de san andrés y providencia ),2024,8,1337701,291177,2204.52,miércoles,2024-08-28 22:00:00,24.0,providencia
88,archipiélago de san andrés y providencia,88001,san andrés,88001000,san andrés (san andrés - archipiélago de san andrés y providencia),2024,8,20620916,5125076,34113.78,martes,2024-08-20 15:45:00,24.0,san andrés
18,caquetá,18753,san vicente del caguán,18753002,guacamayas (san vicente del caguán - caquetá),2024,8,10221,3449,31.1,domingo,2024-08-11 19:30:00,17.11,san vicente del caguán
18,caquetá,18150,cartagena del chairá,18150001,remolino del caguan (cartagena del chaira - caquetá),2024,8,10186,4080,106.0,sábado,2024-08-24 19:15:00,3.48,cartagena del chaira
19,cauca,19809,timbiquí,19809014,chacon (timbiquí - cauca),2024,8,4263,1102,22.42,jueves,2024-08-22 19:00:00,8.14,timbiquí
19,cauca,19809,timbiquí,19809010,comunidad de chete (timbiquí - cauca),2024,8,4947,1947,29.7,miércoles,2024-08-14 19:30:00,6.25,timbiquí
19,cauca,19809,timbiquí,19809003,coteje (timbiquí - cauca),2024,8,5571,3951,29.12,martes,2024-08-13 19:30:00,7.21,timbiquí
19,cauca,19418,lópez (micay),19418009,noanamito (lópez de micay - cauca),2024,8,6830,3246,40.0,sábado,2024-08-24 18:45:00,7.44,lópez de micay
19,cauca,19318,guapi,19318013,san antonio de guajui (guapi - cauca),2024,8,9881,5449,55.26,sábado,2024-08-03 19:45:00,7.33,guapi
19,cauca,19809,timbiquí,19809007,san jose (timbiquí - cauca),2024,8,5736,4008,35.66,jueves,2024-08-29 19:00:00,6.23,timbiquí
19,cauca,19809,timbiquí,19809009,santa rosa de saija (timbiquí - cauca),2024,8,3668,1243,21.34,jueves,2024-08-29 23:30:00,7.01,timbiquí
27,chocó,27006,acandí,27006000,acandí (acandí - chocó),2024,8,563125,161445,1592.1,miércoles,2024-08-21 20:15:00,16.05,acandí
27,chocó,27495,nuquí,27495001,arusi (niquí - chocó),2024,8,20628,8243,60.0,sábado,2024-08-17 12:30:00,15.18,nuquí
27,chocó,27099,bojayá,27099000,bellavista (bojayá (bellavista) - chocó),2024,8,102438,30189,332.48,viernes,2024-08-02 03:45:00,16.25,bojayá
27,chocó,27425,medio atrato,27425000,bete (medio atrato - chocó),2024,8,15856,7302,72.0,miércoles,2024-08-07 11:15:00,10.18,medio atrato
27,chocó,27077,bajo baudó,27077905,buenavista (bajo baudó - chocó),2024,8,4083,1648,16.42,jueves,2024-08-15 20:45:00,10.0,bajo baudó
27,chocó,27025,alto baudó,27025000,ciudad baudo - pie de pato (alto baudo - chocó),2024,8,39730,14556,141.33,domingo,2024-08-25 19:15:00,15.31,alto baudo
27,chocó,27075,bahía solano,27075000,ciudad mutis (bahía solano - chocó),2024,8,865279,247476,1598.96,martes,2024-08-27 19:30:00,23.46,bahía solano
27,chocó,27495,nuquí,27495011,comunidad de puerto jagua (nuquí - chocó),2024,8,1060,496,5.88,domingo,2024-08-18 19:15:00,7.17,nuquí
27,chocó,27495,nuquí,27495912,comunidad indígena de panguí - el yucal (nuquí - chocó),2024,8,6917,2943,11.5,martes,2024-08-27 06:30:00,22.43,nuquí
27,chocó,27075,bahía solano,27075001,cupica (bahía solano - chocó),2024,8,63493,19293,131.86,viernes,2024-08-02 20:15:00,23.41,bahía solano
27,chocó,27075,bahía solano,27075002,el valle (bahía solano - chocó),2024,8,195529,68000,371.18,miércoles,2024-08-14 19:45:00,23.51,bahía solano
27,chocó,27077,bajo baudó,27077029,firme de usarga (bajo baudó (pizarro) - chocó),2024,8,748,338,6.85,miércoles,2024-08-07 18:45:00,4.45,bajo baudó
27,chocó,27077,bajo baudó,27077026,guineal (bajo baudó (pizarro) - chocó),2024,8,6986,3852,33.45,miércoles,2024-08-28 19:30:00,10.31,bajo baudó
27,chocó,27372,juradó,27372000,jurado (jurado - chocó),2024,8,191136,64029,373.12,viernes,2024-08-16 10:45:00,23.37,jurado
27,chocó,27495,nuquí,27495000,nuquí (nuquí - chocó),2024,8,305120,101111,561.44,miércoles,2024-08-28 20:00:00,23.45,nuquí
27,chocó,27077,bajo baudó,27077008,orpua (bajo baudó - chocó),2024,8,686,211,5.25,sábado,2024-08-17 20:00:00,6.07,bajo baudó
27,chocó,27099,bojayá,27099030,piedra candela (bojayá - chocó),2024,8,6903,3040,36.97,viernes,2024-08-30 16:00:00,8.38,bojayá
27,chocó,27077,bajo baudó,27077000,pizarro (bajo baudó - chocó),2024,8,240770,95080,456.19,miércoles,2024-08-28 19:15:00,23.06,bajo baudó
27,chocó,27099,bojayá,27099008,puerto conto (bojayá - chocó),2024,8,13109,4224,62.4,viernes,2024-08-02 19:00:00,8.15,bojayá
27,chocó,27425,medio atrato,27425008,san roque (medio atrato - chocó),2024,8,1568,681,21.53,sábado,2024-08-17 20:00:00,3.43,medio atrato
27,chocó,27250,el litoral del san juan,27250000,santa genoveva de docordo (el litoral del san juan - chocó),2024,8,82319,41381,237.86,lunes,2024-08-19 19:30:00,15.02,el litoral del san juan
27,chocó,27077,bajo baudó,27077916,terron (bajo baudó - chocó),2024,8,2035,889,24.62,lunes,2024-08-12 13:45:00,3.58,bajo baudó
27,chocó,27800,unguía,27800005,titumate (unguía - chocó),2024,8,16493,4387,73.39,miércoles,2024-08-21 19:00:00,9.42,unguía
27,chocó,27800,unguía,27800000,unguía (unguía - chocó),2024,8,483322,152596,1024.32,miércoles,2024-08-28 21:15:00,21.26,unguía
27,chocó,27077,bajo baudó,27077019,virudo (bajo baudó - chocó),2024,8,6804,4079,31.05,viernes,2024-08-30 22:00:00,9.15,bajo baudó
94,guainía,94001,inírida,94001905,chorro bocon (inírida - guainía),2024,8,5844,507,17.66,domingo,2024-08-25 18:15:00,16.58,inírida
94,guainía,94001,inírida,94001000,inírida (inírida - guainía),2024,8,2260691,605279,4479.2,jueves,2024-08-22 14:30:00,23.59,inírida
44,la guajira,44847,uribia,44847003,cabo de la vela (uribia - la guajira),2024,8,8751,342,141.63,jueves,2024-08-04 19:15:00,3.02,uribia
44,la guajira,44847,uribia,44847012,nazareth (uribia - la guajira),2024,8,40008,8714,267.36,sábado,2024-08-31 18:00:00,5.42,uribia
47,magdalena,47189,ciénaga,47189018,palmor (ciénaga - magdalena),2024,8,89106,31211,176.83,miércoles,2024-08-28 18:45:00,22.57,ciénaga
50,meta,50325,mapiripán,50325000,mapiripan (mapiripan - meta),2024,8,188322,61901,361.24,jueves,2024-08-22 18:45:00,23.58,mapiripan
52,nariño,52390,la tola,52390005,aguacatal (la tola - nariño),2024,8,399,82,10.0,jueves,2024-08-06 15:45:00,1.36,la tola
52,nariño,52250,el charco,52250016,alteron - uribe uribe (el charco - nariño),2024,8,608,403,6.48,miércoles,2024-08-07 17:45:00,4.02,el charco
52,nariño,52427,magüí,52427901,alto estero (magüi - nariño),2024,8,288,94,9.58,sábado,2024-08-03 19:30:00,1.07,magüi
52,nariño,52390,la tola,52390013,amarales (la tola - nariño),2024,8,9318,2501,58.21,viernes,2024-08-02 20:45:00,8.32,la tola
52,nariño,52490,olaya herrera,52490913,boca de prieta (olaya herrera - nariño),2024,8,2167,662,12.94,jueves,2024-08-01 20:30:00,6.34,olaya herrera
52,nariño,52835,san andrés de tumaco,52835055,bocas de curay (san andrés de tumaco - nariño),2024,8,6641,2521,48.0,martes,2024-08-06 19:00:00,5.54,san andrés de tumaco
52,nariño,52473,mosquera,52473010,el bajito de echandia (mosquera - nariño),2024,8,2959,971,12.65,lunes,2024-08-19 18:30:00,10.15,mosquera
52,nariño,52427,magüí,52427910,el rosario (magüi - nariño),2024,8,0,0,0.98,martes,2024-08-13 09:00:00,0.0,magüi
52,nariño,52427,magüí,52427013,la loma (magüi - nariño),2024,8,89,26,5.33,miércoles,2024-08-14 18:30:00,0.44,magüi
52,nariño,52390,la tola,52390003,la vigia de la mar (la tola - nariño),2024,8,5544,2643,25.64,miércoles,2024-08-21 12:45:00,9.46,la tola
52,nariño,52250,el charco,52250005,las mercedes (el charco - nariño),2024,8,936,411,11.94,domingo,2024-08-25 20:30:00,4.15,el charco
52,nariño,52390,la tola,52390009,mulatos (la tola - nariño),2024,8,2941,1789,25.47,jueves,2024-08-01 17:00:00,5.57,la tola
52,nariño,52835,san andrés de tumaco,52835217,san juan de la costa (san andrés de tumaco - nariño),2024,8,25180,9879,105.6,martes,2024-08-06 19:15:00,10.41,san andrés de tumaco
52,nariño,52390,la tola,52390016,san pablo del mar (la tola - nariño),2024,8,3514,1266,24.7,jueves,2024-08-01 19:00:00,5.43,la tola
52,nariño,52621,roberto payán,52621912,tamaje (roberto payan - nariño),2024,8,738,449,21.46,domingo,2024-08-04 19:30:00,1.18,roberto payan
86,putumayo,86573,puerto leguizamo,86573009,piñuña negro (puerto leguízamo - putumayo),2024,8,2682,1656,22.4,viernes,2024-08-02 18:45:00,5.31,puerto leguizamo
86,putumayo,86573,puerto leguizamo,86573000,puerto leguízamo (puerto leguízamo - putumayo),2024,8,974651,271412,2066.77,jueves,2024-08-22 15:00:00,23.47,puerto leguizamo
76,valle del cauca,76109,buenaventura,76109069,papayal 1 (buenaventura - valle del cauca),2024,8,9681,1402,44.58,domingo,2024-08-18 19:00:00,10.36,buenaventura
76,valle del cauca,76109,buenaventura,76109028,puerto merizalde (buenaventura - valle del cauca),2024,8,96031,33217,222.29,miércoles,2024-08-28 19:45:00,21.0,buenaventura
76,valle del cauca,76109,buenaventura,76109081,punta bonita (buenaventura - valle del cauca),2024,8,4975,4623,22.16,sábado,2024-08-17 19:15:00,9.3,buenaventura
76,valle del cauca,76109,buenaventura,76109032,san francisco naya (buenaventura - valle del cauca),2024,8,7610,3285,31.23,viernes,2024-08-02 19:15:00,10.05,buenaventura
97,vaupés,97161,carurú,97161000,carurú (carurú - vaupés),2024,8,31775,7881,87.82,jueves,2024-08-29 18:45:00,16.39,carurú
97,vaupés,97001,mitú,97001000,mitú (mitú - vaupés),2024,8,1590470,387197,3236.71,miércoles,2024-08-21 13:00:00,23.56,mitú
97,vaupés,97666,taraira,97666000,taraira (taraira - vaupés),2024,8,39226,10719,136.84,martes,2024-08-20 12:00:00,13.01,taraira
99,vichada,99001,puerto carreño,99001000,puerto carreño (puerto carreño - vichada),2024,8,2506944,732978,5014.24,martes,2024-08-20 14:00:00,24.0,puerto carreño
91,amazonas,91540,puerto nariño,91540000,puerto nariño (puerto nariño - amazonas),2024,9,140156,45616,294.4,jueves,2024-09-19 18:00:00,24.0,puerto nariño
91,amazonas,91798,tarapaca (anm),91798000,tarapaca (tarapaca (anm) - amazonas),2024,9,27342,12153,103.59,domingo,2024-09-15 13:30:00,10.37,tarapaca (anm)
88,archipiélago de san andrés y providencia,88564,providencia,88564000,providencia (providencia - archipiélago de san andrés y providencia ),2024,9,1221613,267106,2269.2,lunes,2024-09-16 14:45:00,23.99,providencia
88,archipiélago de san andrés y providencia,88001,san andrés,88001000,san andrés (san andrés - archipiélago de san andrés y providencia ),2024,9,19486640,4851929,34290.65,lunes,2024-09-16 15:30:00,24.0,san andrés
13,bolívar,13001,cartagena de indias,13001007,isla fuerte (cartagena de indias - bolívar),2024,9,31801,14619,253.5,sábado,2024-09-14 22:15:00,5.35,cartagena de indias
13,bolívar,13001,cartagena de indias,13001037,isla mucura (cartagena de indias - bolívar),2024,9,0,0,0.0,domingo,2024-09-01 00:00:00,0.0,cartagena de indias
13,bolívar,13001,cartagena de indias,13001017,santa cruz del islote (cartagena de indias - bolívar),2024,9,13441,3944,51.2,martes,2024-09-24 21:15:00,11.12,cartagena de indias
18,caquetá,18150,cartagena del chairá,18150001,remolino del caguan (cartagena del chaira - caquetá),2024,9,9969,4005,109.24,sábado,2024-09-14 19:45:00,3.8,cartagena del chaira
18,caquetá,18150,cartagena del chairá,18150002,santa fe del caguan (cartagena del chaira - caquetá),2024,9,599,249,33.56,sábado,2024-09-21 19:00:00,0.8,cartagena del chaira
18,caquetá,18753,san vicente del caguán,18753002,guacamayas (san vicente del caguán - caquetá),2024,9,10894,4451,32.83,jueves,2024-09-19 18:45:00,17.64,san vicente del caguán
18,caquetá,18753,san vicente del caguán,18753009,puerto betania (san vicente del caguán - caquetá),2024,9,3569,1333,38.96,miércoles,2024-09-25 19:00:00,5.11,san vicente del caguán
19,cauca,19318,guapi,19318008,limones (guapi - cauca),2024,9,8446,3448,39.74,lunes,2024-09-09 19:30:00,9.38,guapi
19,cauca,19318,guapi,19318013,san antonio de guajui (guapi - cauca),2024,9,11403,6256,53.93,jueves,2024-09-26 19:00:00,8.97,guapi
19,cauca,19418,lópez (micay),19418009,noanamito (lópez de micay - cauca),2024,9,6210,2883,40.0,domingo,2024-09-01 18:45:00,7.08,lópez de micay
19,cauca,19809,timbiquí,19809014,chacon (timbiquí - cauca),2024,9,4378,1109,21.49,sábado,2024-09-21 19:15:00,8.51,timbiquí
19,cauca,19809,timbiquí,19809010,comunidad de chete (timbiquí - cauca),2024,9,4963,1932,30.4,viernes,2024-09-13 19:15:00,6.38,timbiquí
19,cauca,19809,timbiquí,19809003,coteje (timbiquí - cauca),2024,9,6188,4660,30.32,lunes,2024-09-23 22:00:00,8.88,timbiquí
19,cauca,19809,timbiquí,19809007,san jose (timbiquí - cauca),2024,9,5782,3786,35.57,lunes,2024-09-02 19:15:00,6.61,timbiquí
19,cauca,19809,timbiquí,19809009,santa rosa de saija (timbiquí - cauca),2024,9,4213,1343,23.71,sábado,2024-09-07 20:30:00,7.94,timbiquí
27,chocó,27006,acandí,27006000,acandí (acandí - chocó),2024,9,662116,187882,1569.39,martes,2024-09-10 21:45:00,18.93,acandí
27,chocó,27006,acandí,27006003,capurgana (acandí - chocó),2024,9,280582,94900,793.32,jueves,2024-09-26 22:15:00,19.9,acandí
27,chocó,27006,acandí,27006007,san francisco (acandí - chocó),2024,9,0,0,0.06,viernes,2024-09-27 09:45:00,0.0,acandí
27,chocó,27025,alto baudó,27025000,ciudad baudo - pie de pato (alto baudo - chocó),2024,9,48702,17325,137.81,jueves,2024-09-19 12:15:00,20.28,alto baudo
27,chocó,27075,bahía solano,27075000,ciudad mutis (bahía solano - chocó),2024,9,821850,243420,1564.64,jueves,2024-09-19 19:30:00,23.72,bahía solano
27,chocó,27075,bahía solano,27075001,cupica (bahía solano - chocó),2024,9,62087,17933,135.02,domingo,2024-09-29 19:00:00,23.52,bahía solano
27,chocó,27075,bahía solano,27075002,el valle (bahía solano - chocó),2024,9,187282,63408,373.82,miércoles,2024-09-11 19:45:00,23.48,bahía solano
27,chocó,27077,bajo baudó,27077905,buenavista (bajo baudó - chocó),2024,9,4170,1685,20.58,jueves,2024-09-26 20:30:00,10.36,bajo baudó
27,chocó,27077,bajo baudó,27077029,firme de usarga (bajo baudó - chocó),2024,9,668,300,6.87,sábado,2024-09-07 18:30:00,4.33,bajo baudó
27,chocó,27077,bajo baudó,27077026,guineal (bajo baudó - chocó),2024,9,3584,1792,34.8,miércoles,2024-09-04 19:15:00,5.34,bajo baudó
27,chocó,27077,bajo baudó,27077008,orpua (bajo baudó - chocó),2024,9,351,185,5.06,domingo,2024-09-01 19:00:00,3.55,bajo baudó
27,chocó,27077,bajo baudó,27077011,piliza - bellavista - villa luz (bajo baudó - chocó),2024,9,1504,394,32.0,viernes,2024-09-06 18:45:00,2.1,bajo baudó
27,chocó,27077,bajo baudó,27077000,pizarro (bajo baudó - chocó),2024,9,206384,81596,528.0,lunes,2024-09-09 19:00:00,19.77,bajo baudó
27,chocó,27077,bajo baudó,27077016,siviru (bajo baudó - chocó),2024,9,0,0,0.0,domingo,2024-09-01 00:00:00,0.0,bajo baudó
27,chocó,27077,bajo baudó,27077916,terron (bajo baudó - chocó),2024,9,3447,1415,24.02,viernes,2024-09-13 18:30:00,6.93,bajo baudó
27,chocó,27099,bojayá,27099000,bellavista (bojayá - chocó),2024,9,97620,28649,249.36,jueves,2024-09-12 19:45:00,16.81,bojayá
27,chocó,27099,bojayá,27099002,la loma de bojaya (bojayá - chocó),2024,9,8725,3426,51.2,lunes,2024-09-09 19:15:00,7.87,bojayá
27,chocó,27099,bojayá,27099005,napipi (bojayá - chocó),2024,9,9755,3403,83.2,miércoles,2024-09-11 19:30:00,6.58,bojayá
27,chocó,27099,bojayá,27099030,piedra candela (bojayá - chocó),2024,9,6808,3039,35.04,jueves,2024-09-19 16:15:00,8.59,bojayá
27,chocó,27099,bojayá,27099012,pogue (bojayá - chocó),2024,9,0,0,0.0,domingo,2024-09-01 00:00:00,0.0,bojayá
27,chocó,27099,bojayá,27099008,puerto conto (bojayá - chocó),2024,9,13049,4118,64.8,sábado,2024-09-14 17:00:00,8.65,bojayá
27,chocó,27250,el litoral del san juan,27250000,santa genoveva de docordo (el litoral del san juan - chocó),2024,9,85654,43601,233.11,miércoles,2024-09-18 18:45:00,16.25,el litoral del san juan
27,chocó,27372,juradó,27372000,jurado (jurado - chocó),2024,9,168389,57054,338.4,lunes,2024-09-02 19:45:00,22.48,jurado
27,chocó,27425,medio atrato,27425000,bete (medio atrato - chocó),2024,9,18704,8409,68.0,jueves,2024-09-05 12:30:00,12.53,medio atrato
27,chocó,27425,medio atrato,27425008,san roque (medio atrato - chocó),2024,9,2029,974,18.89,viernes,2024-09-20 19:00:00,4.83,medio atrato
27,chocó,27495,nuquí,27495001,arusi (nuquí - chocó),2024,9,20329,7822,60.0,martes,2024-09-24 19:45:00,15.51,nuquí
27,chocó,27495,nuquí,27495011,comunidad de puerto jagua (nuquí - chocó),2024,9,881,391,6.12,domingo,2024-09-29 20:00:00,5.92,nuquí
27,chocó,27495,nuquí,27495912,comunidad indígena de pangui - el yucal (nuquí - chocó),2024,9,7859,2960,11.5,martes,2024-09-03 14:30:00,23.33,nuquí
27,chocó,27495,nuquí,27495003,jurubira (nuquí - chocó),2024,9,18818,6856,60.24,lunes,2024-09-09 19:00:00,14.56,nuquí
27,chocó,27495,nuquí,27495000,nuquí (nuquí - chocó),2024,9,297826,99878,555.1,viernes,2024-09-13 19:15:00,23.95,nuquí
27,chocó,27001,quibdó,27001029,tagachi (quibdó - chocó),2024,9,1799,675,36.82,domingo,2024-09-29 19:15:00,2.11,quibdó
27,chocó,27800,unguía,27800001,balboa (unguía - chocó),2024,9,17656,7878,89.87,viernes,2024-09-27 20:30:00,12.68,unguía
27,chocó,27800,unguía,27800005,titumate (unguía - chocó),2024,9,16562,4309,71.1,domingo,2024-09-01 20:00:00,10.43,unguía
27,chocó,27800,unguía,27800000,unguía (unguía - chocó),2024,9,489283,152548,1051.78,domingo,2024-09-15 19:45:00,22.18,unguía
94,guainía,94001,inírida,94001905,chorro bocon (inírida - guainía),2024,9,5541,579,18.6,miércoles,2024-09-04 19:45:00,16.27,inírida
94,guainía,94001,inírida,94001000,inírida (inírida - guainía),2024,9,2244801,600627,4430.8,martes,2024-09-24 14:30:00,24.0,inírida
44,la guajira,44847,uribia,44847003,cabo de la vela (uribia - la guajira),2024,9,12522,684,115.14,martes,2024-09-17 19:00:00,5.21,uribia
44,la guajira,44847,uribia,44847012,nazareth (uribia - la guajira),2024,9,30472,6465,265.44,lunes,2024-09-02 19:00:00,4.86,uribia
47,magdalena,47189,ciénaga,47189018,palmor (ciénaga - magdalena),2024,9,91663,31673,181.63,domingo,2024-09-15 12:00:00,23.38,ciénaga
50,meta,50325,mapiripán,50325000,mapiripan (mapiripan - meta),2024,9,195836,64160,374.88,lunes,2024-09-30 18:30:00,24.0,mapiripan
52,nariño,52250,el charco,52250016,alteron - uribe uribe (el charco - nariño),2024,9,121,79,5.52,lunes,2024-09-02 19:45:00,0.87,el charco
52,nariño,52250,el charco,52250022,el cuil pueblo nuevo (el charco - nariño),2024,9,2728,1237,30.24,martes,2024-09-24 20:00:00,3.66,el charco
52,nariño,52250,el charco,52250005,las mercedes (el charco - nariño),2024,9,598,193,8.06,martes,2024-09-03 19:45:00,3.08,el charco
52,nariño,52250,el charco,52250007,san jose del tapaje (el charco - nariño),2024,9,10578,2008,96.0,sábado,2024-09-21 19:00:00,5.45,el charco
52,nariño,52390,la tola,52390005,aguacatal (la tola - nariño),2024,9,1970,423,9.34,viernes,2024-09-13 13:15:00,8.48,la tola
52,nariño,52390,la tola,52390013,amarales (la tola - nariño),2024,9,7192,2010,55.23,viernes,2024-09-13 19:15:00,6.52,la tola
52,nariño,52390,la tola,52390003,la vigia de la mar (la tola - nariño),2024,9,5891,2948,26.68,domingo,2024-09-29 12:30:00,10.84,la tola
52,nariño,52390,la tola,52390009,mulatos (la tola - nariño),2024,9,4221,2324,26.94,martes,2024-09-17 16:45:00,8.12,la tola
52,nariño,52390,la tola,52390016,san pablo del mar (la tola - nariño),2024,9,5431,1953,25.22,viernes,2024-09-27 18:45:00,9.43,la tola
52,nariño,52427,magüí,52427910,el rosario (magüi - nariño),2024,9,0,0,0.0,domingo,2024-09-01 00:00:00,0.0,magüi
52,nariño,52473,mosquera,52473010,el bajito de echandia (mosquera - nariño),2024,9,3020,1178,14.64,sábado,2024-09-28 11:45:00,10.31,mosquera
52,nariño,52490,olaya herrera,52490913,boca de prieta (olaya herrera - nariño),2024,9,2040,660,12.34,lunes,2024-09-09 19:45:00,6.55,olaya herrera
52,nariño,52621,roberto payán,52621912,tamaje (roberto payan - nariño),2024,9,3415,1281,23.74,domingo,2024-09-22 19:15:00,6.13,roberto payan
52,nariño,52835,san andrés de tumaco,52835055,bocas de curay (san andrés de tumaco - nariño),2024,9,9232,3531,50.4,miércoles,2024-09-25 19:15:00,8.43,san andrés de tumaco
52,nariño,52835,san andrés de tumaco,52835217,san juan de la costa (san andrés de tumaco - nariño),2024,9,22843,8996,115.2,miércoles,2024-09-25 18:45:00,9.94,san andrés de tumaco
52,nariño,52696,santa bárbara,52696014,la ensenada (santa bárbara - nariño),2024,9,3193,1294,31.1,sábado,2024-09-14 18:45:00,6.51,santa bárbara
86,putumayo,86573,puerto leguizamo,86573009,piñuña negro (puerto leguizamo - putumayo),2024,9,2634,1652,25.6,sábado,2024-09-14 20:00:00,5.2,puerto leguizamo
86,putumayo,86573,puerto leguizamo,86573000,puerto leguizamo (puerto leguizamo - putumayo),2024,9,915606,239217,1951.14,martes,2024-09-03 19:00:00,23.85,puerto leguizamo
76,valle del cauca,76109,buenaventura,76109930,galvez (buenaventura - valle del cauca),2024,9,3459,686,12.19,lunes,2024-09-16 17:45:00,18.89,buenaventura
76,valle del cauca,76109,buenaventura,76109957,humanes mar (buenaventura - valle del cauca),2024,9,6127,1579,29.44,domingo,2024-09-29 10:45:00,10.14,buenaventura
76,valle del cauca,76109,buenaventura,76109069,papayal 1 (buenaventura - valle del cauca),2024,9,7556,1352,43.49,miércoles,2024-09-04 18:45:00,10.83,buenaventura
76,valle del cauca,76109,buenaventura,76109028,puerto merizalde (buenaventura - valle del cauca),2024,9,94103,31620,206.45,viernes,2024-09-27 20:15:00,20.93,buenaventura
76,valle del cauca,76109,buenaventura,76109081,punta bonita (buenaventura - valle del cauca),2024,9,4349,3881,20.05,domingo,2024-09-01 19:00:00,9.26,buenaventura
76,valle del cauca,76109,buenaventura,76109032,san francisco naya (buenaventura - valle del cauca),2024,9,8142,3367,34.27,lunes,2024-09-02 11:30:00,10.78,buenaventura
76,valle del cauca,76109,buenaventura,76109034,san isidro - calima (buenaventura - valle del cauca),2024,9,2919,492,25.24,jueves,2024-09-05 19:15:00,4.69,buenaventura
97,vaupés,97161,carurú,97161000,carurú (carurú - vaupés),2024,9,35746,8582,92.14,martes,2024-09-24 18:30:00,17.22,carurú
97,vaupés,97001,mitú,97001000,mitú (mitú - vaupés),2024,9,1632356,385301,3355.1,martes,2024-09-24 13:00:00,24.0,mitú
97,vaupés,97666,taraira,97666000,taraira (taraira - vaupés),2024,9,45482,12302,138.16,lunes,2024-09-16 12:30:00,14.25,taraira
99,vichada,99001,puerto carreño,99001000,puerto carreño (puerto carreño - vichada),2024,9,2506803,703817,5147.12,jueves,2024-09-12 13:45:00,24.0,puerto carreño
91,amazonas,91001,leticia,91001000,leticia (leticia - amazonas),2024,9,4468740,1128508,8735.74,viernes,2024-09-20 14:30:00,24.0,leticia
91,amazonas,91540,puerto nariño,91540000,puerto nariño (puerto nariño - amazonas),2024,10,143343,47284,296.0,jueves,2024-10-17 18:15:00,24.0,puerto nariño
91,amazonas,91798,tarapaca (anm),91798000,tarapaca (tarapaca (anm) - amazonas),2024,10,25722,11455,94.45,miércoles,2024-10-02 14:30:00,10.27,tarapaca (anm)
05,antioquia,05873,vigía del fuerte,05873010,la playa murri  (vigía del fuerte - antioquia),2024,10,5792,2428,22.55,jueves,2024-10-03 18:30:00,11.4,vigía del fuerte
05,antioquia,05873,vigía del fuerte,05873013,loma murri (vigía del fuerte - antioquia),2024,10,7563,3492,27.64,lunes,2024-10-07 17:30:00,12.02,vigía del fuerte
88,archipiélago de san andrés y providencia,88564,providencia,88564000,providencia (providencia - archipiélago de san andrés y providencia ),2024,10,1157158,248214,2015.32,jueves,2024-10-24 14:30:00,23.98,providencia
13,bolívar,13001,cartagena de indias,13001007,isla fuerte (cartagena de indias - bolívar),2024,10,60909,27005,261.48,sábado,2024-10-12 21:45:00,9.75,cartagena de indias
13,bolívar,13001,cartagena de indias,13001037,isla mucura (cartagena de indias - bolívar),2024,10,0,0,0.0,martes,2024-10-01 00:00:00,0.0,cartagena de indias
13,bolívar,13001,cartagena de indias,13001017,santa cruz del islote (cartagena de indias - bolívar),2024,10,13769,3852,54.08,viernes,2024-10-25 22:30:00,10.57,cartagena de indias
18,caquetá,18150,cartagena del chairá,18150001,remolino del caguan (cartagena del chaira - caquetá),2024,10,10614,4275,104.75,jueves,2024-10-17 19:15:00,3.98,cartagena del chaira
18,caquetá,18150,cartagena del chairá,18150002,santa fe del caguan (cartagena del chaira - caquetá),2024,10,1853,784,37.12,martes,2024-10-22 18:45:00,2.13,cartagena del chaira
18,caquetá,18753,san vicente del caguán,18753002,guacamayas (san vicente del caguán - caquetá),2024,10,11461,4135,35.33,viernes,2024-10-18 20:15:00,17.3,san vicente del caguán
18,caquetá,18753,san vicente del caguán,18753009,puerto betania (san vicente del caguán - caquetá),2024,10,4898,1658,39.2,martes,2024-10-22 19:30:00,5.19,san vicente del caguán
18,caquetá,18753,san vicente del caguán,18753033,villa lobos (san vicente del caguán - caquetá),2024,10,5840,2186,59.98,sábado,2024-10-05 19:45:00,3.91,san vicente del caguán
19,cauca,19318,guapi,19318013,san antonio de guajui (guapi - cauca),2024,10,10491,5719,55.65,martes,2024-10-29 19:15:00,7.94,guapi
19,cauca,19418,lópez (micay),19418009,noanamito (lópez de micay - cauca),2024,10,5550,2571,44.0,lunes,2024-10-28 19:15:00,5.8,lópez de micay
19,cauca,19809,timbiquí,19809014,chacon (timbiquí - cauca),2024,10,4237,1000,23.55,sábado,2024-10-26 18:30:00,7.21,timbiquí
19,cauca,19809,timbiquí,19809010,comunidad de chete (timbiquí - cauca),2024,10,4853,1895,32.29,miércoles,2024-10-30 18:30:00,6.09,timbiquí
19,cauca,19809,timbiquí,19809007,san jose (timbiquí - cauca),2024,10,5319,3342,35.26,miércoles,2024-10-30 19:00:00,5.98,timbiquí
19,cauca,19809,timbiquí,19809009,santa rosa de saija (timbiquí - cauca),2024,10,2838,867,22.39,domingo,2024-10-27 19:15:00,4.93,timbiquí
27,chocó,27006,acandí,27006000,acandí (acandí - chocó),2024,10,700050,199855,1451.47,viernes,2024-10-25 22:15:00,20.2,acandí
27,chocó,27006,acandí,27006007,san francisco (acandí - chocó),2024,10,0,0,0.0,martes,2024-10-01 00:00:00,0.0,acandí
27,chocó,27025,alto baudó,27025000,ciudad baudo - pie de pato (alto baudo - chocó),2024,10,49525,17855,136.66,sábado,2024-10-05 11:30:00,20.7,alto baudo
27,chocó,27075,bahía solano,27075000,ciudad mutis (bahía solano - chocó),2024,10,858004,260374,1523.72,jueves,2024-10-17 18:30:00,23.83,bahía solano
27,chocó,27075,bahía solano,27075001,cupica (bahía solano - chocó),2024,10,46559,17624,144.49,viernes,2024-10-11 19:00:00,17.02,bahía solano
27,chocó,27075,bahía solano,27075002,el valle (bahía solano - chocó),2024,10,113146,38231,372.24,sábado,2024-10-05 19:00:00,13.95,bahía solano
27,chocó,27077,bajo baudó,27077002,belen de docampado (bajo baudó - chocó),2024,10,8011,2852,37.38,sábado,2024-10-26 18:30:00,9.41,bajo baudó
27,chocó,27077,bajo baudó,27077905,buenavista (bajo baudó - chocó),2024,10,4169,1669,17.09,miércoles,2024-10-02 20:30:00,9.81,bajo baudó
27,chocó,27077,bajo baudó,27077029,firme de usarga (bajo baudó - chocó),2024,10,517,229,5.93,lunes,2024-10-28 11:45:00,3.71,bajo baudó
27,chocó,27077,bajo baudó,27077026,guineal (bajo baudó - chocó),2024,10,2627,1961,37.62,domingo,2024-10-27 18:15:00,5.18,bajo baudó
27,chocó,27077,bajo baudó,27077008,orpua (bajo baudó - chocó),2024,10,308,157,5.39,miércoles,2024-10-30 19:30:00,3.06,bajo baudó
27,chocó,27077,bajo baudó,27077011,piliza - bellavista - villa luz (bajo baudó - chocó),2024,10,3472,1076,28.8,viernes,2024-10-25 19:00:00,5.68,bajo baudó
27,chocó,27077,bajo baudó,27077000,pizarro (bajo baudó - chocó),2024,10,121713,47969,465.7,sábado,2024-10-05 18:45:00,11.99,bajo baudó
27,chocó,27077,bajo baudó,27077016,siviru (bajo baudó - chocó),2024,10,0,0,0.0,martes,2024-10-01 00:00:00,0.0,bajo baudó
27,chocó,27077,bajo baudó,27077916,terron (bajo baudó - chocó),2024,10,5259,2260,23.89,sábado,2024-10-05 18:45:00,10.63,bajo baudó
27,chocó,27077,bajo baudó,27077019,virudo (bajo baudó - chocó),2024,10,352,172,26.76,domingo,2024-10-06 20:15:00,0.53,bajo baudó
27,chocó,27099,bojayá,27099005,napipi (bojayá - chocó),2024,10,11485,4061,64.0,viernes,2024-10-04 19:00:00,7.56,bojayá
27,chocó,27099,bojayá,27099008,puerto conto (bojayá - chocó),2024,10,12075,3760,64.8,viernes,2024-10-11 18:30:00,7.6,bojayá
27,chocó,27250,el litoral del san juan,27250000,santa genoveva de docordo (el litoral del san juan - chocó),2024,10,81383,40085,242.09,viernes,2024-10-11 19:15:00,15.27,el litoral del san juan
27,chocó,27372,juradó,27372000,jurado (jurado - chocó),2024,10,182969,61194,344.8,jueves,2024-10-03 19:00:00,23.94,jurado
27,chocó,27425,medio atrato,27425000,bete (medio atrato - chocó),2024,10,19063,8733,68.0,sábado,2024-10-26 11:15:00,12.35,medio atrato
27,chocó,27425,medio atrato,27425008,san roque (medio atrato - chocó),2024,10,1542,700,18.79,martes,2024-10-22 20:30:00,3.73,medio atrato
27,chocó,27495,nuquí,27495001,arusi (nuquí - chocó),2024,10,16399,6235,57.6,sábado,2024-10-05 18:45:00,12.5,nuquí
27,chocó,27495,nuquí,27495011,comunidad de puerto jagua (nuquí - chocó),2024,10,956,401,5.86,lunes,2024-10-14 18:15:00,6.42,nuquí
27,chocó,27495,nuquí,27495912,comunidad indígena de pangui - el yucal (nuquí - chocó),2024,10,6761,1683,12.22,jueves,2024-10-24 08:45:00,19.77,nuquí
27,chocó,27495,nuquí,27495000,nuquí (nuquí - chocó),2024,10,292011,101507,569.89,viernes,2024-10-11 18:30:00,23.0,nuquí
27,chocó,27001,quibdó,27001029,tagachi (quibdó - chocó),2024,10,3983,1398,38.62,martes,2024-10-29 19:30:00,4.48,quibdó
27,chocó,27800,unguía,27800001,balboa (unguía - chocó),2024,10,28284,14449,99.93,domingo,2024-10-13 18:45:00,12.43,unguía
27,chocó,27800,unguía,27800005,titumate (unguía - chocó),2024,10,16535,4124,70.4,jueves,2024-10-17 19:15:00,10.26,unguía
27,chocó,27800,unguía,27800000,unguía (unguía - chocó),2024,10,487097,153321,1018.51,viernes,2024-10-25 19:45:00,22.4,unguía
94,guainía,94001,inírida,94001905,chorro bocon (inírida - guainía),2024,10,5960,709,20.03,domingo,2024-10-06 18:15:00,17.16,inírida
94,guainía,94001,inírida,94001000,inírida (inírida - guainía),2024,10,2463795,654496,4718.56,lunes,2024-10-21 14:45:00,24.0,inírida
44,la guajira,44847,uribia,44847012,nazareth (uribia - la guajira),2024,10,36281,7757,267.36,martes,2024-10-29 18:15:00,5.51,uribia
47,magdalena,47189,ciénaga,47189018,palmor (ciénaga - magdalena),2024,10,108250,43734,216.51,sábado,2024-10-26 18:30:00,23.24,ciénaga
50,meta,50325,mapiripán,50325000,mapiripan (mapiripan - meta),2024,10,200623,64737,392.04,lunes,2024-10-21 18:00:00,24.0,mapiripan
52,nariño,52250,el charco,52250022,el cuil pueblo nuevo (el charco - nariño),2024,10,3449,1581,31.47,viernes,2024-10-25 18:30:00,4.36,el charco
52,nariño,52250,el charco,52250005,las mercedes (el charco - nariño),2024,10,921,518,8.74,sábado,2024-10-12 19:45:00,4.06,el charco
52,nariño,52250,el charco,52250007,san jose del tapaje (el charco - nariño),2024,10,9108,1826,88.0,martes,2024-10-01 19:45:00,5.58,el charco
52,nariño,52390,la tola,52390005,aguacatal (la tola - nariño),2024,10,2708,565,10.14,lunes,2024-10-07 13:45:00,10.83,la tola
52,nariño,52390,la tola,52390013,amarales (la tola - nariño),2024,10,6959,3223,57.5,jueves,2024-10-10 19:30:00,6.4,la tola
52,nariño,52390,la tola,52390003,la vigia de la mar (la tola - nariño),2024,10,4738,2344,29.56,viernes,2024-10-18 19:45:00,7.68,la tola
52,nariño,52390,la tola,52390009,mulatos (la tola - nariño),2024,10,887,562,21.6,jueves,2024-10-03 16:00:00,1.83,la tola
52,nariño,52390,la tola,52390016,san pablo del mar (la tola - nariño),2024,10,6188,2133,25.41,martes,2024-10-08 19:15:00,10.5,la tola
52,nariño,52473,mosquera,52473010,el bajito de echandia (mosquera - nariño),2024,10,3162,1164,15.29,martes,2024-10-22 11:45:00,10.36,mosquera
52,nariño,52835,san andrés de tumaco,52835055,bocas de curay (san andrés de tumaco - nariño),2024,10,5585,1990,50.4,martes,2024-10-01 18:00:00,4.65,san andrés de tumaco
52,nariño,52835,san andrés de tumaco,52835217,san juan de la costa (san andrés de tumaco - nariño),2024,10,22891,9017,121.6,lunes,2024-10-28 18:45:00,9.86,san andrés de tumaco
52,nariño,52696,santa bárbara,52696014,la ensenada (santa bárbara - nariño),2024,10,3437,1564,20.0,martes,2024-10-01 19:45:00,7.0,santa bárbara
86,putumayo,86573,puerto leguizamo,86573009,piñuña negro (puerto leguizamo - putumayo),2024,10,2810,1795,25.6,sábado,2024-10-26 18:30:00,5.35,puerto leguizamo
86,putumayo,86573,puerto leguizamo,86573000,puerto leguizamo (puerto leguizamo - putumayo),2024,10,898093,256776,2103.99,jueves,2024-10-17 13:45:00,22.33,puerto leguizamo
76,valle del cauca,76109,buenaventura,76109957,humanes mar (buenaventura - valle del cauca),2024,10,6391,1226,31.59,sábado,2024-10-26 11:15:00,9.28,buenaventura
76,valle del cauca,76109,buenaventura,76109069,papayal 1 (buenaventura - valle del cauca),2024,10,6167,1463,41.23,sábado,2024-10-26 12:30:00,9.63,buenaventura
76,valle del cauca,76109,buenaventura,76109028,puerto merizalde (buenaventura - valle del cauca),2024,10,105789,36701,218.06,sábado,2024-10-19 19:45:00,23.15,buenaventura
76,valle del cauca,76109,buenaventura,76109081,punta bonita (buenaventura - valle del cauca),2024,10,4127,4261,18.55,sábado,2024-10-12 13:45:00,8.79,buenaventura
76,valle del cauca,76109,buenaventura,76109032,san francisco naya (buenaventura - valle del cauca),2024,10,5979,2432,33.02,domingo,2024-10-27 11:45:00,7.63,buenaventura
76,valle del cauca,76109,buenaventura,76109034,san isidro - calima (buenaventura - valle del cauca),2024,10,5506,1053,26.06,martes,2024-10-08 19:00:00,8.61,buenaventura
97,vaupés,97161,carurú,97161000,carurú (carurú - vaupés),2024,10,36550,7807,93.54,jueves,2024-10-17 19:00:00,16.75,carurú
97,vaupés,97001,mitú,97001000,mitú (mitú - vaupés),2024,10,1699154,402973,3442.16,lunes,2024-10-21 13:30:00,23.92,mitú
97,vaupés,97666,taraira,97666000,taraira (taraira - vaupés),2024,10,48031,13010,139.48,lunes,2024-10-07 12:30:00,14.42,taraira
99,vichada,99001,puerto carreño,99001000,puerto carreño (puerto carreño - vichada),2024,10,2821146,736227,5425.2,lunes,2024-10-21 13:45:00,23.98,puerto carreño
91,amazonas,91001,leticia,91001000,leticia (leticia - amazonas),2024,10,4604704,1149124,8839.17,jueves,2024-10-03 17:45:00,23.91,leticia
91,amazonas,91540,puerto nariño,91540000,puerto nariño (puerto nariño - amazonas),2024,11,132076,42989,281.6,martes,2024-11-19 18:15:00,24.0,puerto nariño
91,amazonas,91798,tarapaca (anm),91798000,tarapaca (tarapaca (anm) - amazonas),2024,11,24872,11436,93.12,viernes,2024-11-29 18:15:00,10.25,tarapaca (anm)
05,antioquia,05873,vigía del fuerte,05873010,la playa murri  (vigía del fuerte - antioquia),2024,11,5699,2378,21.41,martes,2024-11-19 12:45:00,12.19,vigía del fuerte
05,antioquia,05873,vigía del fuerte,05873013,loma murri (vigía del fuerte - antioquia),2024,11,8122,3565,31.65,sábado,2024-11-16 07:30:00,13.77,vigía del fuerte
88,archipiélago de san andrés y providencia,88564,providencia,88564000,providencia (providencia - archipiélago de san andrés y providencia ),2024,11,1082610,224829,1921.21,jueves,2024-11-07 15:00:00,24.0,providencia
13,bolívar,13001,cartagena de indias,13001007,isla fuerte (cartagena de indias - bolívar),2024,11,51103,23051,242.44,sábado,2024-11-09 21:45:00,8.61,cartagena de indias
13,bolívar,13001,cartagena de indias,13001037,isla mucura (cartagena de indias - bolívar),2024,11,4481,1628,18.82,viernes,2024-11-29 23:30:00,9.86,cartagena de indias
13,bolívar,13001,cartagena de indias,13001017,santa cruz del islote (cartagena de indias - bolívar),2024,11,4427,1201,50.11,martes,2024-11-05 22:15:00,3.73,cartagena de indias
18,caquetá,18150,cartagena del chairá,18150001,remolino del caguan (cartagena del chaira - caquetá),2024,11,10502,4183,106.5,sábado,2024-11-02 19:45:00,4.31,cartagena del chaira
18,caquetá,18150,cartagena del chairá,18150002,santa fe del caguan (cartagena del chaira - caquetá),2024,11,3332,1306,40.52,jueves,2024-11-28 18:30:00,3.66,cartagena del chaira
18,caquetá,18753,san vicente del caguán,18753002,guacamayas (san vicente del caguán - caquetá),2024,11,9194,3188,36.94,viernes,2024-11-08 19:15:00,13.37,san vicente del caguán
18,caquetá,18753,san vicente del caguán,18753009,puerto betania (san vicente del caguán - caquetá),2024,11,5952,1949,41.16,viernes,2024-11-22 19:00:00,6.6,san vicente del caguán
19,cauca,19318,guapi,19318013,san antonio de guajui (guapi - cauca),2024,11,11343,6343,53.43,miércoles,2024-11-20 19:15:00,9.03,guapi
19,cauca,19418,lópez (micay),19418009,noanamito (lópez de micay - cauca),2024,11,6096,2925,40.0,viernes,2024-11-01 18:15:00,6.93,lópez de micay
19,cauca,19809,timbiquí,19809014,chacon (timbiquí - cauca),2024,11,4732,1158,23.17,domingo,2024-11-24 19:15:00,8.34,timbiquí
19,cauca,19809,timbiquí,19809010,comunidad de chete (timbiquí - cauca),2024,11,5732,2281,31.87,viernes,2024-11-01 19:15:00,7.53,timbiquí
19,cauca,19809,timbiquí,19809007,san jose (timbiquí - cauca),2024,11,6389,4097,34.37,viernes,2024-11-01 19:30:00,7.73,timbiquí
19,cauca,19809,timbiquí,19809009,santa rosa de saija (timbiquí - cauca),2024,11,3336,1057,21.96,jueves,2024-11-21 18:45:00,6.12,timbiquí
27,chocó,27006,acandí,27006000,acandí (acandí - chocó),2024,11,678331,196012,1397.97,jueves,2024-11-07 22:15:00,20.55,acandí
27,chocó,27006,acandí,27006007,san francisco (acandí - chocó),2024,11,0,0,0.0,viernes,2024-11-01 00:00:00,0.0,acandí
27,chocó,27025,alto baudó,27025000,ciudad baudo - pie de pato (alto baudo - chocó),2024,11,52063,17354,139.48,miércoles,2024-11-06 12:15:00,23.68,alto baudo
27,chocó,27075,bahía solano,27075000,ciudad mutis (bahía solano - chocó),2024,11,775786,237026,1491.16,jueves,2024-11-14 14:15:00,23.77,bahía solano
27,chocó,27075,bahía solano,27075001,cupica (bahía solano - chocó),2024,11,60636,27745,135.18,lunes,2024-11-25 20:00:00,23.6,bahía solano
27,chocó,27075,bahía solano,27075002,el valle (bahía solano - chocó),2024,11,0,0,0.0,viernes,2024-11-01 00:00:00,0.0,bahía solano
27,chocó,27077,bajo baudó,27077002,belen de docampado (bajo baudó - chocó),2024,11,8356,2902,36.06,sábado,2024-11-02 18:30:00,10.52,bajo baudó
27,chocó,27077,bajo baudó,27077905,buenavista (bajo baudó - chocó),2024,11,4801,1848,26.11,viernes,2024-11-15 18:45:00,11.12,bajo baudó
27,chocó,27077,bajo baudó,27077029,firme de usarga (bajo baudó - chocó),2024,11,984,462,6.19,lunes,2024-11-25 18:15:00,7.22,bajo baudó
27,chocó,27077,bajo baudó,27077026,guineal (bajo baudó - chocó),2024,11,2838,2438,37.01,martes,2024-11-12 18:15:00,5.95,bajo baudó
27,chocó,27077,bajo baudó,27077008,orpua (bajo baudó - chocó),2024,11,331,127,4.9,martes,2024-11-12 18:30:00,3.3,bajo baudó
27,chocó,27077,bajo baudó,27077011,piliza - bellavista - villa luz (bajo baudó - chocó),2024,11,3742,1035,28.8,sábado,2024-11-02 18:45:00,5.92,bajo baudó
27,chocó,27077,bajo baudó,27077000,pizarro (bajo baudó - chocó),2024,11,166727,63184,503.18,viernes,2024-11-29 19:00:00,15.57,bajo baudó
27,chocó,27077,bajo baudó,27077016,siviru (bajo baudó - chocó),2024,11,0,0,0.0,viernes,2024-11-01 00:00:00,0.0,bajo baudó
27,chocó,27077,bajo baudó,27077916,terron (bajo baudó - chocó),2024,11,2786,1171,25.01,miércoles,2024-11-06 19:00:00,5.38,bajo baudó
27,chocó,27077,bajo baudó,27077019,virudo (bajo baudó - chocó),2024,11,3538,1781,29.59,viernes,2024-11-22 21:00:00,5.17,bajo baudó
27,chocó,27099,bojayá,27099005,napipi (bojayá - chocó),2024,11,10480,3648,57.6,domingo,2024-11-03 19:45:00,7.48,bojayá
27,chocó,27099,bojayá,27099008,puerto conto (bojayá - chocó),2024,11,12288,3775,62.4,sábado,2024-11-30 18:30:00,8.51,bojayá
27,chocó,27250,el litoral del san juan,27250023,papayo (el litoral del san juan - chocó),2024,11,2183,792,17.3,sábado,2024-11-16 20:00:00,5.09,el litoral del san juan
27,chocó,27250,el litoral del san juan,27250000,santa genoveva de docordo (el litoral del san juan - chocó),2024,11,80972,39662,224.8,jueves,2024-11-07 19:00:00,15.47,el litoral del san juan
27,chocó,27372,juradó,27372000,jurado (jurado - chocó),2024,11,169699,56012,319.68,lunes,2024-11-25 18:45:00,23.98,jurado
27,chocó,27425,medio atrato,27425000,bete (medio atrato - chocó),2024,11,16681,8107,72.0,miércoles,2024-11-06 18:30:00,11.52,medio atrato
27,chocó,27425,medio atrato,27425008,san roque (medio atrato - chocó),2024,11,1316,606,18.5,martes,2024-11-12 20:15:00,3.2,medio atrato
27,chocó,27495,nuquí,27495001,arusi (nuquí - chocó),2024,11,16947,6063,55.2,sábado,2024-11-16 10:45:00,14.01,nuquí
27,chocó,27495,nuquí,27495011,comunidad de puerto jagua (nuquí - chocó),2024,11,1038,419,5.5,sábado,2024-11-02 18:15:00,8.07,nuquí
27,chocó,27495,nuquí,27495912,comunidad indígena de pangui - el yucal (nuquí - chocó),2024,11,6459,1741,11.62,sábado,2024-11-09 11:30:00,21.18,nuquí
27,chocó,27495,nuquí,27495000,nuquí (nuquí - chocó),2024,11,267348,89599,566.72,viernes,2024-11-15 19:00:00,22.99,nuquí
27,chocó,27001,quibdó,27001029,tagachi (quibdó - chocó),2024,11,5261,1820,48.43,domingo,2024-11-17 19:15:00,6.06,quibdó
27,chocó,27800,unguía,27800001,balboa (unguía - chocó),2024,11,24790,12781,94.36,sábado,2024-11-30 18:45:00,11.77,unguía
27,chocó,27800,unguía,27800005,titumate (unguía - chocó),2024,11,13738,3434,63.36,martes,2024-11-05 20:45:00,9.52,unguía
27,chocó,27800,unguía,27800000,unguía (unguía - chocó),2024,11,449777,141181,948.29,miércoles,2024-11-06 18:30:00,22.38,unguía
94,guainía,94001,inírida,94001905,chorro bocon (inírida - guainía),2024,11,5598,550,18.82,domingo,2024-11-17 17:45:00,16.52,inírida
94,guainía,94001,inírida,94001000,inírida (inírida - guainía),2024,11,2367398,625264,4632.32,jueves,2024-11-07 14:30:00,24.0,inírida
95,guaviare,95200,miraflores,95200000,miraflores (miraflores - guaviare),2024,11,130789,21127,298.08,jueves,2024-11-07 18:00:00,24.0,miraflores
47,magdalena,47189,ciénaga,47189018,palmor (ciénaga - magdalena),2024,11,108779,49619,222.98,sábado,2024-11-30 18:00:00,21.71,ciénaga
50,meta,50325,mapiripán,50325000,mapiripan (mapiripan - meta),2024,11,193935,62878,399.52,jueves,2024-11-07 18:15:00,24.0,mapiripan
52,nariño,52250,el charco,52250022,el cuil pueblo nuevo (el charco - nariño),2024,11,3806,1855,31.02,miércoles,2024-11-06 18:45:00,4.93,el charco
52,nariño,52250,el charco,52250007,san jose del tapaje (el charco - nariño),2024,11,14146,3156,88.0,viernes,2024-11-01 18:45:00,8.29,el charco
52,nariño,52390,la tola,52390005,aguacatal (la tola - nariño),2024,11,1897,390,11.9,jueves,2024-11-21 18:45:00,7.22,la tola
52,nariño,52390,la tola,52390013,amarales (la tola - nariño),2024,11,6460,2916,57.09,viernes,2024-11-08 19:45:00,5.55,la tola
52,nariño,52390,la tola,52390003,la vigia de la mar (la tola - nariño),2024,11,6047,2969,29.48,lunes,2024-11-18 11:30:00,10.28,la tola
52,nariño,52390,la tola,52390009,mulatos (la tola - nariño),2024,11,2868,2153,23.68,viernes,2024-11-15 17:00:00,6.03,la tola
52,nariño,52390,la tola,52390016,san pablo del mar (la tola - nariño),2024,11,4190,1341,27.2,martes,2024-11-19 19:15:00,7.17,la tola
52,nariño,52473,mosquera,52473010,el bajito de echandia (mosquera - nariño),2024,11,2966,1065,14.69,viernes,2024-11-15 11:00:00,9.93,mosquera
52,nariño,52835,san andrés de tumaco,52835055,bocas de curay (san andrés de tumaco - nariño),2024,11,6984,2555,48.0,lunes,2024-11-04 18:45:00,6.17,san andrés de tumaco
52,nariño,52835,san andrés de tumaco,52835217,san juan de la costa (san andrés de tumaco - nariño),2024,11,24517,9390,112.0,jueves,2024-11-14 18:30:00,10.54,san andrés de tumaco
52,nariño,52696,santa bárbara,52696014,la ensenada (santa bárbara - nariño),2024,11,3041,1244,19.17,miércoles,2024-11-06 18:30:00,6.51,santa bárbara
86,putumayo,86573,puerto leguizamo,86573009,piñuña negro (puerto leguizamo - putumayo),2024,11,3005,1887,25.6,sábado,2024-11-09 18:30:00,5.7,puerto leguizamo
86,putumayo,86573,puerto leguizamo,86573000,puerto leguizamo (puerto leguizamo - putumayo),2024,11,870952,262911,1947.35,jueves,2024-11-07 18:15:00,23.98,puerto leguizamo
76,valle del cauca,76109,buenaventura,76109957,humanes mar (buenaventura - valle del cauca),2024,11,6866,1267,44.96,domingo,2024-11-24 10:45:00,7.99,buenaventura
76,valle del cauca,76109,buenaventura,76109069,papayal 1 (buenaventura - valle del cauca),2024,11,8234,1476,48.28,miércoles,2024-11-06 12:15:00,9.59,buenaventura
76,valle del cauca,76109,buenaventura,76109028,puerto merizalde (buenaventura - valle del cauca),2024,11,103366,33185,213.14,viernes,2024-11-15 20:15:00,23.69,buenaventura
76,valle del cauca,76109,buenaventura,76109081,punta bonita (buenaventura - valle del cauca),2024,11,5335,4517,24.85,domingo,2024-11-17 19:15:00,9.09,buenaventura
76,valle del cauca,76109,buenaventura,76109032,san francisco naya (buenaventura - valle del cauca),2024,11,8681,3550,32.54,sábado,2024-11-02 11:00:00,11.9,buenaventura
76,valle del cauca,76109,buenaventura,76109034,san isidro - calima (buenaventura - valle del cauca),2024,11,5424,1173,24.55,jueves,2024-11-07 18:15:00,8.92,buenaventura
97,vaupés,97161,carurú,97161000,carurú (carurú - vaupés),2024,11,38425,7362,102.7,sábado,2024-11-30 19:30:00,17.32,carurú
97,vaupés,97001,mitú,97001000,mitú (mitú - vaupés),2024,11,1658328,392570,3393.03,miércoles,2024-11-06 12:00:00,23.82,mitú
97,vaupés,97666,taraira,97666000,taraira (taraira - vaupés),2024,11,43619,11786,141.77,viernes,2024-11-01 19:00:00,14.1,taraira
99,vichada,99001,puerto carreño,99001000,puerto carreño (puerto carreño - vichada),2024,11,2685473,714530,5443.68,jueves,2024-11-07 13:15:00,23.98,puerto carreño
91,amazonas,91001,leticia,91001000,leticia (leticia - amazonas),2024,11,4221651,1045136,8610.86,viernes,2024-11-01 14:30:00,24.0,leticia
91,amazonas,91540,puerto nariño,91540000,puerto nariño (puerto nariño - amazonas),2024,12,130560,43031,270.4,lunes,2024-12-02 18:45:00,23.87,puerto nariño
05,antioquia,05873,vigía del fuerte,05873010,la playa murri  (vigía del fuerte - antioquia),2024,12,6644,2789,26.12,martes,2024-12-31 21:00:00,13.65,vigía del fuerte
05,antioquia,05873,vigía del fuerte,05873013,loma murri (vigía del fuerte - antioquia),2024,12,8494,3657,25.36,miércoles,2024-12-25 15:15:00,14.23,vigía del fuerte
88,archipiélago de san andrés y providencia,88564,providencia,88564000,providencia (providencia - archipiélago de san andrés y providencia ),2024,12,1137292,227963,1835.43,miércoles,2024-12-11 22:15:00,24.0,providencia
88,archipiélago de san andrés y providencia,88001,san andrés,88001000,san andrés (san andrés - archipiélago de san andrés y providencia ),2024,12,18531619,4696476,31091.13,miércoles,2024-12-11 15:45:00,23.99,san andrés
13,bolívar,13001,cartagena de indias,13001007,isla fuerte (cartagena de indias - bolívar),2024,12,33251,14660,254.33,sábado,2024-12-28 22:00:00,5.07,cartagena de indias
13,bolívar,13001,cartagena de indias,13001037,isla mucura (cartagena de indias - bolívar),2024,12,6690,2262,22.18,lunes,2024-12-30 23:00:00,12.05,cartagena de indias
18,caquetá,18150,cartagena del chairá,18150002,santa fe del caguan (cartagena del chaira - caquetá),2024,12,3660,1435,39.52,jueves,2024-12-05 18:45:00,3.92,cartagena del chaira
18,caquetá,18753,san vicente del caguán,18753002,guacamayas (san vicente del caguán - caquetá),2024,12,12708,4715,39.79,martes,2024-12-31 18:45:00,18.02,san vicente del caguán
18,caquetá,18753,san vicente del caguán,18753009,puerto betania (san vicente del caguán - caquetá),2024,12,6819,2338,45.28,martes,2024-12-31 20:00:00,7.12,san vicente del caguán
19,cauca,19318,guapi,19318013,san antonio de guajui (guapi - cauca),2024,12,11803,6563,57.25,lunes,2024-12-02 19:15:00,8.9,guapi
19,cauca,19418,lópez (micay),19418009,noanamito (lópez de micay - cauca),2024,12,6763,3257,40.0,domingo,2024-12-01 19:15:00,7.55,lópez de micay
19,cauca,19809,timbiquí,19809014,chacon (timbiquí - cauca),2024,12,3271,368,21.68,viernes,2024-12-06 17:00:00,7.35,timbiquí
19,cauca,19809,timbiquí,19809010,comunidad de chete (timbiquí - cauca),2024,12,5270,2100,31.49,jueves,2024-12-12 19:00:00,6.9,timbiquí
19,cauca,19809,timbiquí,19809007,san jose (timbiquí - cauca),2024,12,7197,4144,35.57,martes,2024-12-10 18:15:00,8.05,timbiquí
19,cauca,19809,timbiquí,19809009,santa rosa de saija (timbiquí - cauca),2024,12,3581,1206,20.4,lunes,2024-12-02 19:45:00,7.43,timbiquí
27,chocó,27006,acandí,27006000,acandí (acandí - chocó),2024,12,714301,201068,1418.38,jueves,2024-12-05 22:00:00,20.16,acandí
27,chocó,27006,acandí,27006007,san francisco (acandí - chocó),2024,12,17978,4926,134.53,martes,2024-12-31 19:15:00,6.11,acandí
27,chocó,27025,alto baudó,27025000,ciudad baudo - pie de pato (alto baudo - chocó),2024,12,52657,18317,118.98,jueves,2024-12-12 12:00:00,23.93,alto baudo
27,chocó,27075,bahía solano,27075001,cupica (bahía solano - chocó),2024,12,67518,25672,133.85,viernes,2024-12-06 19:45:00,23.75,bahía solano
27,chocó,27077,bajo baudó,27077002,belen de docampado (bajo baudó - chocó),2024,12,8896,3034,38.55,viernes,2024-12-27 10:45:00,10.7,bajo baudó
27,chocó,27077,bajo baudó,27077905,buenavista (bajo baudó - chocó),2024,12,4937,1837,18.78,sábado,2024-12-28 19:15:00,11.69,bajo baudó
27,chocó,27077,bajo baudó,27077029,firme de usarga (bajo baudó - chocó),2024,12,1377,658,6.24,jueves,2024-12-05 11:00:00,9.79,bajo baudó
27,chocó,27077,bajo baudó,27077026,guineal (bajo baudó - chocó),2024,12,3428,3052,29.72,jueves,2024-12-19 19:00:00,7.2,bajo baudó
27,chocó,27077,bajo baudó,27077008,orpua (bajo baudó - chocó),2024,12,348,246,4.49,jueves,2024-12-05 19:00:00,3.66,bajo baudó
27,chocó,27077,bajo baudó,27077011,piliza - bellavista - villa luz (bajo baudó - chocó),2024,12,5138,1438,32.0,viernes,2024-12-06 18:45:00,7.44,bajo baudó
27,chocó,27077,bajo baudó,27077000,pizarro (bajo baudó - chocó),2024,12,206787,78730,493.15,viernes,2024-12-06 19:30:00,20.27,bajo baudó
27,chocó,27077,bajo baudó,27077016,siviru (bajo baudó - chocó),2024,12,3083,1251,41.57,martes,2024-12-17 18:30:00,3.31,bajo baudó
27,chocó,27099,bojayá,27099005,napipi (bojayá - chocó),2024,12,10485,3675,64.0,martes,2024-12-24 19:45:00,7.04,bojayá
27,chocó,27250,el litoral del san juan,27250023,papayo (el litoral del san juan - chocó),2024,12,3939,1446,17.0,martes,2024-12-31 15:45:00,9.39,el litoral del san juan
27,chocó,27250,el litoral del san juan,27250000,santa genoveva de docordo (el litoral del san juan - chocó),2024,12,86770,42841,239.18,martes,2024-12-31 19:30:00,15.9,el litoral del san juan
27,chocó,27361,istmina,27361021,panamacito (istmina - chocó),2024,12,2454,360,12.71,martes,2024-12-17 20:15:00,7.76,istmina
27,chocó,27372,juradó,27372000,jurado (jurado - chocó),2024,12,188473,60323,332.8,miércoles,2024-12-18 18:30:00,23.9,jurado
27,chocó,27425,medio atrato,27425000,bete (medio atrato - chocó),2024,12,15141,6933,84.0,sábado,2024-12-28 18:30:00,9.23,medio atrato
27,chocó,27425,medio atrato,27425008,san roque (medio atrato - chocó),2024,12,991,466,21.7,lunes,2024-12-30 20:00:00,2.15,medio atrato
27,chocó,27495,nuquí,27495001,arusi (nuquí - chocó),2024,12,18354,6973,60.0,sábado,2024-12-28 19:00:00,15.2,nuquí
27,chocó,27495,nuquí,27495011,comunidad de puerto jagua (nuquí - chocó),2024,12,1115,362,5.81,miércoles,2024-12-04 18:00:00,8.06,nuquí
27,chocó,27495,nuquí,27495912,comunidad indígena de pangui - el yucal (nuquí - chocó),2024,12,8280,2215,14.26,domingo,2024-12-22 07:00:00,23.36,nuquí
27,chocó,27495,nuquí,27495000,nuquí (nuquí - chocó),2024,12,303549,98869,534.34,sábado,2024-12-28 18:45:00,24.0,nuquí
27,chocó,27001,quibdó,27001029,tagachi (quibdó - chocó),2024,12,5390,1950,42.02,martes,2024-12-31 19:30:00,6.08,quibdó
27,chocó,27800,unguía,27800001,balboa (unguía - chocó),2024,12,28726,14096,97.77,martes,2024-12-24 18:45:00,12.56,unguía
27,chocó,27800,unguía,27800005,titumate (unguía - chocó),2024,12,14723,3534,65.21,lunes,2024-12-30 20:15:00,9.47,unguía
27,chocó,27800,unguía,27800000,unguía (unguía - chocó),2024,12,487918,152095,932.45,miércoles,2024-12-18 19:00:00,22.46,unguía
94,guainía,94001,inírida,94001905,chorro bocon (inírida - guainía),2024,12,5249,405,17.83,martes,2024-12-31 18:15:00,17.3,inírida
94,guainía,94001,inírida,94001000,inírida (inírida - guainía),2024,12,2323888,611281,6138.0,lunes,2024-12-16 17:15:00,23.95,inírida
95,guaviare,95200,miraflores,95200000,miraflores (miraflores - guaviare),2024,12,125950,20195,249.5,martes,2024-12-03 18:00:00,24.0,miraflores
47,magdalena,47189,ciénaga,47189018,palmor (ciénaga - magdalena),2024,12,124881,55098,221.12,domingo,2024-12-22 11:45:00,23.73,ciénaga
50,meta,50325,mapiripán,50325000,mapiripan (mapiripan - meta),2024,12,203251,66779,388.08,miércoles,2024-12-04 18:15:00,24.0,mapiripan
52,nariño,52250,el charco,52250022,el cuil pueblo nuevo (el charco - nariño),2024,12,5660,2596,34.05,domingo,2024-12-29 18:30:00,7.19,el charco
52,nariño,52250,el charco,52250005,las mercedes (el charco - nariño),2024,12,857,1466,10.11,martes,2024-12-31 20:30:00,3.87,el charco
52,nariño,52250,el charco,52250007,san jose del tapaje (el charco - nariño),2024,12,7048,2428,56.0,domingo,2024-12-01 18:00:00,7.74,el charco
52,nariño,52390,la tola,52390005,aguacatal (la tola - nariño),2024,12,2685,579,11.36,jueves,2024-12-12 13:15:00,10.49,la tola
52,nariño,52390,la tola,52390013,amarales (la tola - nariño),2024,12,9989,4479,54.82,martes,2024-12-24 19:30:00,8.78,la tola
52,nariño,52390,la tola,52390003,la vigia de la mar (la tola - nariño),2024,12,5949,2682,30.2,lunes,2024-12-16 11:45:00,9.61,la tola
52,nariño,52390,la tola,52390009,mulatos (la tola - nariño),2024,12,1908,696,19.87,martes,2024-12-31 21:00:00,4.38,la tola
52,nariño,52390,la tola,52390016,san pablo del mar (la tola - nariño),2024,12,6249,2103,24.51,sábado,2024-12-28 13:30:00,10.73,la tola
52,nariño,52473,mosquera,52473010,el bajito de echandia (mosquera - nariño),2024,12,3344,1245,18.48,lunes,2024-12-09 18:45:00,10.6,mosquera
52,nariño,52835,san andrés de tumaco,52835055,bocas de curay (san andrés de tumaco - nariño),2024,12,11126,3182,60.0,viernes,2024-12-20 18:00:00,7.49,san andrés de tumaco
52,nariño,52835,san andrés de tumaco,52835217,san juan de la costa (san andrés de tumaco - nariño),2024,12,27804,10662,112.0,sábado,2024-12-21 18:45:00,11.74,san andrés de tumaco
52,nariño,52696,santa bárbara,52696014,la ensenada (santa bárbara - nariño),2024,12,3310,1474,20.32,jueves,2024-12-19 20:15:00,7.02,santa bárbara
86,putumayo,86573,puerto leguizamo,86573009,piñuña negro (puerto leguizamo - putumayo),2024,12,3110,2038,25.6,sábado,2024-12-07 19:00:00,5.68,puerto leguizamo
86,putumayo,86573,puerto leguizamo,86573000,puerto leguizamo (puerto leguizamo - putumayo),2024,12,958470,270068,1901.77,martes,2024-12-03 14:30:00,23.44,puerto leguizamo
76,valle del cauca,76109,buenaventura,76109957,humanes mar (buenaventura - valle del cauca),2024,12,3839,500,38.77,domingo,2024-12-01 08:45:00,10.09,buenaventura
76,valle del cauca,76109,buenaventura,76109028,puerto merizalde (buenaventura - valle del cauca),2024,12,99721,31275,202.22,jueves,2024-12-12 19:30:00,21.39,buenaventura
76,valle del cauca,76109,buenaventura,76109081,punta bonita (buenaventura - valle del cauca),2024,12,4836,2916,24.11,jueves,2024-12-12 17:30:00,7.75,buenaventura
76,valle del cauca,76109,buenaventura,76109032,san francisco naya (buenaventura - valle del cauca),2024,12,8964,3640,32.42,lunes,2024-12-02 12:00:00,11.83,buenaventura
76,valle del cauca,76109,buenaventura,76109034,san isidro - calima (buenaventura - valle del cauca),2024,12,3811,876,22.55,miércoles,2024-12-04 19:00:00,8.1,buenaventura
97,vaupés,97161,carurú,97161000,carurú (carurú - vaupés),2024,12,38890,7075,97.86,martes,2024-12-03 19:00:00,17.28,carurú
97,vaupés,97001,mitú,97001000,mitú (mitú - vaupés),2024,12,1607906,390283,3392.9,jueves,2024-12-05 11:45:00,23.96,mitú
97,vaupés,97666,taraira,97666000,taraira (taraira - vaupés),2024,12,42504,11497,122.58,sábado,2024-12-07 12:45:00,14.45,taraira
99,vichada,99001,puerto carreño,99001000,puerto carreño (puerto carreño - vichada),2024,12,2962215,784232,5250.08,miércoles,2024-12-11 14:15:00,24.0,puerto carreño
91,amazonas,91001,leticia,91001000,leticia (leticia - amazonas),2024,12,4161683,1019028,8285.71,lunes,2024-12-02 15:30:00,24.0,leticia
05,antioquia,05873,vigía del fuerte,05873001,san antonio de padua(vigía del fuerte - antioquia),2025,1,6481,0,44.64,jueves,2025-01-23 19:45:00,8.2661,vigía del fuerte
05,antioquia,05873,vigía del fuerte,05873005,san miguel(vigía del fuerte - antioquia),2025,1,3887,1762,18.44,miércoles,2025-01-29 18:45:00,8.4435,vigía del fuerte
05,antioquia,05873,vigía del fuerte,05873010,la playa murri (vigía del fuerte - antioquia),2025,1,3806,1427,25.43,martes,2025-01-21 19:15:00,7.621,vigía del fuerte
05,antioquia,05873,vigía del fuerte,05873013,loma murri(vigía del fuerte - antioquia),2025,1,5850,2360,30.77,jueves,2025-01-16 18:45:00,8.9758,vigía del fuerte
05,antioquia,05873,vigía del fuerte,05873910,puerto medellín(vigía del fuerte - antioquia),2025,1,2357,806,10.88,martes,2025-01-14 19:45:00,10.4677,vigía del fuerte
05,antioquia,05873,vigía del fuerte,05873913,jarapeto (resguardo indígena)(vigía del fuerte - antioquia),2025,1,384,201,3.59,miércoles,2025-01-01 17:45:00,4.5403,vigía del fuerte
13,bolívar,13001,cartagena de indias,13001007,isla fuerte(cartagena de indias - bolívar),2025,1,37563,15681,269.38,miércoles,2025-01-01 23:15:00,5.6694,cartagena de indias
13,bolívar,13001,cartagena de indias,13001017,santa cruz del islote(cartagena de indias - bolívar),2025,1,9938,2881,50.53,miércoles,2025-01-08 21:30:00,7.9516,cartagena de indias
13,bolívar,13001,cartagena de indias,13001037,isla mucura(cartagena de indias - bolívar),2025,1,6678,2194,23.9,domingo,2025-01-05 22:45:00,11.5161,cartagena de indias
18,caquetá,18150,cartagena del chairá,18150001,remolino del caguan(cartagena del chaira - caquetá),2025,1,7700,2992,102.34,sábado,2025-01-11 19:15:00,3.0,cartagena del chaira
18,caquetá,18150,cartagena del chairá,18150002,santa fe del caguan(cartagena del chaira - caquetá),2025,1,3184,1295,36.92,jueves,2025-01-23 19:15:00,3.621,cartagena del chaira
18,caquetá,18753,san vicente del caguán,18753002,guacamayas(san vicente del caguán - caquetá),2025,1,3800,1485,35.5,miércoles,2025-01-01 18:45:00,5.3468,san vicente del caguán
18,caquetá,18753,san vicente del caguán,18753009,puerto betania(san vicente del caguán - caquetá),2025,1,5374,1840,41.04,jueves,2025-01-16 19:30:00,5.6855,san vicente del caguán
18,caquetá,18753,san vicente del caguán,18753012,santa rosa(san vicente del caguán - caquetá),2025,1,2793,1245,16.66,jueves,2025-01-16 18:45:00,7.2097,san vicente del caguán
18,caquetá,18753,san vicente del caguán,18753033,villa lobos(san vicente del caguán - caquetá),2025,1,6483,2270,53.01,jueves,2025-01-30 18:30:00,4.9274,san vicente del caguán
19,cauca,19318,guapi,19318008,limones(guapi - cauca),2025,1,9085,4642,42.18,domingo,2025-01-05 22:00:00,9.3548,guapi
19,cauca,19318,guapi,19318013,san antonio de guajui(guapi - cauca),2025,1,10877,6113,52.1,martes,2025-01-07 19:00:00,8.1935,guapi
19,cauca,19418,lópez (micay),19418009,noanamito(lópez de micay - cauca),2025,1,7252,3481,36.0,miércoles,2025-01-01 19:00:00,8.3548,lópez de micay
19,cauca,19418,lópez (micay),19418033,boca grande(lópez de micay - cauca),2025,1,4499,1413,36.04,lunes,2025-01-27 19:00:00,4.8952,lópez de micay
19,cauca,19809,timbiquí,19809003,coteje(timbiquí - cauca),2025,1,4993,3922,28.96,miércoles,2025-01-22 20:00:00,7.0081,timbiquí
19,cauca,19809,timbiquí,19809007,san jose(timbiquí - cauca),2025,1,6291,3392,37.13,martes,2025-01-28 19:30:00,6.7903,timbiquí
19,cauca,19809,timbiquí,19809009,santa rosa de saija(timbiquí - cauca),2025,1,2711,942,19.56,lunes,2025-01-27 19:30:00,5.7258,timbiquí
19,cauca,19809,timbiquí,19809010,comunidad de chete(timbiquí - cauca),2025,1,3946,1593,30.5,domingo,2025-01-26 20:00:00,5.2097,timbiquí
19,cauca,19809,timbiquí,19809014,chacon(timbiquí - cauca),2025,1,3117,304,20.34,sábado,2025-01-11 19:30:00,6.9516,timbiquí
27,chocó,27001,quibdó,27001029,tagachi(quibdó - chocó),2025,1,5264,1870,46.08,jueves,2025-01-30 20:15:00,5.3871,quibdó
27,chocó,27006,acandí,27006000,acandí(acandí - chocó),2025,1,676419,192359,1433.87,jueves,2025-01-30 21:30:00,20.0161,acandí
27,chocó,27006,acandí,27006007,san francisco(acandí - chocó),2025,1,27157,7420,167.87,sábado,2025-01-04 18:45:00,8.9597,acandí
27,chocó,27025,alto baudó,27025000,ciudad baudo - pie de pato(alto baudo - chocó),2025,1,51496,18174,122.23,sábado,2025-01-18 11:45:00,23.6452,alto baudo
27,chocó,27025,alto baudó,27025033,miacora(alto baudo - chocó),2025,1,0,0,,,,0.0,alto baudo
27,chocó,27025,alto baudó,27025035,puerto alegre(alto baudo - chocó),2025,1,0,0,,,,0.0,alto baudo
27,chocó,27025,alto baudó,27025920,el morro(alto baudo - chocó),2025,1,575,165,4.59,miércoles,2025-01-15 17:30:00,6.5806,alto baudo
27,chocó,27025,alto baudó,27025937,villa cecilia(alto baudo - chocó),2025,1,287,97,3.3,domingo,2025-01-26 18:45:00,2.0081,alto baudo
27,chocó,27075,bahía solano,27075000,ciudad mutis(bahía solano - chocó),2025,1,821664,209935,1621.84,miércoles,2025-01-08 19:30:00,22.9919,bahía solano
27,chocó,27075,bahía solano,27075001,cupica(bahía solano - chocó),2025,1,58482,16265,122.21,viernes,2025-01-10 19:45:00,23.8952,bahía solano
27,chocó,27077,bajo baudó,27077000,pizarro(bajo baudó - chocó),2025,1,218298,77300,460.42,miércoles,2025-01-15 19:15:00,21.4597,bajo baudó
27,chocó,27077,bajo baudó,27077002,belen de docampado(bajo baudó - chocó),2025,1,8794,2914,37.36,martes,2025-01-28 19:15:00,10.4839,bajo baudó
27,chocó,27077,bajo baudó,27077008,orpua(bajo baudó - chocó),2025,1,348,265,5.1,martes,2025-01-07 18:30:00,4.1048,bajo baudó
27,chocó,27077,bajo baudó,27077011,piliza - bellavista - villa luz(bajo baudó - chocó),2025,1,3010,764,28.8,sábado,2025-01-04 12:45:00,4.8065,bajo baudó
27,chocó,27077,bajo baudó,27077016,siviru(bajo baudó - chocó),2025,1,4500,1787,43.4,martes,2025-01-21 19:00:00,5.1774,bajo baudó
27,chocó,27077,bajo baudó,27077019,virudo(bajo baudó - chocó),2025,1,0,0,,,,0.0,bajo baudó
27,chocó,27077,bajo baudó,27077026,guineal(bajo baudó - chocó),2025,1,4183,4010,21.6,sábado,2025-01-25 11:00:00,10.0887,bajo baudó
27,chocó,27077,bajo baudó,27077029,firme de usarga(bajo baudó - chocó),2025,1,1056,496,6.49,martes,2025-01-07 18:30:00,7.3306,bajo baudó
27,chocó,27077,bajo baudó,27077905,buenavista(bajo baudó - chocó),2025,1,2283,811,19.52,jueves,2025-01-23 18:45:00,5.1613,bajo baudó
27,chocó,27077,bajo baudó,27077916,terron(bajo baudó - chocó),2025,1,1926,849,24.58,sábado,2025-01-25 12:00:00,3.9839,bajo baudó
27,chocó,27099,bojayá,27099005,napipi(bojayá - chocó),2025,1,9758,3276,64.0,sábado,2025-01-11 19:15:00,6.25,bojayá
27,chocó,27099,bojayá,27099012,pogue(bojayá - chocó),2025,1,0,0,,,,0.0,bojayá
27,chocó,27099,bojayá,27099030,piedra candela(bojayá - chocó),2025,1,8040,3602,38.78,viernes,2025-01-31 19:45:00,9.6935,bojayá
27,chocó,27250,el litoral del san juan,27250000,santa genoveva de docordo(el litoral del san juan - chocó),2025,1,83135,40325,237.07,miércoles,2025-01-22 18:45:00,15.0887,el litoral del san juan
27,chocó,27250,el litoral del san juan,27250023,papayo(el litoral del san juan - chocó),2025,1,3505,1268,16.85,lunes,2025-01-20 16:30:00,7.9435,el litoral del san juan
27,chocó,27361,istmina,27361023,potedó(istmina - chocó),2025,1,0,0,,,,0.0,istmina
27,chocó,27361,istmina,27361048,union choco(istmina - chocó),2025,1,675,265,8.8,miércoles,2025-01-15 08:30:00,4.6613,istmina
27,chocó,27372,juradó,27372000,jurado(jurado - chocó),2025,1,183724,60518,336.96,jueves,2025-01-23 11:30:00,23.6048,jurado
27,chocó,27372,juradó,27372901,santa teresita(jurado - chocó),2025,1,562,30,20.84,miércoles,2025-01-15 11:45:00,2.4919,jurado
27,chocó,27372,juradó,27372902,buenavista(jurado - chocó),2025,1,1407,392,13.42,jueves,2025-01-09 17:45:00,9.4677,jurado
27,chocó,27372,juradó,27372905,dichardi(jurado - chocó),2025,1,1254,750,14.07,martes,2025-01-14 10:45:00,8.1694,jurado
27,chocó,27372,juradó,27372907,eyasake(jurado - chocó),2025,1,4759,2194,18.34,jueves,2025-01-02 14:00:00,10.9274,jurado
27,chocó,27372,juradó,27372930,dos bocas(jurado - chocó),2025,1,386,149,16.73,jueves,2025-01-02 08:30:00,1.7258,jurado
27,chocó,27425,medio atrato,27425000,bete(medio atrato - chocó),2025,1,11191,4784,88.0,viernes,2025-01-03 18:45:00,5.9839,medio atrato
27,chocó,27425,medio atrato,27425008,san roque(medio atrato - chocó),2025,1,1726,810,21.77,lunes,2025-01-06 21:15:00,3.8468,medio atrato
27,chocó,27491,novita,27491004,juntas de tamana(novita - chocó),2025,1,0,0,,,,0.0,novita
27,chocó,27495,nuquí,27495000,nuquí(nuquí - chocó),2025,1,307255,96616,571.65,viernes,2025-01-31 19:30:00,23.7742,nuquí
27,chocó,27495,nuquí,27495001,arusi(nuquí - chocó),2025,1,19917,7897,55.2,lunes,2025-01-13 12:30:00,15.4919,nuquí
27,chocó,27495,nuquí,27495003,jurubira(nuquí - chocó),2025,1,0,0,,,,0.0,nuquí
27,chocó,27495,nuquí,27495008,jovi(nuquí - chocó),2025,1,8428,3183,28.23,martes,2025-01-21 20:00:00,15.6855,nuquí
27,chocó,27495,nuquí,27495010,termales(nuquí - chocó),2025,1,6194,2841,28.05,viernes,2025-01-24 12:15:00,10.9758,nuquí
27,chocó,27495,nuquí,27495011,comunidad de puerto jagua(nuquí - chocó),2025,1,966,325,5.86,jueves,2025-01-02 19:45:00,6.7903,nuquí
27,chocó,27495,nuquí,27495012,comunidad indig. puerto indio(nuquí - chocó),2025,1,0,0,,,,0.0,nuquí
27,chocó,27495,nuquí,27495910,comunidad indig. de rio nuquí(nuquí - chocó),2025,1,957,163,4.35,jueves,2025-01-02 19:00:00,10.75,nuquí
27,chocó,27495,nuquí,27495912,comunidad indígena de pangui - el yucal(nuquí - chocó),2025,1,6929,1853,11.63,domingo,2025-01-12 06:45:00,22.1532,nuquí
27,chocó,27600,río quito,27600001,boca de apartado(rio quito - chocó),2025,1,91,35,5.99,viernes,2025-01-03 18:45:00,0.629,rio quito
27,chocó,27615,riosucio,27615011,san jose tamboral(riosucio - chocó),2025,1,0,0,,,,0.0,riosucio
27,chocó,27800,unguía,27800000,unguía(unguía - chocó),2025,1,483641,150600,979.97,jueves,2025-01-30 21:00:00,22.4194,unguía
27,chocó,27800,unguía,27800001,balboa(unguía - chocó),2025,1,28264,10382,90.29,lunes,2025-01-06 20:30:00,13.0645,unguía
27,chocó,27800,unguía,27800005,titumate(unguía - chocó),2025,1,15305,3175,66.79,martes,2025-01-21 22:00:00,9.5968,unguía
44,la guajira,44847,uribia,44847003,cabo de la vela(uribia - la guajira),2025,1,7386,761,96.83,domingo,2025-01-12 19:00:00,3.5,uribia
44,la guajira,44847,uribia,44847012,nazareth(uribia - la guajira),2025,1,31884,7532,224.64,domingo,2025-01-19 18:15:00,5.5645,uribia
47,magdalena,47189,ciénaga,47189018,palmor(ciénaga - magdalena),2025,1,108064,42274,204.54,sábado,2025-01-04 18:45:00,23.8145,ciénaga
50,meta,50325,mapiripán,50325000,mapiripan(mapiripan - meta),2025,1,188054,64239,345.4,lunes,2025-01-20 17:15:00,24.0,mapiripan
52,nariño,52250,el charco,52250005,las mercedes(el charco - nariño),2025,1,56,131,13.7,miércoles,2025-01-01 01:15:00,0.1532,el charco
52,nariño,52250,el charco,52250007,san jose del tapaje(el charco - nariño),2025,1,5554,2106,32.0,jueves,2025-01-02 19:15:00,7.6855,el charco
52,nariño,52250,el charco,52250016,alteron - uribe uribe(el charco - nariño),2025,1,116,81,6.02,viernes,2025-01-31 19:30:00,0.8387,el charco
52,nariño,52250,el charco,52250022,el cuil pueblo nuevo(el charco - nariño),2025,1,4183,1885,32.59,martes,2025-01-07 19:00:00,5.2258,el charco
52,nariño,52390,la tola,52390003,la vigia de la mar(la tola - nariño),2025,1,6029,3363,31.16,sábado,2025-01-04 12:30:00,9.121,la tola
52,nariño,52390,la tola,52390005,aguacatal(la tola - nariño),2025,1,1585,346,10.94,sábado,2025-01-18 18:00:00,5.9919,la tola
52,nariño,52390,la tola,52390009,mulatos(la tola - nariño),2025,1,3916,1598,23.52,sábado,2025-01-04 18:30:00,7.8871,la tola
52,nariño,52390,la tola,52390013,amarales(la tola - nariño),2025,1,7855,3426,56.13,lunes,2025-01-06 19:45:00,6.9758,la tola
52,nariño,52390,la tola,52390016,san pablo del mar(la tola - nariño),2025,1,5899,1888,25.63,domingo,2025-01-05 19:00:00,9.7016,la tola
52,nariño,52473,mosquera,52473010,el bajito de echandia(mosquera - nariño),2025,1,2677,1005,14.42,viernes,2025-01-10 18:45:00,8.7177,mosquera
52,nariño,52490,olaya herrera,52490913,boca de prieta(olaya herrera - nariño),2025,1,1147,269,12.31,jueves,2025-01-02 21:15:00,5.7258,olaya herrera
52,nariño,52621,roberto payán,52621912,tamaje(roberto payan - nariño),2025,1,5482,2338,22.87,lunes,2025-01-27 14:45:00,9.75,roberto payan
52,nariño,52696,santa bárbara,52696014,la ensenada(santa bárbara - nariño),2025,1,3325,1653,19.81,domingo,2025-01-05 19:45:00,6.9677,santa bárbara
52,nariño,52696,santa bárbara,52696017,santa rita(santa bárbara - nariño),2025,1,4252,1920,39.0,jueves,2025-01-02 19:00:00,4.871,santa bárbara
52,nariño,52835,san andrés de tumaco,52835055,bocas de curay(san andrés de tumaco - nariño),2025,1,8284,2364,62.4,jueves,2025-01-30 18:15:00,5.629,san andrés de tumaco
52,nariño,52835,san andrés de tumaco,52835217,san juan de la costa(san andrés de tumaco - nariño),2025,1,27354,10597,112.0,sábado,2025-01-04 18:30:00,11.0403,san andrés de tumaco
76,valle del cauca,76109,buenaventura,76109011,pastico(buenaventura - valle del cauca),2025,1,2762,1030,15.02,miércoles,2025-01-08 19:30:00,7.2258,buenaventura
76,valle del cauca,76109,buenaventura,76109018,concepcion(buenaventura - valle del cauca),2025,1,0,0,,,,0.0,buenaventura
76,valle del cauca,76109,buenaventura,76109028,puerto merizalde(buenaventura - valle del cauca),2025,1,99026,32025,203.81,miércoles,2025-01-29 20:15:00,21.9194,buenaventura
76,valle del cauca,76109,buenaventura,76109030,punta soldado(buenaventura - valle del cauca),2025,1,3132,1776,24.68,jueves,2025-01-23 19:30:00,6.2258,buenaventura
76,valle del cauca,76109,buenaventura,76109032,san francisco naya(buenaventura - valle del cauca),2025,1,8329,4120,34.18,jueves,2025-01-16 11:45:00,10.5726,buenaventura
76,valle del cauca,76109,buenaventura,76109034,san isidro - calima(buenaventura - valle del cauca),2025,1,7263,1706,75.22,viernes,2025-01-31 19:00:00,7.6048,buenaventura
76,valle del cauca,76109,buenaventura,76109040,veneral(buenaventura - valle del cauca),2025,1,550,119,12.28,sábado,2025-01-18 19:45:00,2.0726,buenaventura
76,valle del cauca,76109,buenaventura,76109069,papayal 1(buenaventura - valle del cauca),2025,1,7916,1387,32.95,domingo,2025-01-12 19:45:00,9.5242,buenaventura
76,valle del cauca,76109,buenaventura,76109081,punta bonita(buenaventura - valle del cauca),2025,1,5453,3228,22.83,jueves,2025-01-09 18:45:00,9.3468,buenaventura
76,valle del cauca,76109,buenaventura,76109105,pital(buenaventura - valle del cauca),2025,1,2865,537,17.26,viernes,2025-01-31 07:45:00,6.4194,buenaventura
76,valle del cauca,76109,buenaventura,76109817,santa maria 1 naya(buenaventura - valle del cauca),2025,1,1012,334,10.31,sábado,2025-01-18 19:15:00,3.9194,buenaventura
76,valle del cauca,76109,buenaventura,76109863,san antonio (buenaventura - valle del cauca),2025,1,2138,552,8.14,viernes,2025-01-10 01:00:00,12.2016,buenaventura
76,valle del cauca,76109,buenaventura,76109904,san antonio (rio cajambre)(buenaventura - valle del cauca),2025,1,5178,1418,30.2,miércoles,2025-01-22 19:15:00,6.9758,buenaventura
76,valle del cauca,76109,buenaventura,76109913,mayorquin(buenaventura - valle del cauca),2025,1,2377,894,15.37,domingo,2025-01-26 20:30:00,6.129,buenaventura
76,valle del cauca,76109,buenaventura,76109930,galvez(buenaventura - valle del cauca),2025,1,2696,468,9.69,viernes,2025-01-03 18:30:00,10.5806,buenaventura
76,valle del cauca,76109,buenaventura,76109957,humanes mar(buenaventura - valle del cauca),2025,1,2020,219,13.19,sábado,2025-01-25 10:45:00,9.4919,buenaventura
86,putumayo,86573,puerto leguizamo,86573000,puerto leguizamo(puerto leguizamo - putumayo),2025,1,988628,280577,1978.42,jueves,2025-01-23 13:45:00,23.7823,puerto leguizamo
86,putumayo,86573,puerto leguizamo,86573009,piñuña negro(puerto leguizamo - putumayo),2025,1,2928,1717,22.4,miércoles,2025-01-01 00:15:00,5.5,puerto leguizamo
88,archipiélago de san andrés y providencia,88001,san andrés,88001000,san andrés(san andrés - archipiélago de san andrés y providencia ),2025,1,18196634,4574826,29993.08,miércoles,2025-01-29 16:00:00,24.0,san andrés
88,archipiélago de san andrés y providencia,88564,providencia,88564000,providencia(providencia - archipiélago de san andrés y providencia ),2025,1,1108108,220252,1841.87,lunes,2025-01-27 14:15:00,24.0,providencia
91,amazonas,91001,leticia,91001000,leticia(leticia - amazonas),2025,1,4099354,983686,8037.52,viernes,2025-01-17 15:30:00,24.0,leticia
91,amazonas,91540,puerto nariño,91540000,puerto nariño(puerto nariño - amazonas),2025,1,133145,42384,260.8,viernes,2025-01-17 18:45:00,24.0,puerto nariño
91,amazonas,91798,tarapaca (anm),91798000,tarapaca(tarapaca (anm) - amazonas),2025,1,25128,11309,92.79,lunes,2025-01-20 19:15:00,10.2661,tarapaca (anm)
94,guainía,94001,inírida,94001000,inírida(inírida - guainía),2025,1,2305785,623725,4364.8,miércoles,2025-01-29 14:30:00,24.0,inírida
94,guainía,94001,inírida,94001905,chorro bocon(inírida - guainía),2025,1,4719,358,16.03,domingo,2025-01-05 19:45:00,16.6935,inírida
94,guainía,94001,inírida,94001916,venado(inírida - guainía),2025,1,3246,781,10.79,sábado,2025-01-11 21:15:00,22.7419,inírida
94,guainía,94001,inírida,94001966,laguna colorada alta(inírida - guainía),2025,1,9095,449,28.37,domingo,2025-01-19 18:30:00,16.0645,inírida
94,guainía,94343,barrancominas,94343900,carpintero(barranco minas - guainía),2025,1,1350,602,4.01,viernes,2025-01-31 19:00:00,9.7984,barranco minas
94,guainía,94343,barrancominas,94343901,chatare(barranco minas - guainía),2025,1,1828,166,4.35,lunes,2025-01-20 18:45:00,22.7177,barranco minas
95,guaviare,95001,san josé del guaviare,95001012,cachicamo(san josé del guaviare - guaviare),2025,1,11228,4673,36.99,sábado,2025-01-11 18:30:00,14.0323,san josé del guaviare
95,guaviare,95200,miraflores,95200000,miraflores(miraflores - guaviare),2025,1,116405,19002,224.11,viernes,2025-01-10 18:45:00,24.0,miraflores
97,vaupés,97001,mitú,97001000,mitú(mitú - vaupés),2025,1,1546671,375510,3248.54,lunes,2025-01-20 12:00:00,24.0,mitú
97,vaupés,97161,carurú,97161000,carurú(carurú - vaupés),2025,1,34438,5807,90.02,miércoles,2025-01-22 16:00:00,16.9839,carurú
97,vaupés,97666,taraira,97666000,taraira(taraira - vaupés),2025,1,41498,11122,129.54,lunes,2025-01-27 12:30:00,14.4435,taraira
99,vichada,99001,puerto carreño,99001000,puerto carreño(puerto carreño - vichada),2025,1,2707722,711768,5138.32,miércoles,2025-01-29 14:15:00,23.4516,puerto carreño
99,vichada,99773,cumaribo,99773000,cumaribo(cumaribo - vichada),2025,1,370705,140716,749.46,miércoles,2025-01-29 14:30:00,23.7419,cumaribo
05,antioquia,05873,vigía del fuerte,05873001,san antonio de padua(vigía del fuerte - antioquia),2025,2,9416,0,37.98,jueves,2025-02-20 19:15:00,13.7411,vigía del fuerte
05,antioquia,05873,vigía del fuerte,05873005,san miguel(vigía del fuerte - antioquia),2025,2,4162,1989,16.67,domingo,2025-02-02 15:00:00,11.1786,vigía del fuerte
05,antioquia,05873,vigía del fuerte,05873010,la playa murri (vigía del fuerte - antioquia),2025,2,3438,1318,23.14,domingo,2025-02-23 18:45:00,9.9911,vigía del fuerte
05,antioquia,05873,vigía del fuerte,05873013,loma murri(vigía del fuerte - antioquia),2025,2,2542,1057,29.97,domingo,2025-02-02 19:00:00,4.4464,vigía del fuerte
05,antioquia,05873,vigía del fuerte,05873910,puerto medellín(vigía del fuerte - antioquia),2025,2,2146,736,13.35,viernes,2025-02-28 12:00:00,10.5268,vigía del fuerte
05,antioquia,05873,vigía del fuerte,05873913,jarapeto (resguardo indígena)(vigía del fuerte - antioquia),2025,2,365,216,2.62,domingo,2025-02-09 19:45:00,2.7232,vigía del fuerte
13,bolívar,13001,cartagena de indias,13001017,santa cruz del islote(cartagena de indias - bolívar),2025,2,11224,3035,49.6,jueves,2025-02-20 22:15:00,10.6429,cartagena de indias
13,bolívar,13001,cartagena de indias,13001037,isla mucura(cartagena de indias - bolívar),2025,2,5255,1783,19.36,martes,2025-02-25 23:30:00,11.7143,cartagena de indias
05,antioquia,05873,vigía del fuerte,05873910,puerto medellín,2025,12,1055,456,109868.0,martes,2025-12-16 18:30:00,24.0,vigía del fuerte
18,caquetá,18150,cartagena del chairá,18150001,remolino del caguan(cartagena del chaira - caquetá),2025,2,8800,3204,103.01,sábado,2025-02-15 19:15:00,3.7232,cartagena del chaira
18,caquetá,18150,cartagena del chairá,18150002,santa fe del caguan(cartagena del chaira - caquetá),2025,2,2991,1221,41.48,jueves,2025-02-13 19:15:00,3.5446,cartagena del chaira
18,caquetá,18753,san vicente del caguán,18753009,puerto betania(san vicente del caguán - caquetá),2025,2,5257,1793,39.76,jueves,2025-02-27 19:15:00,6.6964,san vicente del caguán
18,caquetá,18753,san vicente del caguán,18753012,santa rosa(san vicente del caguán - caquetá),2025,2,2563,1104,28.21,sábado,2025-02-22 18:15:00,7.2589,san vicente del caguán
18,caquetá,18753,san vicente del caguán,18753033,villa lobos(san vicente del caguán - caquetá),2025,2,6176,2198,56.17,viernes,2025-02-21 19:45:00,5.0982,san vicente del caguán
19,cauca,19318,guapi,19318008,limones(guapi - cauca),2025,2,7909,3975,39.63,sábado,2025-02-01 19:30:00,9.375,guapi
19,cauca,19318,guapi,19318013,san antonio de guajui(guapi - cauca),2025,2,10034,5646,52.21,miércoles,2025-02-05 20:15:00,8.3661,guapi
19,cauca,19418,lópez (micay),19418009,noanamito(lópez de micay - cauca),2025,2,6602,3088,36.0,sábado,2025-02-01 18:45:00,8.2054,lópez de micay
19,cauca,19418,lópez (micay),19418033,boca grande(lópez de micay - cauca),2025,2,3752,1164,54.92,viernes,2025-02-28 19:30:00,4.2768,lópez de micay
19,cauca,19809,timbiquí,19809003,coteje(timbiquí - cauca),2025,2,4888,3733,29.0,jueves,2025-02-13 19:15:00,7.4286,timbiquí
19,cauca,19809,timbiquí,19809007,san jose(timbiquí - cauca),2025,2,5656,3181,34.85,martes,2025-02-18 19:30:00,7.1161,timbiquí
19,cauca,19809,timbiquí,19809009,santa rosa de saija(timbiquí - cauca),2025,2,3215,1004,22.3,sábado,2025-02-22 20:45:00,6.4643,timbiquí
19,cauca,19809,timbiquí,19809010,comunidad de chete(timbiquí - cauca),2025,2,3893,1530,30.66,viernes,2025-02-07 18:15:00,5.4732,timbiquí
19,cauca,19809,timbiquí,19809014,chacon(timbiquí - cauca),2025,2,3422,420,18.54,sábado,2025-02-15 16:45:00,8.2321,timbiquí
27,chocó,27001,quibdó,27001029,tagachi(quibdó - chocó),2025,2,5139,1804,47.69,domingo,2025-02-02 19:30:00,5.3839,quibdó
27,chocó,27006,acandí,27006000,acandí(acandí - chocó),2025,2,601137,169131,1381.25,martes,2025-02-18 21:15:00,19.9196,acandí
27,chocó,27006,acandí,27006007,san francisco(acandí - chocó),2025,2,22355,8796,114.88,sábado,2025-02-08 20:00:00,9.4018,acandí
27,chocó,27025,alto baudó,27025000,ciudad baudo - pie de pato(alto baudo - chocó),2025,2,48289,16660,123.29,sábado,2025-02-08 12:45:00,23.9554,alto baudo
27,chocó,27025,alto baudó,27025033,miacora(alto baudo - chocó),2025,2,64,0,2.21,jueves,2025-02-20 18:45:00,0.0804,alto baudo
27,chocó,27025,alto baudó,27025035,puerto alegre(alto baudo - chocó),2025,2,417,137,4.7,lunes,2025-02-24 19:00:00,3.9464,alto baudo
27,chocó,27025,alto baudó,27025920,el morro(alto baudo - chocó),2025,2,508,140,4.35,jueves,2025-02-06 20:00:00,6.3125,alto baudo
27,chocó,27025,alto baudó,27025937,villa cecilia(alto baudo - chocó),2025,2,248,85,3.37,sábado,2025-02-15 15:15:00,1.5893,alto baudo
27,chocó,27075,bahía solano,27075000,ciudad mutis(bahía solano - chocó),2025,2,782425,223670,1800.48,miércoles,2025-02-05 13:00:00,23.2857,bahía solano
27,chocó,27075,bahía solano,27075001,cupica(bahía solano - chocó),2025,2,58536,17537,140.34,miércoles,2025-02-19 12:15:00,24.0,bahía solano
27,chocó,27077,bajo baudó,27077000,pizarro(bajo baudó - chocó),2025,2,182176,64837,524.83,miércoles,2025-02-26 20:30:00,19.25,bajo baudó
27,chocó,27077,bajo baudó,27077002,belen de docampado(bajo baudó - chocó),2025,2,7747,2549,38.74,domingo,2025-02-16 20:00:00,9.9107,bajo baudó
27,chocó,27077,bajo baudó,27077008,orpua(bajo baudó - chocó),2025,2,514,338,5.25,sábado,2025-02-22 12:15:00,5.5804,bajo baudó
27,chocó,27077,bajo baudó,27077011,piliza - bellavista - villa luz(bajo baudó - chocó),2025,2,3459,895,25.6,sábado,2025-02-01 19:00:00,6.5536,bajo baudó
27,chocó,27077,bajo baudó,27077016,siviru(bajo baudó - chocó),2025,2,6259,2602,43.07,domingo,2025-02-16 11:45:00,7.6161,bajo baudó
27,chocó,27077,bajo baudó,27077019,virudo(bajo baudó - chocó),2025,2,3780,1817,28.84,miércoles,2025-02-12 21:45:00,5.8929,bajo baudó
27,chocó,27077,bajo baudó,27077026,guineal(bajo baudó - chocó),2025,2,3803,3796,22.17,martes,2025-02-25 19:00:00,10.0,bajo baudó
27,chocó,27077,bajo baudó,27077029,firme de usarga(bajo baudó - chocó),2025,2,602,266,6.44,sábado,2025-02-22 19:00:00,4.4821,bajo baudó
27,chocó,27077,bajo baudó,27077905,buenavista(bajo baudó - chocó),2025,2,4108,1581,17.44,sábado,2025-02-15 11:45:00,10.2054,bajo baudó
27,chocó,27077,bajo baudó,27077911,playa nueva(bajo baudó - chocó),2025,2,3055,1300,17.08,jueves,2025-02-27 08:15:00,8.8125,bajo baudó
27,chocó,27077,bajo baudó,27077916,terron(bajo baudó - chocó),2025,2,80,35,19.31,sábado,2025-02-01 13:45:00,0.1696,bajo baudó
27,chocó,27099,bojayá,27099002,la loma de bojaya(bojayá - chocó),2025,2,12398,5373,70.02,viernes,2025-02-14 18:45:00,8.4554,bojayá
27,chocó,27099,bojayá,27099005,napipi(bojayá - chocó),2025,2,9010,3041,67.2,sábado,2025-02-22 18:45:00,6.4554,bojayá
27,chocó,27099,bojayá,27099012,pogue(bojayá - chocó),2025,2,0,0,,,,0.0,bojayá
27,chocó,27099,bojayá,27099030,piedra candela(bojayá - chocó),2025,2,7409,3118,37.83,sábado,2025-02-01 20:00:00,9.6518,bojayá
27,chocó,27099,bojayá,27099905,chano(bojayá - chocó),2025,2,773,30,7.68,viernes,2025-02-07 20:15:00,6.0446,bojayá
27,chocó,27250,el litoral del san juan,27250000,santa genoveva de docordo(el litoral del san juan - chocó),2025,2,84098,41169,249.22,miércoles,2025-02-19 19:45:00,16.2946,el litoral del san juan
27,chocó,27250,el litoral del san juan,27250023,papayo(el litoral del san juan - chocó),2025,2,1879,668,16.73,sábado,2025-02-15 19:00:00,4.7321,el litoral del san juan
27,chocó,27361,istmina,27361023,potedó(istmina - chocó),2025,2,0,0,,,,0.0,istmina
27,chocó,27361,istmina,27361048,union choco(istmina - chocó),2025,2,0,0,,,,0.0,istmina
27,chocó,27372,juradó,27372000,jurado(jurado - chocó),2025,2,173888,57746,362.72,jueves,2025-02-06 19:00:00,24.0,jurado
27,chocó,27372,juradó,27372901,santa teresita(jurado - chocó),2025,2,1321,9,20.57,domingo,2025-02-16 10:45:00,5.7946,jurado
27,chocó,27372,juradó,27372902,buenavista(jurado - chocó),2025,2,1123,333,12.68,martes,2025-02-18 18:45:00,7.375,jurado
27,chocó,27372,juradó,27372905,dichardi(jurado - chocó),2025,2,805,552,13.46,viernes,2025-02-21 18:45:00,5.5,jurado
27,chocó,27372,juradó,27372907,eyasake(jurado - chocó),2025,2,2707,1315,18.44,domingo,2025-02-09 17:00:00,6.6429,jurado
27,chocó,27372,juradó,27372930,dos bocas(jurado - chocó),2025,2,0,0,,,,0.0,jurado
27,chocó,27425,medio atrato,27425000,bete(medio atrato - chocó),2025,2,8692,3605,80.0,domingo,2025-02-02 20:00:00,5.1339,medio atrato
27,chocó,27425,medio atrato,27425008,san roque(medio atrato - chocó),2025,2,505,244,16.51,martes,2025-02-04 19:30:00,1.4821,medio atrato
27,chocó,27491,novita,27491004,juntas de tamana(novita - chocó),2025,2,0,0,,,,0.0,novita
27,chocó,27495,nuquí,27495000,nuquí(nuquí - chocó),2025,2,273998,86216,539.26,jueves,2025-02-13 19:45:00,23.9554,nuquí
27,chocó,27495,nuquí,27495001,arusi(nuquí - chocó),2025,2,21101,8248,60.0,jueves,2025-02-27 19:15:00,18.2768,nuquí
27,chocó,27495,nuquí,27495003,jurubira(nuquí - chocó),2025,2,0,0,,,,0.0,nuquí
27,chocó,27495,nuquí,27495008,jovi(nuquí - chocó),2025,2,7443,2864,23.16,lunes,2025-02-10 19:45:00,15.5268,nuquí
27,chocó,27495,nuquí,27495010,termales(nuquí - chocó),2025,2,8257,4097,27.21,viernes,2025-02-14 20:00:00,14.25,nuquí
27,chocó,27495,nuquí,27495011,comunidad de puerto jagua(nuquí - chocó),2025,2,838,289,7.32,domingo,2025-02-16 19:45:00,6.2321,nuquí
27,chocó,27495,nuquí,27495012,comunidad indig. puerto indio(nuquí - chocó),2025,2,0,0,,,,0.0,nuquí
27,chocó,27495,nuquí,27495910,comunidad indig. de rio nuquí(nuquí - chocó),2025,2,738,154,3.81,martes,2025-02-18 21:00:00,9.6607,nuquí
27,chocó,27495,nuquí,27495912,comunidad indígena de pangui - el yucal(nuquí - chocó),2025,2,7503,1796,11.6,sábado,2025-02-08 16:15:00,23.7589,nuquí
27,chocó,27600,río quito,27600001,boca de apartado(rio quito - chocó),2025,2,160,69,6.41,viernes,2025-02-28 19:30:00,1.3304,rio quito
27,chocó,27615,riosucio,27615011,san jose tamboral(riosucio - chocó),2025,2,0,0,,,,0.0,riosucio
27,chocó,27800,unguía,27800000,unguía(unguía - chocó),2025,2,439068,137718,986.3,miércoles,2025-02-12 21:15:00,22.4196,unguía
27,chocó,27800,unguía,27800001,balboa(unguía - chocó),2025,2,24813,9328,89.62,martes,2025-02-11 19:45:00,12.7589,unguía
27,chocó,27800,unguía,27800005,titumate(unguía - chocó),2025,2,14149,2895,66.09,martes,2025-02-04 21:15:00,10.9464,unguía
44,la guajira,44847,uribia,44847003,cabo de la vela(uribia - la guajira),2025,2,4417,404,92.85,martes,2025-02-25 20:30:00,2.1875,uribia
44,la guajira,44847,uribia,44847012,nazareth(uribia - la guajira),2025,2,30237,7062,244.8,miércoles,2025-02-19 18:45:00,5.3393,uribia
47,magdalena,47189,ciénaga,47189018,palmor(ciénaga - magdalena),2025,2,98016,34330,205.57,sábado,2025-02-01 18:45:00,23.4911,ciénaga
50,meta,50325,mapiripán,50325000,mapiripan(mapiripan - meta),2025,2,176906,58075,370.48,miércoles,2025-02-26 16:30:00,23.9643,mapiripan
52,nariño,52250,el charco,52250005,las mercedes(el charco - nariño),2025,2,0,0,,,,0.0,el charco
52,nariño,52250,el charco,52250007,san jose del tapaje(el charco - nariño),2025,2,5832,1308,56.0,viernes,2025-02-07 18:15:00,5.0268,el charco
52,nariño,52250,el charco,52250016,alteron - uribe uribe(el charco - nariño),2025,2,1017,626,8.14,miércoles,2025-02-26 19:30:00,7.3482,el charco
52,nariño,52250,el charco,52250022,el cuil pueblo nuevo(el charco - nariño),2025,2,2933,1328,32.42,sábado,2025-02-22 19:00:00,4.0714,el charco
52,nariño,52390,la tola,52390003,la vigia de la mar(la tola - nariño),2025,2,4388,2798,28.84,miércoles,2025-02-19 18:45:00,7.0179,la tola
52,nariño,52390,la tola,52390005,aguacatal(la tola - nariño),2025,2,2501,568,10.29,lunes,2025-02-10 19:45:00,11.0089,la tola
52,nariño,52390,la tola,52390009,mulatos(la tola - nariño),2025,2,3719,1831,23.74,sábado,2025-02-15 16:45:00,7.9286,la tola
52,nariño,52390,la tola,52390013,amarales(la tola - nariño),2025,2,6548,2761,55.65,lunes,2025-02-10 19:30:00,6.3482,la tola
52,nariño,52390,la tola,52390016,san pablo del mar(la tola - nariño),2025,2,4541,1405,24.29,domingo,2025-02-16 19:00:00,8.3125,la tola
52,nariño,52473,mosquera,52473010,el bajito de echandia(mosquera - nariño),2025,2,0,0,,,,0.0,mosquera
52,nariño,52490,olaya herrera,52490913,boca de prieta(olaya herrera - nariño),2025,2,642,232,10.54,viernes,2025-02-07 16:45:00,2.6518,olaya herrera
52,nariño,52621,roberto payán,52621912,tamaje(roberto payan - nariño),2025,2,5024,1963,24.12,sábado,2025-02-01 19:15:00,9.4464,roberto payan
52,nariño,52696,santa bárbara,52696014,la ensenada(santa bárbara - nariño),2025,2,2922,1538,20.45,martes,2025-02-25 19:30:00,6.5446,santa bárbara
52,nariño,52696,santa bárbara,52696017,santa rita(santa bárbara - nariño),2025,2,296,153,31.6,domingo,2025-02-02 20:15:00,0.375,santa bárbara
52,nariño,52835,san andrés de tumaco,52835055,bocas de curay(san andrés de tumaco - nariño),2025,2,6070,2134,50.4,miércoles,2025-02-05 19:15:00,5.7054,san andrés de tumaco
52,nariño,52835,san andrés de tumaco,52835217,san juan de la costa(san andrés de tumaco - nariño),2025,2,22148,8394,121.6,lunes,2025-02-24 19:15:00,9.9375,san andrés de tumaco
76,valle del cauca,76109,buenaventura,76109011,pastico(buenaventura - valle del cauca),2025,2,3232,1323,21.14,domingo,2025-02-23 13:45:00,9.7679,buenaventura
76,valle del cauca,76109,buenaventura,76109018,concepcion(buenaventura - valle del cauca),2025,2,0,0,,,,0.0,buenaventura
05,antioquia,05873,vigía del fuerte,05873910,puerto medellín,2026,1,1595,651,130536.0,viernes,2026-01-09 18:00:00,24.0,vigía del fuerte
76,valle del cauca,76109,buenaventura,76109028,puerto merizalde(buenaventura - valle del cauca),2025,2,79358,27491,209.09,miércoles,2025-02-19 20:00:00,19.7232,buenaventura
76,valle del cauca,76109,buenaventura,76109030,punta soldado(buenaventura - valle del cauca),2025,2,8296,2865,54.23,domingo,2025-02-16 18:30:00,10.8571,buenaventura
76,valle del cauca,76109,buenaventura,76109032,san francisco naya(buenaventura - valle del cauca),2025,2,6789,2755,32.48,domingo,2025-02-23 11:30:00,9.6518,buenaventura
76,valle del cauca,76109,buenaventura,76109034,san isidro - calima(buenaventura - valle del cauca),2025,2,19168,3767,95.17,jueves,2025-02-20 19:00:00,8.9375,buenaventura
76,valle del cauca,76109,buenaventura,76109040,veneral(buenaventura - valle del cauca),2025,2,3936,406,28.39,jueves,2025-02-13 20:00:00,6.5804,buenaventura
76,valle del cauca,76109,buenaventura,76109069,papayal 1(buenaventura - valle del cauca),2025,2,8952,1510,51.61,jueves,2025-02-13 19:30:00,10.4464,buenaventura
76,valle del cauca,76109,buenaventura,76109081,punta bonita(buenaventura - valle del cauca),2025,2,5169,3216,21.2,sábado,2025-02-08 17:45:00,10.5714,buenaventura
76,valle del cauca,76109,buenaventura,76109105,pital(buenaventura - valle del cauca),2025,2,2890,600,19.03,sábado,2025-02-01 18:00:00,6.875,buenaventura
76,valle del cauca,76109,buenaventura,76109863,san antonio (buenaventura - valle del cauca),2025,2,1623,377,8.09,miércoles,2025-02-12 15:45:00,9.5179,buenaventura
76,valle del cauca,76109,buenaventura,76109904,san antonio (rio cajambre)(buenaventura - valle del cauca),2025,2,4317,1296,31.68,jueves,2025-02-06 11:15:00,6.8661,buenaventura
76,valle del cauca,76109,buenaventura,76109913,mayorquin(buenaventura - valle del cauca),2025,2,2737,1152,15.98,domingo,2025-02-09 20:30:00,7.7946,buenaventura
76,valle del cauca,76109,buenaventura,76109930,galvez(buenaventura - valle del cauca),2025,2,4253,750,19.68,sábado,2025-02-22 20:00:00,10.4018,buenaventura
76,valle del cauca,76109,buenaventura,76109957,humanes mar(buenaventura - valle del cauca),2025,2,1336,153,11.97,sábado,2025-02-01 11:00:00,8.5446,buenaventura
86,putumayo,86573,puerto leguizamo,86573000,puerto leguizamo(puerto leguizamo - putumayo),2025,2,880009,247118,2025.06,miércoles,2025-02-05 15:00:00,23.5357,puerto leguizamo
86,putumayo,86573,puerto leguizamo,86573009,piñuña negro(puerto leguizamo - putumayo),2025,2,4325,2474,35.2,domingo,2025-02-16 17:15:00,7.6607,puerto leguizamo
88,archipiélago de san andrés y providencia,88001,san andrés,88001000,san andrés(san andrés - archipiélago de san andrés y providencia ),2025,2,16481126,4152070,29805.72,viernes,2025-02-28 16:15:00,24.0,san andrés
88,archipiélago de san andrés y providencia,88564,providencia,88564000,providencia(providencia - archipiélago de san andrés y providencia ),2025,2,1001469,203998,1904.02,viernes,2025-02-28 15:00:00,23.9554,providencia
91,amazonas,91001,leticia,91001000,leticia(leticia - amazonas),2025,2,3586636,845293,7851.44,martes,2025-02-04 15:45:00,24.0,leticia
91,amazonas,91540,puerto nariño,91540000,puerto nariño(puerto nariño - amazonas),2025,2,116955,36836,262.4,martes,2025-02-04 14:30:00,24.0,puerto nariño
91,amazonas,91798,tarapaca (anm),91798000,tarapaca(tarapaca (anm) - amazonas),2025,2,22861,10287,95.28,miércoles,2025-02-19 20:00:00,10.2411,tarapaca (anm)
94,guainía,94001,inírida,94001000,inírida(inírida - guainía),2025,2,2225759,594152,4552.24,miércoles,2025-02-26 14:45:00,24.0,inírida
94,guainía,94001,inírida,94001905,chorro bocon(inírida - guainía),2025,2,4790,7,17.36,jueves,2025-02-27 20:00:00,16.3571,inírida
94,guainía,94001,inírida,94001916,venado(inírida - guainía),2025,2,2918,681,9.81,miércoles,2025-02-26 19:00:00,23.9821,inírida
94,guainía,94001,inírida,94001966,laguna colorada alta(inírida - guainía),2025,2,8569,329,28.13,lunes,2025-02-17 20:00:00,15.8125,inírida
94,guainía,94343,barrancominas,94343900,carpintero(barranco minas - guainía),2025,2,1382,596,5.22,sábado,2025-02-15 18:30:00,14.3929,barranco minas
94,guainía,94343,barrancominas,94343901,chatare(barranco minas - guainía),2025,2,1773,238,4.29,sábado,2025-02-08 19:15:00,23.0714,barranco minas
95,guaviare,95001,san josé del guaviare,95001012,cachicamo(san josé del guaviare - guaviare),2025,2,10295,4350,38.61,domingo,2025-02-16 19:30:00,13.4107,san josé del guaviare
95,guaviare,95200,miraflores,95200000,miraflores(miraflores - guaviare),2025,2,112669,18241,241.41,sábado,2025-02-15 18:45:00,24.0,miraflores
97,vaupés,97001,mitú,97001000,mitú(mitú - vaupés),2025,2,1424160,342875,3247.5,miércoles,2025-02-26 11:15:00,23.9821,mitú
97,vaupés,97161,carurú,97161000,carurú(carurú - vaupés),2025,2,34419,5586,96.45,martes,2025-02-25 18:15:00,16.9911,carurú
97,vaupés,97666,taraira,97666000,taraira(taraira - vaupés),2025,2,34970,9325,130.06,lunes,2025-02-24 19:15:00,13.3214,taraira
99,vichada,99001,puerto carreño,99001000,puerto carreño(puerto carreño - vichada),2025,2,2821136,701498,5645.2,miércoles,2025-02-26 13:45:00,24.0,puerto carreño
99,vichada,99773,cumaribo,99773000,cumaribo(cumaribo - vichada),2025,2,381265,137958,812.94,lunes,2025-02-17 14:45:00,23.8839,cumaribo
05,antioquia,05873,vigía del fuerte,05873001,san antonio de padua(vigía del fuerte - antioquia),2025,3,7102,0,48.7,martes,2025-03-18 18:45:00,8.1855,vigía del fuerte
05,antioquia,05873,vigía del fuerte,05873005,san miguel(vigía del fuerte - antioquia),2025,3,2976,1413,18.06,miércoles,2025-03-19 19:30:00,6.8548,vigía del fuerte
05,antioquia,05873,vigía del fuerte,05873010,la playa murri (vigía del fuerte - antioquia),2025,3,1324,484,22.5,sábado,2025-03-01 19:45:00,6.3871,vigía del fuerte
05,antioquia,05873,vigía del fuerte,05873013,loma murri(vigía del fuerte - antioquia),2025,3,4261,1470,25.42,sábado,2025-03-08 19:30:00,7.0484,vigía del fuerte
05,antioquia,05873,vigía del fuerte,05873910,puerto medellín(vigía del fuerte - antioquia),2025,3,1965,718,13.53,miércoles,2025-03-12 11:15:00,8.7903,vigía del fuerte
05,antioquia,05873,vigía del fuerte,05873913,jarapeto (resguardo indígena)(vigía del fuerte - antioquia),2025,3,111,71,2.58,lunes,2025-03-03 15:45:00,1.4919,vigía del fuerte
13,bolívar,13001,cartagena de indias,13001017,santa cruz del islote(cartagena de indias - bolívar),2025,3,13103,3556,49.86,viernes,2025-03-28 22:00:00,11.0887,cartagena de indias
27,chocó,27372,juradó,27372901,santa teresita,2026,1,549,109,7014.0,viernes,2026-01-30 11:45:00,24.0,jurado
13,bolívar,13001,cartagena de indias,13001037,isla mucura(cartagena de indias - bolívar),2025,3,5606,1821,18.37,jueves,2025-03-06 22:45:00,11.6774,cartagena de indias
18,caquetá,18150,cartagena del chairá,18150001,remolino del caguan(cartagena del chaira - caquetá),2025,3,14642,5971,99.18,martes,2025-03-25 19:00:00,6.121,cartagena del chaira
18,caquetá,18150,cartagena del chairá,18150002,santa fe del caguan(cartagena del chaira - caquetá),2025,3,3280,1301,37.68,viernes,2025-03-21 18:30:00,3.629,cartagena del chaira
18,caquetá,18753,san vicente del caguán,18753002,guacamayas(san vicente del caguán - caquetá),2025,3,12786,4120,36.29,miércoles,2025-03-26 19:45:00,17.5565,san vicente del caguán
18,caquetá,18753,san vicente del caguán,18753009,puerto betania(san vicente del caguán - caquetá),2025,3,5750,1886,40.6,jueves,2025-03-27 19:00:00,6.3952,san vicente del caguán
18,caquetá,18753,san vicente del caguán,18753012,santa rosa(san vicente del caguán - caquetá),2025,3,2680,1135,20.32,lunes,2025-03-10 15:45:00,7.25,san vicente del caguán
18,caquetá,18753,san vicente del caguán,18753033,villa lobos(san vicente del caguán - caquetá),2025,3,6258,2236,52.03,jueves,2025-03-20 19:00:00,4.8468,san vicente del caguán
19,cauca,19318,guapi,19318008,limones(guapi - cauca),2025,3,8446,4615,42.18,martes,2025-03-25 19:30:00,8.6694,guapi
19,cauca,19318,guapi,19318013,san antonio de guajui(guapi - cauca),2025,3,10491,5756,59.25,domingo,2025-03-30 19:15:00,7.6855,guapi
19,cauca,19418,lópez (micay),19418009,noanamito(lópez de micay - cauca),2025,3,5602,2550,44.0,martes,2025-03-11 19:00:00,5.7742,lópez de micay
19,cauca,19418,lópez (micay),19418033,boca grande(lópez de micay - cauca),2025,3,4066,1229,51.96,sábado,2025-03-01 20:30:00,4.25,lópez de micay
19,cauca,19809,timbiquí,19809003,coteje(timbiquí - cauca),2025,3,5267,3940,30.16,domingo,2025-03-02 20:00:00,6.9919,timbiquí
19,cauca,19809,timbiquí,19809007,san jose(timbiquí - cauca),2025,3,6401,3606,35.83,martes,2025-03-04 19:00:00,7.1532,timbiquí
19,cauca,19809,timbiquí,19809009,santa rosa de saija(timbiquí - cauca),2025,3,3526,1034,23.45,martes,2025-03-25 19:15:00,5.9758,timbiquí
19,cauca,19809,timbiquí,19809010,comunidad de chete(timbiquí - cauca),2025,3,4846,1834,31.17,lunes,2025-03-24 19:15:00,6.0968,timbiquí
19,cauca,19809,timbiquí,19809014,chacon(timbiquí - cauca),2025,3,3487,518,21.87,jueves,2025-03-20 19:00:00,6.9677,timbiquí
27,chocó,27001,quibdó,27001029,tagachi(quibdó - chocó),2025,3,2365,771,43.27,sábado,2025-03-29 19:45:00,2.379,quibdó
27,chocó,27006,acandí,27006000,acandí(acandí - chocó),2025,3,658858,180822,1356.96,lunes,2025-03-24 21:45:00,20.6855,acandí
27,chocó,27006,acandí,27006007,san francisco(acandí - chocó),2025,3,23506,9416,111.17,domingo,2025-03-23 19:30:00,9.4032,acandí
27,chocó,27025,alto baudó,27025000,ciudad baudo - pie de pato(alto baudo - chocó),2025,3,54383,18389,127.69,sábado,2025-03-08 12:00:00,23.8306,alto baudo
27,chocó,27025,alto baudó,27025033,miacora(alto baudo - chocó),2025,3,116,1,2.45,sábado,2025-03-15 19:15:00,0.9597,alto baudo
27,chocó,27025,alto baudó,27025035,puerto alegre(alto baudo - chocó),2025,3,1059,328,5.38,domingo,2025-03-09 16:30:00,7.9355,alto baudo
27,chocó,27025,alto baudó,27025920,el morro(alto baudo - chocó),2025,3,597,147,4.03,jueves,2025-03-06 18:15:00,6.4435,alto baudo
27,chocó,27025,alto baudó,27025937,villa cecilia(alto baudo - chocó),2025,3,322,102,3.48,martes,2025-03-18 16:00:00,2.0242,alto baudo
27,chocó,27075,bahía solano,27075000,ciudad mutis(bahía solano - chocó),2025,3,895959,243273,1847.12,sábado,2025-03-29 20:45:00,23.25,bahía solano
27,chocó,27075,bahía solano,27075001,cupica(bahía solano - chocó),2025,3,70483,22220,145.16,sábado,2025-03-22 19:45:00,23.8952,bahía solano
27,chocó,27077,bajo baudó,27077000,pizarro(bajo baudó - chocó),2025,3,197456,72025,497.9,martes,2025-03-18 13:00:00,17.1129,bajo baudó
27,chocó,27077,bajo baudó,27077002,belen de docampado(bajo baudó - chocó),2025,3,8725,2761,37.84,sábado,2025-03-08 11:00:00,10.1613,bajo baudó
27,chocó,27077,bajo baudó,27077008,orpua(bajo baudó - chocó),2025,3,450,423,6.59,lunes,2025-03-24 19:00:00,4.371,bajo baudó
27,chocó,27077,bajo baudó,27077011,piliza - bellavista - villa luz(bajo baudó - chocó),2025,3,3046,711,25.6,lunes,2025-03-03 18:45:00,4.9516,bajo baudó
27,chocó,27077,bajo baudó,27077016,siviru(bajo baudó - chocó),2025,3,5426,2311,42.25,viernes,2025-03-21 19:15:00,6.1048,bajo baudó
27,chocó,27077,bajo baudó,27077019,virudo(bajo baudó - chocó),2025,3,6775,3172,31.58,viernes,2025-03-14 20:15:00,9.1855,bajo baudó
27,chocó,27077,bajo baudó,27077026,guineal(bajo baudó - chocó),2025,3,3393,3938,29.53,lunes,2025-03-31 18:45:00,8.3145,bajo baudó
27,chocó,27077,bajo baudó,27077029,firme de usarga(bajo baudó - chocó),2025,3,0,0,,,,0.0,bajo baudó
27,chocó,27077,bajo baudó,27077905,buenavista(bajo baudó - chocó),2025,3,2966,989,22.37,domingo,2025-03-02 17:45:00,6.4274,bajo baudó
27,chocó,27077,bajo baudó,27077911,playa nueva(bajo baudó - chocó),2025,3,3317,1368,18.04,sábado,2025-03-08 10:30:00,8.3226,bajo baudó
27,chocó,27077,bajo baudó,27077916,terron(bajo baudó - chocó),2025,3,619,598,16.91,jueves,2025-03-20 19:45:00,1.5323,bajo baudó
27,chocó,27099,bojayá,27099000,bellavista(bojayá - chocó),2025,3,118219,44005,326.79,sábado,2025-03-15 19:00:00,14.3629,bojayá
27,chocó,27099,bojayá,27099002,la loma de bojaya(bojayá - chocó),2025,3,14014,6032,70.07,sábado,2025-03-01 18:30:00,8.7823,bojayá
27,chocó,27099,bojayá,27099005,napipi(bojayá - chocó),2025,3,6374,2209,51.2,jueves,2025-03-06 15:45:00,4.6935,bojayá
27,chocó,27099,bojayá,27099012,pogue(bojayá - chocó),2025,3,2743,1382,21.7,sábado,2025-03-15 11:45:00,5.2742,bojayá
27,chocó,27099,bojayá,27099030,piedra candela(bojayá - chocó),2025,3,8011,3425,36.55,viernes,2025-03-14 16:15:00,9.2419,bojayá
27,chocó,27099,bojayá,27099905,chano(bojayá - chocó),2025,3,767,35,6.21,miércoles,2025-03-26 19:45:00,5.7339,bojayá
27,chocó,27250,el litoral del san juan,27250000,santa genoveva de docordo(el litoral del san juan - chocó),2025,3,95006,45945,257.14,sábado,2025-03-22 11:30:00,15.9677,el litoral del san juan
27,chocó,27250,el litoral del san juan,27250023,papayo(el litoral del san juan - chocó),2025,3,0,0,,,,0.0,el litoral del san juan
27,chocó,27361,istmina,27361023,potedó(istmina - chocó),2025,3,0,0,,,,0.0,istmina
27,chocó,27361,istmina,27361048,union choco(istmina - chocó),2025,3,751,303,5.91,lunes,2025-03-31 18:30:00,5.0242,istmina
27,chocó,27372,juradó,27372000,jurado(jurado - chocó),2025,3,197515,65371,360.0,sábado,2025-03-29 19:30:00,23.6774,jurado
27,chocó,27372,juradó,27372901,santa teresita(jurado - chocó),2025,3,2883,21,16.89,viernes,2025-03-07 19:30:00,12.0726,jurado
27,chocó,27372,juradó,27372902,buenavista(jurado - chocó),2025,3,1545,436,14.42,lunes,2025-03-31 19:00:00,9.2339,jurado
27,chocó,27372,juradó,27372905,dichardi(jurado - chocó),2025,3,2048,1831,14.83,domingo,2025-03-09 06:30:00,12.1694,jurado
27,chocó,27372,juradó,27372907,eyasake(jurado - chocó),2025,3,5978,2559,17.13,sábado,2025-03-15 08:00:00,14.2339,jurado
27,chocó,27372,juradó,27372930,dos bocas(jurado - chocó),2025,3,634,288,14.18,miércoles,2025-03-19 19:45:00,2.6694,jurado
27,chocó,27425,medio atrato,27425000,bete(medio atrato - chocó),2025,3,11295,4498,100.0,miércoles,2025-03-26 19:15:00,5.8387,medio atrato
27,chocó,27425,medio atrato,27425008,san roque(medio atrato - chocó),2025,3,1152,580,18.86,domingo,2025-03-16 19:00:00,2.8629,medio atrato
27,chocó,27491,novita,27491004,juntas de tamana(novita - chocó),2025,3,0,0,,,,0.0,novita
27,chocó,27495,nuquí,27495000,nuquí(nuquí - chocó),2025,3,304872,96692,616.7,martes,2025-03-25 19:15:00,23.5,nuquí
27,chocó,27495,nuquí,27495001,arusi(nuquí - chocó),2025,3,23912,10510,69.6,sábado,2025-03-29 14:00:00,17.0565,nuquí
27,chocó,27495,nuquí,27495003,jurubira(nuquí - chocó),2025,3,12301,4542,62.23,sábado,2025-03-29 19:30:00,13.4113,nuquí
27,chocó,27495,nuquí,27495008,jovi(nuquí - chocó),2025,3,8108,3161,25.19,lunes,2025-03-31 20:15:00,14.8306,nuquí
27,chocó,27495,nuquí,27495010,termales(nuquí - chocó),2025,3,7524,3867,28.07,sábado,2025-03-29 14:30:00,11.7258,nuquí
27,chocó,27495,nuquí,27495011,comunidad de puerto jagua(nuquí - chocó),2025,3,1101,371,6.36,jueves,2025-03-20 19:00:00,7.4113,nuquí
27,chocó,27495,nuquí,27495012,comunidad indig. puerto indio(nuquí - chocó),2025,3,0,0,,,,0.0,nuquí
27,chocó,27495,nuquí,27495910,comunidad indig. de rio nuquí(nuquí - chocó),2025,3,816,149,5.09,viernes,2025-03-28 19:15:00,9.5323,nuquí
27,chocó,27495,nuquí,27495912,comunidad indígena de pangui - el yucal(nuquí - chocó),2025,3,6864,1810,11.5,domingo,2025-03-02 09:45:00,21.6855,nuquí
27,chocó,27600,río quito,27600001,boca de apartado(rio quito - chocó),2025,3,464,201,6.01,domingo,2025-03-02 19:30:00,3.5081,rio quito
27,chocó,27615,riosucio,27615011,san jose tamboral(riosucio - chocó),2025,3,0,0,,,,0.0,riosucio
27,chocó,27800,unguía,27800000,unguía(unguía - chocó),2025,3,468469,148841,975.74,lunes,2025-03-24 21:30:00,22.3548,unguía
27,chocó,27800,unguía,27800001,balboa(unguía - chocó),2025,3,26807,9815,86.8,sábado,2025-03-08 20:15:00,12.9435,unguía
27,chocó,27800,unguía,27800005,titumate(unguía - chocó),2025,3,15154,3268,65.65,lunes,2025-03-24 19:45:00,11.2419,unguía
44,la guajira,44847,uribia,44847003,cabo de la vela(uribia - la guajira),2025,3,13728,1827,94.37,jueves,2025-03-06 20:15:00,5.8065,uribia
44,la guajira,44847,uribia,44847012,nazareth(uribia - la guajira),2025,3,35001,8022,267.36,lunes,2025-03-31 18:15:00,5.2903,uribia
47,magdalena,47189,ciénaga,47189018,palmor(ciénaga - magdalena),2025,3,106376,35328,192.77,lunes,2025-03-10 12:00:00,23.4597,ciénaga
50,meta,50325,mapiripán,50325000,mapiripan(mapiripan - meta),2025,3,201633,64069,384.12,jueves,2025-03-27 18:45:00,24.0,mapiripan
52,nariño,52250,el charco,52250005,las mercedes(el charco - nariño),2025,3,0,0,,,,0.0,el charco
52,nariño,52250,el charco,52250007,san jose del tapaje(el charco - nariño),2025,3,4394,1754,32.0,martes,2025-03-04 18:00:00,6.1129,el charco
52,nariño,52250,el charco,52250016,alteron - uribe uribe(el charco - nariño),2025,3,859,479,7.9,domingo,2025-03-16 21:00:00,5.0081,el charco
52,nariño,52250,el charco,52250022,el cuil pueblo nuevo(el charco - nariño),2025,3,402,189,29.62,sábado,2025-03-01 20:45:00,0.5161,el charco
52,nariño,52390,la tola,52390003,la vigia de la mar(la tola - nariño),2025,3,7093,3462,30.88,domingo,2025-03-02 11:45:00,10.3952,la tola
52,nariño,52390,la tola,52390005,aguacatal(la tola - nariño),2025,3,1896,401,10.77,jueves,2025-03-13 20:00:00,6.9516,la tola
52,nariño,52390,la tola,52390009,mulatos(la tola - nariño),2025,3,4437,2213,26.02,domingo,2025-03-23 18:30:00,8.0323,la tola
52,nariño,52390,la tola,52390013,amarales(la tola - nariño),2025,3,6819,2462,57.79,miércoles,2025-03-12 19:45:00,5.9435,la tola
52,nariño,52390,la tola,52390016,san pablo del mar(la tola - nariño),2025,3,6062,1952,25.5,sábado,2025-03-08 19:00:00,9.7581,la tola
52,nariño,52473,mosquera,52473010,el bajito de echandia(mosquera - nariño),2025,3,3335,1184,16.1,viernes,2025-03-07 19:30:00,9.7258,mosquera
52,nariño,52490,olaya herrera,52490913,boca de prieta(olaya herrera - nariño),2025,3,325,108,10.9,miércoles,2025-03-05 20:30:00,1.2258,olaya herrera
52,nariño,52621,roberto payán,52621912,tamaje(roberto payan - nariño),2025,3,4941,1971,26.35,jueves,2025-03-27 19:30:00,8.0403,roberto payan
52,nariño,52696,santa bárbara,52696014,la ensenada(santa bárbara - nariño),2025,3,3009,1494,21.06,miércoles,2025-03-12 19:15:00,6.129,santa bárbara
52,nariño,52696,santa bárbara,52696017,santa rita(santa bárbara - nariño),2025,3,4578,2588,33.4,lunes,2025-03-24 20:15:00,5.6129,santa bárbara
52,nariño,52835,san andrés de tumaco,52835055,bocas de curay(san andrés de tumaco - nariño),2025,3,6351,2252,55.2,lunes,2025-03-03 18:00:00,5.8306,san andrés de tumaco
52,nariño,52835,san andrés de tumaco,52835217,san juan de la costa(san andrés de tumaco - nariño),2025,3,12478,4386,121.6,viernes,2025-03-14 19:00:00,4.6694,san andrés de tumaco
76,valle del cauca,76109,buenaventura,76109011,pastico(buenaventura - valle del cauca),2025,3,3826,1592,15.45,sábado,2025-03-22 19:00:00,10.2419,buenaventura
76,valle del cauca,76109,buenaventura,76109018,concepcion(buenaventura - valle del cauca),2025,3,0,0,,,,0.0,buenaventura
76,valle del cauca,76109,buenaventura,76109028,puerto merizalde(buenaventura - valle del cauca),2025,3,100946,43716,244.99,martes,2025-03-25 19:15:00,20.2903,buenaventura
76,valle del cauca,76109,buenaventura,76109030,punta soldado(buenaventura - valle del cauca),2025,3,9434,2650,57.68,sábado,2025-03-01 18:30:00,8.3226,buenaventura
76,valle del cauca,76109,buenaventura,76109032,san francisco naya(buenaventura - valle del cauca),2025,3,8254,3424,34.98,domingo,2025-03-16 11:45:00,10.5645,buenaventura
76,valle del cauca,76109,buenaventura,76109034,san isidro - calima(buenaventura - valle del cauca),2025,3,24109,4456,93.34,jueves,2025-03-13 18:30:00,9.9355,buenaventura
76,valle del cauca,76109,buenaventura,76109040,veneral(buenaventura - valle del cauca),2025,3,6470,666,28.34,lunes,2025-03-10 19:15:00,9.8065,buenaventura
76,valle del cauca,76109,buenaventura,76109069,papayal 1(buenaventura - valle del cauca),2025,3,9552,1599,48.46,jueves,2025-03-13 18:45:00,10.5242,buenaventura
76,valle del cauca,76109,buenaventura,76109081,punta bonita(buenaventura - valle del cauca),2025,3,5755,3634,21.29,lunes,2025-03-31 19:00:00,10.4919,buenaventura
76,valle del cauca,76109,buenaventura,76109105,pital(buenaventura - valle del cauca),2025,3,4047,943,17.69,sábado,2025-03-29 18:30:00,9.2823,buenaventura
76,valle del cauca,76109,buenaventura,76109817,santa maria 1 naya(buenaventura - valle del cauca),2025,3,1624,583,10.87,sábado,2025-03-15 18:15:00,5.9435,buenaventura
76,valle del cauca,76109,buenaventura,76109863,san antonio (buenaventura - valle del cauca),2025,3,1970,546,7.64,martes,2025-03-18 07:00:00,11.2097,buenaventura
76,valle del cauca,76109,buenaventura,76109904,san antonio (rio cajambre)(buenaventura - valle del cauca),2025,3,4307,1290,29.77,viernes,2025-03-21 11:30:00,6.2984,buenaventura
76,valle del cauca,76109,buenaventura,76109907,san pablo( cajambre)(buenaventura - valle del cauca),2025,3,1965,0,19.25,sábado,2025-03-29 20:30:00,3.7903,buenaventura
76,valle del cauca,76109,buenaventura,76109913,mayorquin(buenaventura - valle del cauca),2025,3,2966,1193,14.84,sábado,2025-03-01 18:30:00,8.379,buenaventura
76,valle del cauca,76109,buenaventura,76109930,galvez(buenaventura - valle del cauca),2025,3,3731,610,35.77,viernes,2025-03-07 19:45:00,6.9435,buenaventura
76,valle del cauca,76109,buenaventura,76109957,humanes mar(buenaventura - valle del cauca),2025,3,2362,320,46.44,lunes,2025-03-31 17:15:00,8.9113,buenaventura
86,putumayo,86573,puerto leguizamo,86573000,puerto leguizamo(puerto leguizamo - putumayo),2025,3,969980,260775,1853.98,viernes,2025-03-07 15:15:00,24.0,puerto leguizamo
86,putumayo,86573,puerto leguizamo,86573009,piñuña negro(puerto leguizamo - putumayo),2025,3,4498,2570,38.4,sábado,2025-03-01 19:00:00,5.4355,puerto leguizamo
88,archipiélago de san andrés y providencia,88001,san andrés,88001000,san andrés(san andrés - archipiélago de san andrés y providencia ),2025,3,18813306,4716474,30903.8,martes,2025-03-25 15:45:00,24.0,san andrés
88,archipiélago de san andrés y providencia,88564,providencia,88564000,providencia(providencia - archipiélago de san andrés y providencia ),2025,3,1172683,242254,1918.49,miércoles,2025-03-26 21:30:00,23.9919,providencia
91,amazonas,91001,leticia,91001000,leticia(leticia - amazonas),2025,3,4165968,982330,8064.04,jueves,2025-03-20 15:15:00,24.0,leticia
91,amazonas,91540,puerto nariño,91540000,puerto nariño(puerto nariño - amazonas),2025,3,132111,41862,272.0,martes,2025-03-04 18:30:00,24.0,puerto nariño
91,amazonas,91798,tarapaca (anm),91798000,tarapaca(tarapaca (anm) - amazonas),2025,3,26384,11753,97.11,jueves,2025-03-20 20:00:00,10.2581,tarapaca (anm)
94,guainía,94001,inírida,94001000,inírida(inírida - guainía),2025,3,2516686,666506,4745.84,martes,2025-03-25 14:15:00,24.0,inírida
94,guainía,94001,inírida,94001905,chorro bocon(inírida - guainía),2025,3,5706,139,19.44,jueves,2025-03-20 20:15:00,16.2177,inírida
94,guainía,94001,inírida,94001916,venado(inírida - guainía),2025,3,3290,540,9.92,martes,2025-03-25 19:30:00,23.9919,inírida
94,guainía,94001,inírida,94001966,laguna colorada alta(inírida - guainía),2025,3,9289,385,29.91,domingo,2025-03-09 18:30:00,15.0403,inírida
94,guainía,94343,barrancominas,94343900,carpintero(barranco minas - guainía),2025,3,1949,914,6.12,domingo,2025-03-30 19:30:00,19.1774,barranco minas
94,guainía,94343,barrancominas,94343901,chatare(barranco minas - guainía),2025,3,1143,142,4.36,sábado,2025-03-01 19:15:00,14.1613,barranco minas
95,guaviare,95001,san josé del guaviare,95001012,cachicamo(san josé del guaviare - guaviare),2025,3,11618,4962,43.09,domingo,2025-03-30 19:30:00,12.4032,san josé del guaviare
95,guaviare,95200,miraflores,95200000,miraflores(miraflores - guaviare),2025,3,127733,18367,260.54,martes,2025-03-25 18:15:00,24.0,miraflores
97,vaupés,97001,mitú,97001000,mitú(mitú - vaupés),2025,3,1636974,387915,3409.98,jueves,2025-03-13 11:45:00,23.879,mitú
97,vaupés,97161,carurú,97161000,carurú(carurú - vaupés),2025,3,38728,6806,95.3,martes,2025-03-25 18:30:00,17.0565,carurú
97,vaupés,97666,taraira,97666000,taraira(taraira - vaupés),2025,3,45876,12716,134.82,jueves,2025-03-20 18:30:00,14.5081,taraira
99,vichada,99001,puerto carreño,99001000,puerto carreño(puerto carreño - vichada),2025,3,3125929,768017,5734.08,jueves,2025-03-13 14:00:00,23.9758,puerto carreño
99,vichada,99773,cumaribo,99773000,cumaribo(cumaribo - vichada),2025,3,426253,150920,831.8,miércoles,2025-03-26 15:00:00,23.7258,cumaribo
05,antioquia,05873,vigía del fuerte,05873001,san antonio de padua(vigía del fuerte - antioquia),2025,4,8394,0,43.17,martes,2025-04-29 18:45:00,10.4,vigía del fuerte
05,antioquia,05873,vigía del fuerte,05873005,san miguel(vigía del fuerte - antioquia),2025,4,3527,1594,17.73,miércoles,2025-04-30 19:00:00,8.0833,vigía del fuerte
05,antioquia,05873,vigía del fuerte,05873010,la playa murri (vigía del fuerte - antioquia),2025,4,1365,533,7.68,sábado,2025-04-26 19:30:00,9.325,vigía del fuerte
05,antioquia,05873,vigía del fuerte,05873013,loma murri(vigía del fuerte - antioquia),2025,4,5221,2073,29.02,miércoles,2025-04-30 20:00:00,8.1917,vigía del fuerte
05,antioquia,05873,vigía del fuerte,05873910,puerto medellín(vigía del fuerte - antioquia),2025,4,1436,564,10.84,sábado,2025-04-05 19:30:00,7.0083,vigía del fuerte
05,antioquia,05873,vigía del fuerte,05873913,jarapeto (resguardo indígena)(vigía del fuerte - antioquia),2025,4,154,90,4.13,sábado,2025-04-26 20:15:00,0.7667,vigía del fuerte
13,bolívar,13001,cartagena de indias,13001017,santa cruz del islote(cartagena de indias - bolívar),2025,4,13492,3464,54.14,miércoles,2025-04-16 22:30:00,10.7917,cartagena de indias
13,bolívar,13001,cartagena de indias,13001037,isla mucura(cartagena de indias - bolívar),2025,4,4240,1307,19.94,viernes,2025-04-18 02:00:00,8.8667,cartagena de indias
18,caquetá,18150,cartagena del chairá,18150001,remolino del caguan(cartagena del chaira - caquetá),2025,4,13702,5607,95.11,sábado,2025-04-12 19:15:00,5.85,cartagena del chaira
18,caquetá,18150,cartagena del chairá,18150002,santa fe del caguan(cartagena del chaira - caquetá),2025,4,2993,1181,40.12,martes,2025-04-01 18:45:00,3.4667,cartagena del chaira
18,caquetá,18753,san vicente del caguán,18753002,guacamayas(san vicente del caguán - caquetá),2025,4,12439,3936,35.98,sábado,2025-04-26 19:30:00,17.175,san vicente del caguán
18,caquetá,18753,san vicente del caguán,18753009,puerto betania(san vicente del caguán - caquetá),2025,4,5646,1797,41.36,viernes,2025-04-25 19:00:00,6.1583,san vicente del caguán
18,caquetá,18753,san vicente del caguán,18753012,santa rosa(san vicente del caguán - caquetá),2025,4,2733,1114,17.07,martes,2025-04-08 19:30:00,7.375,san vicente del caguán
19,cauca,19318,guapi,19318008,limones(guapi - cauca),2025,4,9516,6201,42.35,domingo,2025-04-27 18:15:00,9.8917,guapi
19,cauca,19318,guapi,19318013,san antonio de guajui(guapi - cauca),2025,4,6979,3630,58.86,domingo,2025-04-06 19:00:00,4.8833,guapi
19,cauca,19418,lópez (micay),19418009,noanamito(lópez de micay - cauca),2025,4,6330,2992,40.0,viernes,2025-04-04 19:30:00,7.1417,lópez de micay
19,cauca,19418,lópez (micay),19418033,boca grande(lópez de micay - cauca),2025,4,4738,1513,37.68,sábado,2025-04-05 19:45:00,5.25,lópez de micay
19,cauca,19809,timbiquí,19809003,coteje(timbiquí - cauca),2025,4,6242,4735,31.8,jueves,2025-04-17 19:45:00,8.5417,timbiquí
19,cauca,19809,timbiquí,19809007,san jose(timbiquí - cauca),2025,4,6590,3833,40.08,miércoles,2025-04-16 19:30:00,7.55,timbiquí
19,cauca,19809,timbiquí,19809009,santa rosa de saija(timbiquí - cauca),2025,4,3959,1088,22.87,sábado,2025-04-26 20:15:00,7.3833,timbiquí
19,cauca,19809,timbiquí,19809010,comunidad de chete(timbiquí - cauca),2025,4,5255,2086,30.88,miércoles,2025-04-30 19:00:00,7.0333,timbiquí
19,cauca,19809,timbiquí,19809014,chacon(timbiquí - cauca),2025,4,3555,779,22.46,martes,2025-04-29 20:00:00,6.9417,timbiquí
27,chocó,27001,quibdó,27001029,tagachi(quibdó - chocó),2025,4,4720,1544,44.93,sábado,2025-04-19 20:15:00,4.5417,quibdó
27,chocó,27006,acandí,27006000,acandí(acandí - chocó),2025,4,625064,171072,1370.51,miércoles,2025-04-09 22:15:00,20.0583,acandí
27,chocó,27006,acandí,27006007,san francisco(acandí - chocó),2025,4,25500,9911,138.82,jueves,2025-04-17 21:30:00,9.425,acandí
27,chocó,27025,alto baudó,27025000,ciudad baudo - pie de pato(alto baudo - chocó),2025,4,52850,18216,122.14,sábado,2025-04-26 12:00:00,23.625,alto baudo
27,chocó,27025,alto baudó,27025033,miacora(alto baudo - chocó),2025,4,21,1,3.04,miércoles,2025-04-16 19:00:00,0.2667,alto baudo
27,chocó,27025,alto baudó,27025035,puerto alegre(alto baudo - chocó),2025,4,1159,381,7.44,miércoles,2025-04-02 12:30:00,9.3333,alto baudo
27,chocó,27025,alto baudó,27025920,el morro(alto baudo - chocó),2025,4,642,170,4.26,domingo,2025-04-27 21:00:00,7.375,alto baudo
27,chocó,27025,alto baudó,27025937,villa cecilia(alto baudo - chocó),2025,4,311,105,3.17,domingo,2025-04-20 14:00:00,1.9,alto baudo
27,chocó,27075,bahía solano,27075000,ciudad mutis(bahía solano - chocó),2025,4,921799,246345,1840.96,jueves,2025-04-03 19:15:00,23.5083,bahía solano
27,chocó,27075,bahía solano,27075001,cupica(bahía solano - chocó),2025,4,74868,22127,160.12,miércoles,2025-04-02 19:30:00,23.8333,bahía solano
27,chocó,27077,bajo baudó,27077000,pizarro(bajo baudó - chocó),2025,4,163939,61435,485.76,lunes,2025-04-14 20:00:00,17.9833,bajo baudó
27,chocó,27077,bajo baudó,27077002,belen de docampado(bajo baudó - chocó),2025,4,8319,2126,36.15,sábado,2025-04-19 11:30:00,10.2667,bajo baudó
27,chocó,27077,bajo baudó,27077008,orpua(bajo baudó - chocó),2025,4,207,145,4.3,jueves,2025-04-10 19:30:00,2.525,bajo baudó
27,chocó,27077,bajo baudó,27077011,piliza - bellavista - villa luz(bajo baudó - chocó),2025,4,2470,525,25.6,martes,2025-04-01 18:45:00,4.1667,bajo baudó
27,chocó,27077,bajo baudó,27077016,siviru(bajo baudó - chocó),2025,4,992,363,41.14,jueves,2025-04-03 18:45:00,1.1,bajo baudó
27,chocó,27077,bajo baudó,27077019,virudo(bajo baudó - chocó),2025,4,4923,2264,31.7,miércoles,2025-04-23 19:30:00,6.7667,bajo baudó
27,chocó,27077,bajo baudó,27077026,guineal(bajo baudó - chocó),2025,4,1522,1573,36.86,martes,2025-04-08 19:15:00,3.325,bajo baudó
27,chocó,27077,bajo baudó,27077029,firme de usarga(bajo baudó - chocó),2025,4,0,0,,,,0.0,bajo baudó
27,chocó,27077,bajo baudó,27077905,buenavista(bajo baudó - chocó),2025,4,2507,920,17.86,domingo,2025-04-06 19:15:00,5.925,bajo baudó
27,chocó,27077,bajo baudó,27077911,playa nueva(bajo baudó - chocó),2025,4,2929,1222,18.33,sábado,2025-04-05 19:30:00,7.2167,bajo baudó
27,chocó,27077,bajo baudó,27077916,terron(bajo baudó - chocó),2025,4,0,0,,,,0.0,bajo baudó
27,chocó,27099,bojayá,27099000,bellavista(bojayá - chocó),2025,4,100380,36632,356.5,lunes,2025-04-14 19:15:00,12.425,bojayá
27,chocó,27099,bojayá,27099002,la loma de bojaya(bojayá - chocó),2025,4,11411,4885,71.01,miércoles,2025-04-09 18:45:00,7.3167,bojayá
27,chocó,27099,bojayá,27099005,napipi(bojayá - chocó),2025,4,11206,3894,54.4,viernes,2025-04-04 16:45:00,8.6667,bojayá
27,chocó,27099,bojayá,27099012,pogue(bojayá - chocó),2025,4,4160,1861,21.74,viernes,2025-04-11 14:45:00,8.575,bojayá
27,chocó,27099,bojayá,27099030,piedra candela(bojayá - chocó),2025,4,6100,2688,34.95,martes,2025-04-15 20:00:00,7.2667,bojayá
27,chocó,27099,bojayá,27099905,chano(bojayá - chocó),2025,4,829,41,9.25,martes,2025-04-29 19:45:00,5.65,bojayá
27,chocó,27250,el litoral del san juan,27250000,santa genoveva de docordo(el litoral del san juan - chocó),2025,4,82993,40398,263.87,jueves,2025-04-24 19:15:00,14.3083,el litoral del san juan
27,chocó,27250,el litoral del san juan,27250023,papayo(el litoral del san juan - chocó),2025,4,0,0,,,,0.0,el litoral del san juan
27,chocó,27361,istmina,27361023,potedó(istmina - chocó),2025,4,2609,1484,14.09,martes,2025-04-22 17:00:00,8.0083,istmina
27,chocó,27361,istmina,27361048,union choco(istmina - chocó),2025,4,891,87,6.18,jueves,2025-04-03 19:00:00,8.1917,istmina
27,chocó,27372,juradó,27372000,jurado(jurado - chocó),2025,4,193196,63216,360.16,jueves,2025-04-10 19:45:00,23.45,jurado
27,chocó,27372,juradó,27372901,santa teresita(jurado - chocó),2025,4,3084,89,16.34,miércoles,2025-04-30 11:30:00,13.05,jurado
27,chocó,27372,juradó,27372902,buenavista(jurado - chocó),2025,4,1633,468,17.14,martes,2025-04-29 11:45:00,9.3667,jurado
27,chocó,27372,juradó,27372905,dichardi(jurado - chocó),2025,4,2085,2208,12.53,jueves,2025-04-24 11:45:00,12.975,jurado
27,chocó,27372,juradó,27372907,eyasake(jurado - chocó),2025,4,4540,1964,21.73,miércoles,2025-04-09 20:15:00,9.9417,jurado
27,chocó,27372,juradó,27372930,dos bocas(jurado - chocó),2025,4,2153,835,18.41,lunes,2025-04-28 18:45:00,8.95,jurado
27,chocó,27425,medio atrato,27425000,bete(medio atrato - chocó),2025,4,12108,4703,100.0,miércoles,2025-04-02 19:15:00,6.1083,medio atrato
27,chocó,27425,medio atrato,27425008,san roque(medio atrato - chocó),2025,4,1166,562,18.94,jueves,2025-04-03 19:00:00,3.0833,medio atrato
27,chocó,27491,novita,27491004,juntas de tamana(novita - chocó),2025,4,176,57,11.48,sábado,2025-04-12 19:45:00,0.6833,novita
27,chocó,27495,nuquí,27495000,nuquí(nuquí - chocó),2025,4,299587,95265,568.48,lunes,2025-04-14 19:30:00,23.275,nuquí
27,chocó,27495,nuquí,27495001,arusi(nuquí - chocó),2025,4,21304,9548,74.4,sábado,2025-04-05 13:00:00,15.1917,nuquí
27,chocó,27495,nuquí,27495002,coqui(nuquí - chocó),2025,4,5414,1066,13.56,miércoles,2025-04-09 19:15:00,23.8417,nuquí
27,chocó,27495,nuquí,27495003,jurubira(nuquí - chocó),2025,4,21126,7746,64.49,miércoles,2025-04-16 19:00:00,14.025,nuquí
27,chocó,27495,nuquí,27495008,jovi(nuquí - chocó),2025,4,8110,3253,25.41,viernes,2025-04-18 20:15:00,14.4417,nuquí
27,chocó,27495,nuquí,27495010,termales(nuquí - chocó),2025,4,8695,4517,29.78,miércoles,2025-04-09 19:15:00,12.8083,nuquí
27,chocó,27495,nuquí,27495011,comunidad de puerto jagua(nuquí - chocó),2025,4,1140,362,6.82,martes,2025-04-22 19:45:00,7.4917,nuquí
27,chocó,27495,nuquí,27495012,comunidad indig. puerto indio(nuquí - chocó),2025,4,643,143,5.96,domingo,2025-04-27 11:15:00,4.65,nuquí
27,chocó,27495,nuquí,27495910,comunidad indig. de rio nuquí(nuquí - chocó),2025,4,797,174,4.96,miércoles,2025-04-16 19:45:00,8.975,nuquí
27,chocó,27495,nuquí,27495912,comunidad indígena de pangui - el yucal(nuquí - chocó),2025,4,6836,1716,11.54,martes,2025-04-29 03:00:00,22.075,nuquí
27,chocó,27600,río quito,27600001,boca de apartado(rio quito - chocó),2025,4,307,122,6.06,domingo,2025-04-27 19:15:00,2.3167,rio quito
27,chocó,27615,riosucio,27615011,san jose tamboral(riosucio - chocó),2025,4,0,0,,,,0.0,riosucio
27,chocó,27800,unguía,27800000,unguía(unguía - chocó),2025,4,447834,140246,959.38,martes,2025-04-15 21:45:00,22.35,unguía
27,chocó,27800,unguía,27800001,balboa(unguía - chocó),2025,4,24860,8617,85.72,sábado,2025-04-05 19:00:00,12.3583,unguía
27,chocó,27800,unguía,27800005,titumate(unguía - chocó),2025,4,15702,3377,71.37,lunes,2025-04-14 22:30:00,10.425,unguía
44,la guajira,44847,uribia,44847003,cabo de la vela(uribia - la guajira),2025,4,9626,671,99.57,miércoles,2025-04-02 19:15:00,4.6167,uribia
44,la guajira,44847,uribia,44847012,nazareth(uribia - la guajira),2025,4,34793,8034,267.84,lunes,2025-04-14 18:15:00,5.2167,uribia
47,magdalena,47189,ciénaga,47189018,palmor(ciénaga - magdalena),2025,4,97117,31847,198.78,sábado,2025-04-05 12:00:00,22.5167,ciénaga
50,meta,50325,mapiripán,50325000,mapiripan(mapiripan - meta),2025,4,191989,60062,363.44,lunes,2025-04-28 15:45:00,23.9833,mapiripan
52,nariño,52250,el charco,52250005,las mercedes(el charco - nariño),2025,4,0,0,,,,0.0,el charco
52,nariño,52250,el charco,52250007,san jose del tapaje(el charco - nariño),2025,4,7646,2024,64.0,jueves,2025-04-17 20:00:00,6.9083,el charco
52,nariño,52250,el charco,52250016,alteron - uribe uribe(el charco - nariño),2025,4,559,304,7.73,domingo,2025-04-20 20:15:00,3.2667,el charco
52,nariño,52250,el charco,52250022,el cuil pueblo nuevo(el charco - nariño),2025,4,865,495,27.1,domingo,2025-04-27 20:30:00,1.275,el charco
52,nariño,52390,la tola,52390003,la vigia de la mar(la tola - nariño),2025,4,4548,2114,31.52,martes,2025-04-15 20:45:00,6.375,la tola
52,nariño,52390,la tola,52390005,aguacatal(la tola - nariño),2025,4,1076,218,11.17,sábado,2025-04-12 12:45:00,4.0667,la tola
52,nariño,52390,la tola,52390009,mulatos(la tola - nariño),2025,4,4327,2037,26.98,sábado,2025-04-12 18:15:00,7.8833,la tola
52,nariño,52390,la tola,52390013,amarales(la tola - nariño),2025,4,4997,1745,55.33,martes,2025-04-29 19:30:00,4.5,la tola
52,nariño,52390,la tola,52390016,san pablo del mar(la tola - nariño),2025,4,5719,1404,24.22,domingo,2025-04-27 18:30:00,9.9917,la tola
52,nariño,52473,mosquera,52473010,el bajito de echandia(mosquera - nariño),2025,4,3308,1244,16.82,jueves,2025-04-10 18:00:00,9.5417,mosquera
52,nariño,52490,olaya herrera,52490913,boca de prieta(olaya herrera - nariño),2025,4,342,87,16.42,miércoles,2025-04-16 19:00:00,1.075,olaya herrera
52,nariño,52621,roberto payán,52621912,tamaje(roberto payan - nariño),2025,4,5596,2643,26.5,miércoles,2025-04-30 19:00:00,8.7333,roberto payan
27,chocó,27425,medio atrato,27425000,bete,2025,12,18352,8450,80.0,miércoles,2025-12-31 11:15:00,1.22,medio atrato
52,nariño,52696,santa bárbara,52696014,la ensenada(santa bárbara - nariño),2025,4,2897,1309,19.94,viernes,2025-04-04 19:30:00,6.1833,santa bárbara
52,nariño,52696,santa bárbara,52696017,santa rita(santa bárbara - nariño),2025,4,2469,1370,32.92,martes,2025-04-01 19:15:00,3.0833,santa bárbara
52,nariño,52835,san andrés de tumaco,52835055,bocas de curay(san andrés de tumaco - nariño),2025,4,6198,2082,45.6,martes,2025-04-01 18:30:00,5.6,san andrés de tumaco
76,valle del cauca,76109,buenaventura,76109011,pastico(buenaventura - valle del cauca),2025,4,3691,1498,17.1,martes,2025-04-15 19:00:00,9.5833,buenaventura
76,valle del cauca,76109,buenaventura,76109018,concepcion(buenaventura - valle del cauca),2025,4,0,0,,,,0.0,buenaventura
76,valle del cauca,76109,buenaventura,76109028,puerto merizalde(buenaventura - valle del cauca),2025,4,113833,45615,229.86,sábado,2025-04-05 20:00:00,23.325,buenaventura
76,valle del cauca,76109,buenaventura,76109030,punta soldado(buenaventura - valle del cauca),2025,4,3721,1137,48.04,miércoles,2025-04-02 19:30:00,3.9417,buenaventura
76,valle del cauca,76109,buenaventura,76109032,san francisco naya(buenaventura - valle del cauca),2025,4,8198,3505,32.48,jueves,2025-04-17 11:15:00,10.8333,buenaventura
76,valle del cauca,76109,buenaventura,76109034,san isidro - calima(buenaventura - valle del cauca),2025,4,4291,850,89.11,miércoles,2025-04-02 19:00:00,3.8,buenaventura
76,valle del cauca,76109,buenaventura,76109040,veneral(buenaventura - valle del cauca),2025,4,2932,476,28.08,jueves,2025-04-03 18:15:00,6.4083,buenaventura
76,valle del cauca,76109,buenaventura,76109069,papayal 1(buenaventura - valle del cauca),2025,4,2868,512,23.33,martes,2025-04-01 10:00:00,6.225,buenaventura
76,valle del cauca,76109,buenaventura,76109081,punta bonita(buenaventura - valle del cauca),2025,4,4120,3474,22.58,lunes,2025-04-21 13:45:00,7.6,buenaventura
76,valle del cauca,76109,buenaventura,76109105,pital(buenaventura - valle del cauca),2025,4,1271,301,16.5,sábado,2025-04-05 20:00:00,2.9083,buenaventura
76,valle del cauca,76109,buenaventura,76109817,santa maria 1 naya(buenaventura - valle del cauca),2025,4,1635,522,11.84,martes,2025-04-15 20:15:00,5.9417,buenaventura
76,valle del cauca,76109,buenaventura,76109863,san antonio (buenaventura - valle del cauca),2025,4,1900,497,7.56,viernes,2025-04-11 16:30:00,11.1917,buenaventura
76,valle del cauca,76109,buenaventura,76109904,san antonio (rio cajambre)(buenaventura - valle del cauca),2025,4,4946,1475,31.14,lunes,2025-04-07 11:30:00,7.475,buenaventura
76,valle del cauca,76109,buenaventura,76109907,san pablo( cajambre)(buenaventura - valle del cauca),2025,4,2098,0,19.59,sábado,2025-04-26 14:15:00,3.7917,buenaventura
76,valle del cauca,76109,buenaventura,76109913,mayorquin(buenaventura - valle del cauca),2025,4,2319,856,14.88,domingo,2025-04-20 18:45:00,6.6083,buenaventura
76,valle del cauca,76109,buenaventura,76109930,galvez(buenaventura - valle del cauca),2025,4,5394,1029,35.45,viernes,2025-04-11 19:45:00,9.175,buenaventura
76,valle del cauca,76109,buenaventura,76109957,humanes mar(buenaventura - valle del cauca),2025,4,9238,1342,46.85,viernes,2025-04-04 18:45:00,9.1833,buenaventura
86,putumayo,86573,puerto leguizamo,86573000,puerto leguizamo(puerto leguizamo - putumayo),2025,4,952640,257798,1979.21,miércoles,2025-04-30 14:45:00,23.8167,puerto leguizamo
86,putumayo,86573,puerto leguizamo,86573009,piñuña negro(puerto leguizamo - putumayo),2025,4,4289,2443,38.4,sábado,2025-04-26 19:00:00,5.775,puerto leguizamo
88,archipiélago de san andrés y providencia,88001,san andrés,88001000,san andrés(san andrés - archipiélago de san andrés y providencia ),2025,4,18473256,4561040,31755.08,miércoles,2025-04-30 15:30:00,24.0,san andrés
88,archipiélago de san andrés y providencia,88564,providencia,88564000,providencia(providencia - archipiélago de san andrés y providencia ),2025,4,1206100,246098,2012.24,martes,2025-04-08 15:00:00,24.0,providencia
91,amazonas,91001,leticia,91001000,leticia(leticia - amazonas),2025,4,4031644,946308,8242.32,miércoles,2025-04-23 14:30:00,24.0,leticia
91,amazonas,91540,puerto nariño,91540000,puerto nariño(puerto nariño - amazonas),2025,4,129667,41797,278.4,miércoles,2025-04-23 18:15:00,24.0,puerto nariño
91,amazonas,91798,tarapaca (anm),91798000,tarapaca(tarapaca (anm) - amazonas),2025,4,25928,11514,100.1,miércoles,2025-04-23 15:00:00,10.2667,tarapaca (anm)
94,guainía,94001,inírida,94001000,inírida(inírida - guainía),2025,4,2298719,607518,4447.52,martes,2025-04-01 14:30:00,24.0,inírida
94,guainía,94001,inírida,94001905,chorro bocon(inírida - guainía),2025,4,5860,760,18.82,viernes,2025-04-18 19:00:00,16.05,inírida
94,guainía,94001,inírida,94001916,venado(inírida - guainía),2025,4,3143,519,11.01,miércoles,2025-04-16 19:15:00,24.0,inírida
94,guainía,94001,inírida,94001966,laguna colorada alta(inírida - guainía),2025,4,9373,294,30.38,jueves,2025-04-03 12:30:00,15.7,inírida
94,guainía,94343,barrancominas,94343900,carpintero(barranco minas - guainía),2025,4,2149,993,6.4,domingo,2025-04-27 18:15:00,20.8667,barranco minas
94,guainía,94343,barrancominas,94343901,chatare(barranco minas - guainía),2025,4,180,0,3.99,domingo,2025-04-27 19:00:00,1.875,barranco minas
95,guaviare,95001,san josé del guaviare,95001012,cachicamo(san josé del guaviare - guaviare),2025,4,11135,4947,44.5,sábado,2025-04-05 19:15:00,11.9167,san josé del guaviare
95,guaviare,95200,miraflores,95200000,miraflores(miraflores - guaviare),2025,4,123215,14627,248.4,miércoles,2025-04-23 18:15:00,24.0,miraflores
97,vaupés,97001,mitú,97001000,mitú(mitú - vaupés),2025,4,1557685,359944,3247.23,lunes,2025-04-14 11:30:00,23.9667,mitú
97,vaupés,97161,carurú,97161000,carurú(carurú - vaupés),2025,4,36017,6279,97.33,lunes,2025-04-14 14:45:00,16.9083,carurú
97,vaupés,97666,taraira,97666000,taraira(taraira - vaupés),2025,4,44650,12274,139.66,miércoles,2025-04-23 19:00:00,14.1833,taraira
99,vichada,99001,puerto carreño,99001000,puerto carreño(puerto carreño - vichada),2025,4,2838422,711457,5641.68,lunes,2025-04-14 14:15:00,23.9917,puerto carreño
99,vichada,99773,cumaribo,99773000,cumaribo(cumaribo - vichada),2025,4,381844,137282,793.84,sábado,2025-04-12 19:00:00,23.4583,cumaribo
05,antioquia,05873,vigía del fuerte,05873001,san antonio de padua(vigía del fuerte - antioquia),2025,5,2478,0,47.36,jueves,2025-05-01 19:00:00,2.7177,vigía del fuerte
05,antioquia,05873,vigía del fuerte,05873005,san miguel(vigía del fuerte - antioquia),2025,5,1393,602,19.9,viernes,2025-05-23 19:15:00,2.9919,vigía del fuerte
05,antioquia,05873,vigía del fuerte,05873010,la playa murri (vigía del fuerte - antioquia),2025,5,1176,471,26.33,viernes,2025-05-30 19:00:00,4.3145,vigía del fuerte
05,antioquia,05873,vigía del fuerte,05873013,loma murri(vigía del fuerte - antioquia),2025,5,4016,1596,30.25,martes,2025-05-20 19:30:00,5.5403,vigía del fuerte
05,antioquia,05873,vigía del fuerte,05873910,puerto medellín(vigía del fuerte - antioquia),2025,5,945,418,10.91,sábado,2025-05-31 18:30:00,4.5565,vigía del fuerte
13,bolívar,13001,cartagena de indias,13001017,santa cruz del islote(cartagena de indias - bolívar),2025,5,14301,3702,54.46,jueves,2025-05-29 22:30:00,10.9597,cartagena de indias
13,bolívar,13001,cartagena de indias,13001037,isla mucura(cartagena de indias - bolívar),2025,5,4684,1221,17.06,viernes,2025-05-30 22:45:00,10.8468,cartagena de indias
18,caquetá,18150,cartagena del chairá,18150001,remolino del caguan(cartagena del chaira - caquetá),2025,5,14562,5731,97.36,viernes,2025-05-02 18:45:00,5.8548,cartagena del chaira
18,caquetá,18150,cartagena del chairá,18150002,santa fe del caguan(cartagena del chaira - caquetá),2025,5,3257,1273,37.6,miércoles,2025-05-28 18:45:00,3.6694,cartagena del chaira
18,caquetá,18753,san vicente del caguán,18753002,guacamayas(san vicente del caguán - caquetá),2025,5,13190,4237,34.68,domingo,2025-05-11 19:00:00,18.0484,san vicente del caguán
18,caquetá,18753,san vicente del caguán,18753009,puerto betania(san vicente del caguán - caquetá),2025,5,6294,1960,43.36,sábado,2025-05-03 19:30:00,6.4597,san vicente del caguán
18,caquetá,18753,san vicente del caguán,18753012,santa rosa(san vicente del caguán - caquetá),2025,5,2507,1044,16.23,miércoles,2025-05-07 17:15:00,6.7177,san vicente del caguán
18,caquetá,18753,san vicente del caguán,18753033,villa lobos(san vicente del caguán - caquetá),2025,5,3064,977,51.06,domingo,2025-05-11 20:00:00,2.4113,san vicente del caguán
19,cauca,19318,guapi,19318008,limones(guapi - cauca),2025,5,9732,4872,47.5,jueves,2025-05-29 18:00:00,9.5887,guapi
19,cauca,19318,guapi,19318013,san antonio de guajui(guapi - cauca),2025,5,12165,6504,56.81,lunes,2025-05-12 18:45:00,8.3468,guapi
19,cauca,19418,lópez (micay),19418009,noanamito(lópez de micay - cauca),2025,5,19,13,36.0,martes,2025-05-06 12:30:00,0.0323,lópez de micay
19,cauca,19418,lópez (micay),19418033,boca grande(lópez de micay - cauca),2025,5,4582,1422,38.64,jueves,2025-05-29 19:45:00,4.5565,lópez de micay
19,cauca,19809,timbiquí,19809003,coteje(timbiquí - cauca),2025,5,6106,4689,29.08,martes,2025-05-13 18:45:00,8.2903,timbiquí
19,cauca,19809,timbiquí,19809007,san jose(timbiquí - cauca),2025,5,6512,4031,35.71,sábado,2025-05-10 20:30:00,7.2258,timbiquí
19,cauca,19809,timbiquí,19809009,santa rosa de saija(timbiquí - cauca),2025,5,4237,1140,23.26,domingo,2025-05-18 19:15:00,7.7339,timbiquí
19,cauca,19809,timbiquí,19809010,comunidad de chete(timbiquí - cauca),2025,5,5215,1963,32.03,lunes,2025-05-12 19:00:00,6.4677,timbiquí
19,cauca,19809,timbiquí,19809014,chacon(timbiquí - cauca),2025,5,3878,1079,23.5,sábado,2025-05-17 19:45:00,7.0484,timbiquí
27,chocó,27001,quibdó,27001029,tagachi(quibdó - chocó),2025,5,255,76,43.82,sábado,2025-05-03 20:15:00,0.25,quibdó
27,chocó,27006,acandí,27006000,acandí(acandí - chocó),2025,5,470832,128557,1315.6,miércoles,2025-05-14 22:15:00,19.1371,acandí
27,chocó,27006,acandí,27006007,san francisco(acandí - chocó),2025,5,20957,8012,120.58,jueves,2025-05-29 20:00:00,8.4274,acandí
27,chocó,27025,alto baudó,27025000,ciudad baudo - pie de pato(alto baudo - chocó),2025,5,55179,18675,127.34,lunes,2025-05-12 11:45:00,23.6048,alto baudo
27,chocó,27025,alto baudó,27025033,miacora(alto baudo - chocó),2025,5,273,10,2.38,viernes,2025-05-30 18:45:00,2.0806,alto baudo
27,chocó,27025,alto baudó,27025035,puerto alegre(alto baudo - chocó),2025,5,1232,403,5.12,lunes,2025-05-26 10:30:00,9.4919,alto baudo
27,chocó,27025,alto baudó,27025920,el morro(alto baudo - chocó),2025,5,396,122,3.72,lunes,2025-05-05 19:45:00,4.8226,alto baudo
27,chocó,27025,alto baudó,27025937,villa cecilia(alto baudo - chocó),2025,5,399,150,3.85,jueves,2025-05-01 10:30:00,2.4597,alto baudo
27,chocó,27075,bahía solano,27075000,ciudad mutis(bahía solano - chocó),2025,5,921307,252833,1683.44,miércoles,2025-05-21 19:30:00,23.2581,bahía solano
27,chocó,27075,bahía solano,27075001,cupica(bahía solano - chocó),2025,5,73140,21741,152.48,sábado,2025-05-17 19:30:00,23.5403,bahía solano
27,chocó,27075,bahía solano,27075002,el valle(bahía solano - chocó),2025,5,192894,60702,458.7,domingo,2025-05-04 20:00:00,23.7419,bahía solano
27,chocó,27077,bajo baudó,27077000,pizarro(bajo baudó - chocó),2025,5,210122,72479,463.58,jueves,2025-05-29 11:45:00,18.0887,bajo baudó
27,chocó,27077,bajo baudó,27077002,belen de docampado(bajo baudó - chocó),2025,5,8975,2100,38.68,sábado,2025-05-24 11:45:00,10.379,bajo baudó
27,chocó,27077,bajo baudó,27077008,orpua(bajo baudó - chocó),2025,5,380,473,4.14,jueves,2025-05-22 18:15:00,3.3145,bajo baudó
27,chocó,27077,bajo baudó,27077011,piliza - bellavista - villa luz(bajo baudó - chocó),2025,5,2829,560,25.6,jueves,2025-05-01 19:15:00,4.5323,bajo baudó
27,chocó,27077,bajo baudó,27077019,virudo(bajo baudó - chocó),2025,5,5268,2486,35.6,viernes,2025-05-23 19:00:00,7.0161,bajo baudó
27,chocó,27077,bajo baudó,27077026,guineal(bajo baudó - chocó),2025,5,2472,2542,29.61,sábado,2025-05-31 19:00:00,4.9839,bajo baudó
27,chocó,27077,bajo baudó,27077029,firme de usarga(bajo baudó - chocó),2025,5,158,152,5.08,viernes,2025-05-09 18:45:00,1.2177,bajo baudó
27,chocó,27077,bajo baudó,27077905,buenavista(bajo baudó - chocó),2025,5,4042,1594,19.3,lunes,2025-05-26 19:45:00,8.7258,bajo baudó
27,chocó,27077,bajo baudó,27077911,playa nueva(bajo baudó - chocó),2025,5,3024,1289,16.9,martes,2025-05-06 12:30:00,7.3306,bajo baudó
27,chocó,27077,bajo baudó,27077916,terron(bajo baudó - chocó),2025,5,0,0,,,,0.0,bajo baudó
27,chocó,27099,bojayá,27099000,bellavista(bojayá - chocó),2025,5,116499,43015,344.66,jueves,2025-05-15 02:15:00,14.1048,bojayá
27,chocó,27099,bojayá,27099002,la loma de bojaya(bojayá - chocó),2025,5,13223,5825,73.52,domingo,2025-05-11 19:00:00,8.379,bojayá
27,chocó,27099,bojayá,27099005,napipi(bojayá - chocó),2025,5,9294,3161,57.6,viernes,2025-05-23 17:30:00,6.4435,bojayá
27,chocó,27099,bojayá,27099012,pogue(bojayá - chocó),2025,5,5257,2597,25.24,lunes,2025-05-12 13:15:00,9.7661,bojayá
27,chocó,27099,bojayá,27099030,piedra candela(bojayá - chocó),2025,5,7813,3582,34.34,miércoles,2025-05-07 14:45:00,9.2177,bojayá
27,chocó,27099,bojayá,27099905,chano(bojayá - chocó),2025,5,313,17,6.91,sábado,2025-05-24 19:45:00,2.0242,bojayá
27,chocó,27250,el litoral del san juan,27250000,santa genoveva de docordo(el litoral del san juan - chocó),2025,5,29761,14301,250.8,sábado,2025-05-10 11:30:00,5.129,el litoral del san juan
27,chocó,27250,el litoral del san juan,27250023,papayo(el litoral del san juan - chocó),2025,5,0,0,,,,0.0,el litoral del san juan
27,chocó,27361,istmina,27361023,potedó(istmina - chocó),2025,5,2685,1395,15.56,martes,2025-05-06 18:45:00,7.5806,istmina
27,chocó,27361,istmina,27361048,union choco(istmina - chocó),2025,5,958,177,7.44,jueves,2025-05-29 18:30:00,7.9435,istmina
27,chocó,27372,juradó,27372000,jurado(jurado - chocó),2025,5,204346,66289,363.36,lunes,2025-05-12 18:45:00,23.9677,jurado
27,chocó,27372,juradó,27372901,santa teresita(jurado - chocó),2025,5,2326,88,15.82,jueves,2025-05-01 11:15:00,15.0242,jurado
27,chocó,27372,juradó,27372902,buenavista(jurado - chocó),2025,5,2378,419,18.29,viernes,2025-05-30 19:15:00,12.2258,jurado
27,chocó,27372,juradó,27372905,dichardi(jurado - chocó),2025,5,2552,2252,11.51,viernes,2025-05-09 18:45:00,15.4032,jurado
27,chocó,27372,juradó,27372907,eyasake(jurado - chocó),2025,5,5382,2447,20.14,sábado,2025-05-10 19:00:00,10.8629,jurado
27,chocó,27372,juradó,27372930,dos bocas(jurado - chocó),2025,5,4273,1528,24.42,martes,2025-05-06 19:00:00,13.7742,jurado
27,chocó,27425,medio atrato,27425000,bete(medio atrato - chocó),2025,5,12347,5103,96.0,jueves,2025-05-29 19:30:00,6.7581,medio atrato
27,chocó,27425,medio atrato,27425008,san roque(medio atrato - chocó),2025,5,1419,727,19.34,jueves,2025-05-22 19:45:00,3.5161,medio atrato
27,chocó,27491,novita,27491004,juntas de tamana(novita - chocó),2025,5,3407,1048,16.77,lunes,2025-05-12 19:00:00,10.2016,novita
27,chocó,27495,nuquí,27495000,nuquí(nuquí - chocó),2025,5,317868,100982,574.11,lunes,2025-05-12 20:15:00,23.8871,nuquí
27,chocó,27495,nuquí,27495001,arusi(nuquí - chocó),2025,5,21057,9981,69.6,martes,2025-05-27 19:00:00,18.0403,nuquí
27,chocó,27495,nuquí,27495002,coqui(nuquí - chocó),2025,5,3633,759,13.2,lunes,2025-05-19 19:30:00,15.1855,nuquí
27,chocó,27495,nuquí,27495003,jurubira(nuquí - chocó),2025,5,22476,7968,60.88,martes,2025-05-27 19:15:00,15.879,nuquí
27,chocó,27495,nuquí,27495008,jovi(nuquí - chocó),2025,5,8598,3416,24.61,jueves,2025-05-08 19:00:00,15.6613,nuquí
27,chocó,27495,nuquí,27495010,termales(nuquí - chocó),2025,5,10229,5361,29.76,sábado,2025-05-24 18:45:00,15.1694,nuquí
27,chocó,27495,nuquí,27495011,comunidad de puerto jagua(nuquí - chocó),2025,5,1037,335,5.98,jueves,2025-05-01 19:30:00,6.8629,nuquí
27,chocó,27495,nuquí,27495012,comunidad indig. puerto indio(nuquí - chocó),2025,5,1806,343,5.94,jueves,2025-05-15 09:30:00,12.9839,nuquí
27,chocó,27495,nuquí,27495910,comunidad indig. de rio nuquí(nuquí - chocó),2025,5,808,209,5.25,viernes,2025-05-02 19:15:00,8.5403,nuquí
27,chocó,27495,nuquí,27495912,comunidad indígena de pangui - el yucal(nuquí - chocó),2025,5,7399,1869,11.55,domingo,2025-05-18 10:00:00,22.9839,nuquí
27,chocó,27615,riosucio,27615011,san jose tamboral(riosucio - chocó),2025,5,0,0,,,,0.0,riosucio
27,chocó,27800,unguía,27800000,unguía(unguía - chocó),2025,5,492657,151195,1042.8,lunes,2025-05-12 21:00:00,22.6452,unguía
27,chocó,27800,unguía,27800001,balboa(unguía - chocó),2025,5,28092,9724,90.7,lunes,2025-05-12 20:45:00,13.1452,unguía
27,chocó,27800,unguía,27800005,titumate(unguía - chocó),2025,5,15631,3565,69.96,miércoles,2025-05-14 20:15:00,10.6855,unguía
44,la guajira,44847,uribia,44847003,cabo de la vela(uribia - la guajira),2025,5,6048,520,97.16,martes,2025-05-20 19:00:00,2.5968,uribia
44,la guajira,44847,uribia,44847012,nazareth(uribia - la guajira),2025,5,38849,9068,273.12,jueves,2025-05-22 19:00:00,5.5161,uribia
47,magdalena,47189,ciénaga,47189018,palmor(ciénaga - magdalena),2025,5,84747,27479,181.95,sábado,2025-05-10 19:15:00,23.0403,ciénaga
50,meta,50325,mapiripán,50325000,mapiripan(mapiripan - meta),2025,5,193226,59968,361.68,martes,2025-05-06 18:15:00,23.9274,mapiripan
52,nariño,52250,el charco,52250005,las mercedes(el charco - nariño),2025,5,0,0,,,,0.0,el charco
52,nariño,52250,el charco,52250007,san jose del tapaje(el charco - nariño),2025,5,9628,2062,56.0,jueves,2025-05-01 18:30:00,6.9032,el charco
52,nariño,52250,el charco,52250016,alteron - uribe uribe(el charco - nariño),2025,5,342,189,6.96,sábado,2025-05-03 19:45:00,2.879,el charco
52,nariño,52250,el charco,52250022,el cuil pueblo nuevo(el charco - nariño),2025,5,3081,1576,27.89,sábado,2025-05-31 18:45:00,4.4919,el charco
52,nariño,52390,la tola,52390003,la vigia de la mar(la tola - nariño),2025,5,5881,2644,31.4,jueves,2025-05-29 18:45:00,8.3065,la tola
52,nariño,52390,la tola,52390005,aguacatal(la tola - nariño),2025,5,711,236,11.41,domingo,2025-05-25 15:30:00,2.4274,la tola
52,nariño,52390,la tola,52390009,mulatos(la tola - nariño),2025,5,4325,2148,24.45,viernes,2025-05-23 16:30:00,8.0,la tola
52,nariño,52390,la tola,52390013,amarales(la tola - nariño),2025,5,5692,1629,53.25,viernes,2025-05-02 20:15:00,4.879,la tola
52,nariño,52390,la tola,52390016,san pablo del mar(la tola - nariño),2025,5,2756,805,23.58,sábado,2025-05-03 19:00:00,4.6371,la tola
52,nariño,52473,mosquera,52473010,el bajito de echandia(mosquera - nariño),2025,5,3510,1343,15.58,domingo,2025-05-25 10:45:00,10.0726,mosquera
52,nariño,52490,olaya herrera,52490913,boca de prieta(olaya herrera - nariño),2025,5,176,41,14.95,domingo,2025-05-04 19:00:00,0.7339,olaya herrera
52,nariño,52621,roberto payán,52621912,tamaje(roberto payan - nariño),2025,5,5736,2744,25.13,domingo,2025-05-04 16:45:00,9.1532,roberto payan
52,nariño,52696,santa bárbara,52696014,la ensenada(santa bárbara - nariño),2025,5,3158,1537,20.58,jueves,2025-05-15 19:45:00,6.4919,santa bárbara
52,nariño,52696,santa bárbara,52696017,santa rita(santa bárbara - nariño),2025,5,4761,2654,34.6,lunes,2025-05-19 20:15:00,5.4597,santa bárbara
52,nariño,52835,san andrés de tumaco,52835055,bocas de curay(san andrés de tumaco - nariño),2025,5,7667,2726,50.4,viernes,2025-05-09 18:45:00,6.8952,san andrés de tumaco
76,valle del cauca,76109,buenaventura,76109011,pastico(buenaventura - valle del cauca),2025,5,5262,1757,20.75,jueves,2025-05-22 19:00:00,10.4919,buenaventura
76,valle del cauca,76109,buenaventura,76109018,concepcion(buenaventura - valle del cauca),2025,5,0,0,,,,0.0,buenaventura
76,valle del cauca,76109,buenaventura,76109028,puerto merizalde(buenaventura - valle del cauca),2025,5,111442,40190,226.34,miércoles,2025-05-14 20:00:00,22.3387,buenaventura
76,valle del cauca,76109,buenaventura,76109030,punta soldado(buenaventura - valle del cauca),2025,5,5111,2009,50.57,lunes,2025-05-05 21:00:00,10.129,buenaventura
76,valle del cauca,76109,buenaventura,76109032,san francisco naya(buenaventura - valle del cauca),2025,5,8375,3654,33.47,viernes,2025-05-09 11:30:00,10.6452,buenaventura
76,valle del cauca,76109,buenaventura,76109034,san isidro - calima(buenaventura - valle del cauca),2025,5,3590,796,27.47,domingo,2025-05-18 08:30:00,5.0806,buenaventura
76,valle del cauca,76109,buenaventura,76109040,veneral(buenaventura - valle del cauca),2025,5,5700,574,28.45,jueves,2025-05-22 19:30:00,7.9516,buenaventura
76,valle del cauca,76109,buenaventura,76109069,papayal 1(buenaventura - valle del cauca),2025,5,4028,784,26.27,viernes,2025-05-30 18:45:00,8.9032,buenaventura
76,valle del cauca,76109,buenaventura,76109081,punta bonita(buenaventura - valle del cauca),2025,5,6041,6211,23.11,viernes,2025-05-23 14:15:00,10.8145,buenaventura
76,valle del cauca,76109,buenaventura,76109105,pital(buenaventura - valle del cauca),2025,5,3677,871,16.15,viernes,2025-05-09 19:15:00,8.5565,buenaventura
76,valle del cauca,76109,buenaventura,76109817,santa maria 1 naya(buenaventura - valle del cauca),2025,5,1717,536,11.55,martes,2025-05-27 19:45:00,5.879,buenaventura
76,valle del cauca,76109,buenaventura,76109863,san antonio (buenaventura - valle del cauca),2025,5,1710,471,8.49,viernes,2025-05-09 13:15:00,10.0726,buenaventura
76,valle del cauca,76109,buenaventura,76109904,san antonio (rio cajambre)(buenaventura - valle del cauca),2025,5,4580,1366,27.13,martes,2025-05-20 11:30:00,6.8871,buenaventura
76,valle del cauca,76109,buenaventura,76109907,san pablo( cajambre)(buenaventura - valle del cauca),2025,5,2430,0,19.83,viernes,2025-05-16 18:30:00,4.3306,buenaventura
76,valle del cauca,76109,buenaventura,76109913,mayorquin(buenaventura - valle del cauca),2025,5,3238,974,16.39,domingo,2025-05-18 10:45:00,8.3387,buenaventura
76,valle del cauca,76109,buenaventura,76109930,galvez(buenaventura - valle del cauca),2025,5,3988,632,32.9,sábado,2025-05-17 08:15:00,6.2258,buenaventura
76,valle del cauca,76109,buenaventura,76109957,humanes mar(buenaventura - valle del cauca),2025,5,8259,1421,43.83,lunes,2025-05-19 19:15:00,9.1935,buenaventura
86,putumayo,86573,puerto leguizamo,86573000,puerto leguizamo(puerto leguizamo - putumayo),2025,5,923489,258226,1909.34,martes,2025-05-06 14:45:00,24.0,puerto leguizamo
86,putumayo,86573,puerto leguizamo,86573009,piñuña negro(puerto leguizamo - putumayo),2025,5,4402,2947,35.2,sábado,2025-05-03 18:45:00,5.621,puerto leguizamo
88,archipiélago de san andrés y providencia,88001,san andrés,88001000,san andrés(san andrés - archipiélago de san andrés y providencia ),2025,5,20626212,4923412,33600.96,viernes,2025-05-23 15:30:00,24.0,san andrés
88,archipiélago de san andrés y providencia,88564,providencia,88564000,providencia(providencia - archipiélago de san andrés y providencia ),2025,5,1313027,265355,2184.36,miércoles,2025-05-28 22:30:00,24.0,providencia
91,amazonas,91001,leticia,91001000,leticia(leticia - amazonas),2025,5,4170288,981493,7764.4,lunes,2025-05-05 15:00:00,24.0,leticia
91,amazonas,91540,puerto nariño,91540000,puerto nariño(puerto nariño - amazonas),2025,5,132386,42473,268.8,miércoles,2025-05-07 18:15:00,24.0,puerto nariño
91,amazonas,91798,tarapaca (anm),91798000,tarapaca(tarapaca (anm) - amazonas),2025,5,26771,11682,98.6,martes,2025-05-20 15:45:00,10.25,tarapaca (anm)
94,guainía,94001,inírida,94001000,inírida(inírida - guainía),2025,5,2332572,611747,4363.04,lunes,2025-05-05 14:30:00,24.0,inírida
94,guainía,94001,inírida,94001905,chorro bocon(inírida - guainía),2025,5,6292,861,21.74,sábado,2025-05-10 19:30:00,16.0,inírida
94,guainía,94001,inírida,94001916,venado(inírida - guainía),2025,5,2923,376,9.16,lunes,2025-05-26 19:15:00,23.9355,inírida
94,guainía,94001,inírida,94001966,laguna colorada alta(inírida - guainía),2025,5,8604,144,31.14,miércoles,2025-05-07 18:15:00,15.5242,inírida
94,guainía,94343,barrancominas,94343900,carpintero(barranco minas - guainía),2025,5,2299,1029,7.72,jueves,2025-05-29 18:00:00,19.2258,barranco minas
94,guainía,94343,barrancominas,94343901,chatare(barranco minas - guainía),2025,5,382,18,4.99,miércoles,2025-05-14 19:15:00,3.4435,barranco minas
95,guaviare,95001,san josé del guaviare,95001012,cachicamo(san josé del guaviare - guaviare),2025,5,11179,4942,45.57,viernes,2025-05-30 18:45:00,11.8871,san josé del guaviare
95,guaviare,95200,miraflores,95200000,miraflores(miraflores - guaviare),2025,5,128806,15135,252.45,lunes,2025-05-26 18:15:00,24.0,miraflores
97,vaupés,97001,mitú,97001000,mitú(mitú - vaupés),2025,5,1545924,356973,3146.3,viernes,2025-05-09 11:45:00,23.9677,mitú
97,vaupés,97161,carurú,97161000,carurú(carurú - vaupés),2025,5,38239,6377,98.91,jueves,2025-05-29 14:45:00,16.9032,carurú
97,vaupés,97666,taraira,97666000,taraira(taraira - vaupés),2025,5,46540,13139,135.78,viernes,2025-05-09 12:45:00,14.2903,taraira
99,vichada,99001,puerto carreño,99001000,puerto carreño(puerto carreño - vichada),2025,5,2650750,666426,5252.72,viernes,2025-05-02 14:15:00,23.9839,puerto carreño
99,vichada,99773,cumaribo,99773000,cumaribo(cumaribo - vichada),2025,5,386570,137365,768.43,viernes,2025-05-09 13:15:00,23.5081,cumaribo
05,antioquia,05873,vigía del fuerte,05873001,san antonio de padua(vigía del fuerte - antioquia),2025,6,1925,0,43.97,lunes,2025-06-30 19:00:00,2.3083,vigía del fuerte
05,antioquia,05873,vigía del fuerte,05873005,san miguel(vigía del fuerte - antioquia),2025,6,367,157,16.8,sábado,2025-06-28 18:30:00,0.8583,vigía del fuerte
05,antioquia,05873,vigía del fuerte,05873910,puerto medellín(vigía del fuerte - antioquia),2025,6,466,194,12.55,martes,2025-06-24 18:45:00,2.2583,vigía del fuerte
13,bolívar,13001,cartagena de indias,13001017,santa cruz del islote(cartagena de indias - bolívar),2025,6,12890,3544,57.22,jueves,2025-06-26 20:30:00,9.5333,cartagena de indias
13,bolívar,13001,cartagena de indias,13001037,isla mucura(cartagena de indias - bolívar),2025,6,4867,1044,22.62,miércoles,2025-06-11 23:00:00,9.7417,cartagena de indias
18,caquetá,18150,cartagena del chairá,18150002,santa fe del caguan(cartagena del chaira - caquetá),2025,6,3295,1346,36.48,viernes,2025-06-06 18:30:00,4.0333,cartagena del chaira
18,caquetá,18753,san vicente del caguán,18753002,guacamayas(san vicente del caguán - caquetá),2025,6,0,0,,,,0.0,san vicente del caguán
18,caquetá,18753,san vicente del caguán,18753009,puerto betania(san vicente del caguán - caquetá),2025,6,6320,1999,42.76,sábado,2025-06-21 18:30:00,6.8083,san vicente del caguán
18,caquetá,18753,san vicente del caguán,18753012,santa rosa(san vicente del caguán - caquetá),2025,6,2659,1135,15.41,domingo,2025-06-29 18:00:00,7.6417,san vicente del caguán
18,caquetá,18753,san vicente del caguán,18753033,villa lobos(san vicente del caguán - caquetá),2025,6,3270,1118,44.09,sábado,2025-06-28 19:30:00,3.0167,san vicente del caguán
19,cauca,19318,guapi,19318008,limones(guapi - cauca),2025,6,5576,2910,43.34,domingo,2025-06-15 12:30:00,5.675,guapi
19,cauca,19318,guapi,19318013,san antonio de guajui(guapi - cauca),2025,6,13011,7056,59.08,sábado,2025-06-21 18:45:00,9.4833,guapi
19,cauca,19418,lópez (micay),19418009,noanamito(lópez de micay - cauca),2025,6,2058,1127,36.0,lunes,2025-06-23 19:45:00,2.5833,lópez de micay
19,cauca,19418,lópez (micay),19418033,boca grande(lópez de micay - cauca),2025,6,4984,1503,40.08,lunes,2025-06-02 19:45:00,5.3083,lópez de micay
19,cauca,19809,timbiquí,19809003,coteje(timbiquí - cauca),2025,6,5888,4526,27.88,miércoles,2025-06-11 19:15:00,8.5,timbiquí
19,cauca,19809,timbiquí,19809007,san jose(timbiquí - cauca),2025,6,1391,866,35.11,viernes,2025-06-06 19:00:00,1.575,timbiquí
19,cauca,19809,timbiquí,19809009,santa rosa de saija(timbiquí - cauca),2025,6,3265,853,22.8,sábado,2025-06-07 19:00:00,6.275,timbiquí
19,cauca,19809,timbiquí,19809010,comunidad de chete(timbiquí - cauca),2025,6,4947,1870,31.49,lunes,2025-06-30 18:00:00,6.3667,timbiquí
19,cauca,19809,timbiquí,19809014,chacon(timbiquí - cauca),2025,6,2944,513,25.06,lunes,2025-06-02 19:45:00,6.1417,timbiquí
27,chocó,27001,quibdó,27001029,tagachi(quibdó - chocó),2025,6,0,0,,,,0.0,quibdó
27,chocó,27006,acandí,27006000,acandí(acandí - chocó),2025,6,592207,160849,1391.63,viernes,2025-06-06 20:15:00,20.9,acandí
27,chocó,27006,acandí,27006007,san francisco(acandí - chocó),2025,6,26610,9255,153.15,sábado,2025-06-28 21:30:00,9.3833,acandí
27,chocó,27025,alto baudó,27025000,ciudad baudo - pie de pato(alto baudo - chocó),2025,6,53001,17812,122.41,viernes,2025-06-06 11:45:00,23.95,alto baudo
27,chocó,27025,alto baudó,27025033,miacora(alto baudo - chocó),2025,6,174,0,2.23,miércoles,2025-06-18 18:45:00,0.875,alto baudo
27,chocó,27025,alto baudó,27025035,puerto alegre(alto baudo - chocó),2025,6,1083,331,5.11,domingo,2025-06-01 13:15:00,8.875,alto baudo
27,chocó,27025,alto baudó,27025920,el morro(alto baudo - chocó),2025,6,462,158,3.42,viernes,2025-06-27 19:00:00,6.5,alto baudo
27,chocó,27025,alto baudó,27025937,villa cecilia(alto baudo - chocó),2025,6,470,164,3.59,miércoles,2025-06-04 17:15:00,3.6333,alto baudo
27,chocó,27075,bahía solano,27075000,ciudad mutis(bahía solano - chocó),2025,6,873365,242722,1692.24,jueves,2025-06-19 19:45:00,23.6417,bahía solano
27,chocó,27075,bahía solano,27075001,cupica(bahía solano - chocó),2025,6,66296,19966,140.17,miércoles,2025-06-04 19:30:00,23.975,bahía solano
27,chocó,27075,bahía solano,27075002,el valle(bahía solano - chocó),2025,6,185051,57988,375.8,viernes,2025-06-20 19:30:00,23.5583,bahía solano
27,chocó,27077,bajo baudó,27077000,pizarro(bajo baudó - chocó),2025,6,171529,59334,497.38,miércoles,2025-06-18 20:15:00,15.1917,bajo baudó
27,chocó,27077,bajo baudó,27077002,belen de docampado(bajo baudó - chocó),2025,6,7217,1703,36.15,lunes,2025-06-16 10:30:00,9.2583,bajo baudó
27,chocó,27077,bajo baudó,27077011,piliza - bellavista - villa luz(bajo baudó - chocó),2025,6,2845,515,25.6,lunes,2025-06-02 19:00:00,4.9833,bajo baudó
27,chocó,27077,bajo baudó,27077019,virudo(bajo baudó - chocó),2025,6,3693,1668,35.32,miércoles,2025-06-04 18:45:00,4.95,bajo baudó
27,chocó,27077,bajo baudó,27077026,guineal(bajo baudó - chocó),2025,6,1965,2088,30.29,domingo,2025-06-01 18:45:00,4.2917,bajo baudó
27,chocó,27077,bajo baudó,27077029,firme de usarga(bajo baudó - chocó),2025,6,0,0,,,,0.0,bajo baudó
27,chocó,27077,bajo baudó,27077905,buenavista(bajo baudó - chocó),2025,6,3743,1463,18.88,martes,2025-06-03 20:15:00,8.5083,bajo baudó
27,chocó,27077,bajo baudó,27077916,terron(bajo baudó - chocó),2025,6,45,0,9.85,miércoles,2025-06-25 20:45:00,0.1917,bajo baudó
27,chocó,27099,bojayá,27099000,bellavista(bojayá - chocó),2025,6,105133,39066,336.84,lunes,2025-06-30 19:15:00,13.425,bojayá
27,chocó,27099,bojayá,27099002,la loma de bojaya(bojayá - chocó),2025,6,11533,5402,72.18,lunes,2025-06-02 19:15:00,8.4833,bojayá
27,chocó,27099,bojayá,27099005,napipi(bojayá - chocó),2025,6,12346,4190,54.4,domingo,2025-06-01 18:15:00,9.2083,bojayá
27,chocó,27099,bojayá,27099012,pogue(bojayá - chocó),2025,6,5248,2559,22.54,miércoles,2025-06-18 14:30:00,10.4667,bojayá
27,chocó,27099,bojayá,27099030,piedra candela(bojayá - chocó),2025,6,7538,3601,33.11,viernes,2025-06-20 15:15:00,9.5417,bojayá
27,chocó,27099,bojayá,27099905,chano(bojayá - chocó),2025,6,787,42,6.75,jueves,2025-06-05 18:30:00,5.5917,bojayá
27,chocó,27250,el litoral del san juan,27250000,santa genoveva de docordo(el litoral del san juan - chocó),2025,6,72794,35069,225.98,viernes,2025-06-06 18:30:00,13.5,el litoral del san juan
27,chocó,27250,el litoral del san juan,27250023,papayo(el litoral del san juan - chocó),2025,6,0,0,0.0,viernes,2025-06-06 11:45:00,0.0,el litoral del san juan
27,chocó,27361,istmina,27361023,potedó(istmina - chocó),2025,6,2002,900,14.65,lunes,2025-06-02 18:15:00,5.9083,istmina
27,chocó,27361,istmina,27361048,union choco(istmina - chocó),2025,6,1206,601,7.87,lunes,2025-06-09 10:45:00,8.4667,istmina
27,chocó,27372,juradó,27372000,jurado(jurado - chocó),2025,6,179553,58988,367.04,sábado,2025-06-14 19:00:00,22.8417,jurado
27,chocó,27372,juradó,27372901,santa teresita(jurado - chocó),2025,6,911,20,10.01,sábado,2025-06-07 11:45:00,6.575,jurado
27,chocó,27372,juradó,27372902,buenavista(jurado - chocó),2025,6,1943,427,17.22,jueves,2025-06-19 11:45:00,9.525,jurado
27,chocó,27372,juradó,27372905,dichardi(jurado - chocó),2025,6,2106,1601,9.95,lunes,2025-06-02 06:30:00,15.0583,jurado
27,chocó,27372,juradó,27372907,eyasake(jurado - chocó),2025,6,2803,865,21.9,sábado,2025-06-07 18:30:00,7.6417,jurado
27,chocó,27372,juradó,27372930,dos bocas(jurado - chocó),2025,6,1795,601,19.74,sábado,2025-06-07 18:45:00,5.8583,jurado
27,chocó,27425,medio atrato,27425000,bete(medio atrato - chocó),2025,6,8247,3274,104.0,miércoles,2025-06-04 19:15:00,3.8583,medio atrato
27,chocó,27425,medio atrato,27425008,san roque(medio atrato - chocó),2025,6,821,407,17.95,sábado,2025-06-14 20:15:00,2.075,medio atrato
27,chocó,27491,novita,27491004,juntas de tamana(novita - chocó),2025,6,2062,615,19.54,jueves,2025-06-12 19:45:00,6.7917,novita
27,chocó,27495,nuquí,27495000,nuquí(nuquí - chocó),2025,6,298366,96196,575.17,jueves,2025-06-19 19:45:00,23.7583,nuquí
27,chocó,27495,nuquí,27495001,arusi(nuquí - chocó),2025,6,18565,7229,57.6,lunes,2025-06-09 18:45:00,18.5333,nuquí
27,chocó,27495,nuquí,27495003,jurubira(nuquí - chocó),2025,6,22152,7842,61.49,jueves,2025-06-19 20:15:00,16.8333,nuquí
27,chocó,27495,nuquí,27495008,jovi(nuquí - chocó),2025,6,7784,2896,25.21,miércoles,2025-06-18 19:45:00,14.775,nuquí
27,chocó,27495,nuquí,27495011,comunidad de puerto jagua(nuquí - chocó),2025,6,1114,371,5.38,martes,2025-06-10 20:00:00,8.1667,nuquí
27,chocó,27495,nuquí,27495012,comunidad indig. puerto indio(nuquí - chocó),2025,6,1495,359,7.59,domingo,2025-06-29 19:45:00,10.5583,nuquí
27,chocó,27495,nuquí,27495910,comunidad indig. de rio nuquí(nuquí - chocó),2025,6,815,197,5.5,sábado,2025-06-28 19:30:00,8.3083,nuquí
27,chocó,27495,nuquí,27495912,comunidad indígena de pangui - el yucal(nuquí - chocó),2025,6,8040,1853,11.56,lunes,2025-06-09 09:45:00,23.65,nuquí
27,chocó,27615,riosucio,27615011,san jose tamboral(riosucio - chocó),2025,6,5,2,2.22,domingo,2025-06-29 20:15:00,0.075,riosucio
27,chocó,27800,unguía,27800000,unguía(unguía - chocó),2025,6,471881,143072,988.42,domingo,2025-06-08 20:30:00,22.4583,unguía
27,chocó,27800,unguía,27800001,balboa(unguía - chocó),2025,6,26920,9508,89.62,sábado,2025-06-14 20:30:00,13.075,unguía
27,chocó,27800,unguía,27800005,titumate(unguía - chocó),2025,6,15118,3425,67.32,viernes,2025-06-06 20:45:00,11.125,unguía
44,la guajira,44847,uribia,44847012,nazareth(uribia - la guajira),2025,6,35892,8582,269.28,miércoles,2025-06-18 19:00:00,5.4,uribia
47,magdalena,47189,ciénaga,47189018,palmor(ciénaga - magdalena),2025,6,93638,30596,172.93,sábado,2025-06-21 12:45:00,23.525,ciénaga
50,meta,50325,mapiripán,50325000,mapiripan(mapiripan - meta),2025,6,180728,56301,365.2,miércoles,2025-06-25 19:00:00,23.8667,mapiripan
52,nariño,52250,el charco,52250005,las mercedes(el charco - nariño),2025,6,900,4851,9.92,martes,2025-06-17 17:45:00,3.5833,el charco
52,nariño,52250,el charco,52250007,san jose del tapaje(el charco - nariño),2025,6,10802,2416,56.0,miércoles,2025-06-04 18:45:00,8.0833,el charco
52,nariño,52250,el charco,52250016,alteron - uribe uribe(el charco - nariño),2025,6,754,404,6.62,sábado,2025-06-28 20:15:00,5.225,el charco
52,nariño,52250,el charco,52250022,el cuil pueblo nuevo(el charco - nariño),2025,6,4728,2463,28.22,lunes,2025-06-30 18:30:00,6.7667,el charco
52,nariño,52390,la tola,52390003,la vigia de la mar(la tola - nariño),2025,6,4794,2433,31.2,miércoles,2025-06-25 18:45:00,7.225,la tola
52,nariño,52390,la tola,52390005,aguacatal(la tola - nariño),2025,6,3334,1169,12.53,sábado,2025-06-07 14:15:00,11.3083,la tola
52,nariño,52390,la tola,52390009,mulatos(la tola - nariño),2025,6,4507,2100,27.55,domingo,2025-06-22 17:45:00,8.0083,la tola
52,nariño,52390,la tola,52390013,amarales(la tola - nariño),2025,6,3247,953,53.86,viernes,2025-06-13 19:45:00,2.9917,la tola
52,nariño,52390,la tola,52390016,san pablo del mar(la tola - nariño),2025,6,3034,1214,22.56,jueves,2025-06-19 14:30:00,5.75,la tola
52,nariño,52473,mosquera,52473010,el bajito de echandia(mosquera - nariño),2025,6,3268,1257,18.96,viernes,2025-06-20 13:45:00,10.1167,mosquera
52,nariño,52490,olaya herrera,52490913,boca de prieta(olaya herrera - nariño),2025,6,296,82,9.55,viernes,2025-06-27 21:00:00,1.825,olaya herrera
52,nariño,52621,roberto payán,52621912,tamaje(roberto payan - nariño),2025,6,5247,2538,26.83,domingo,2025-06-29 21:15:00,8.5083,roberto payan
52,nariño,52696,santa bárbara,52696014,la ensenada(santa bárbara - nariño),2025,6,2296,989,20.06,lunes,2025-06-23 19:30:00,5.1167,santa bárbara
52,nariño,52696,santa bárbara,52696017,santa rita(santa bárbara - nariño),2025,6,4975,2772,34.72,jueves,2025-06-19 20:00:00,6.1167,santa bárbara
52,nariño,52835,san andrés de tumaco,52835016,pital de la costa(san andrés de tumaco - nariño),2025,6,27562,13550,91.46,miércoles,2025-06-18 19:00:00,12.4667,san andrés de tumaco
52,nariño,52835,san andrés de tumaco,52835055,bocas de curay(san andrés de tumaco - nariño),2025,6,8106,2889,48.0,lunes,2025-06-30 18:45:00,7.5833,san andrés de tumaco
76,valle del cauca,76109,buenaventura,76109011,pastico(buenaventura - valle del cauca),2025,6,4781,1540,21.12,lunes,2025-06-16 14:15:00,9.225,buenaventura
76,valle del cauca,76109,buenaventura,76109018,concepcion(buenaventura - valle del cauca),2025,6,747,278,37.96,lunes,2025-06-30 19:30:00,0.9583,buenaventura
76,valle del cauca,76109,buenaventura,76109028,puerto merizalde(buenaventura - valle del cauca),2025,6,97264,37011,245.17,sábado,2025-06-28 20:30:00,19.1333,buenaventura
76,valle del cauca,76109,buenaventura,76109030,punta soldado(buenaventura - valle del cauca),2025,6,4600,1511,38.13,miércoles,2025-06-18 20:45:00,7.1667,buenaventura
76,valle del cauca,76109,buenaventura,76109032,san francisco naya(buenaventura - valle del cauca),2025,6,8535,3447,32.35,sábado,2025-06-28 11:45:00,11.3583,buenaventura
76,valle del cauca,76109,buenaventura,76109034,san isidro - calima(buenaventura - valle del cauca),2025,6,7107,1548,29.94,sábado,2025-06-28 19:00:00,10.1333,buenaventura
76,valle del cauca,76109,buenaventura,76109040,veneral(buenaventura - valle del cauca),2025,6,4960,537,26.92,domingo,2025-06-29 19:15:00,10.65,buenaventura
76,valle del cauca,76109,buenaventura,76109069,papayal 1(buenaventura - valle del cauca),2025,6,5055,720,36.87,viernes,2025-06-20 10:15:00,8.7167,buenaventura
76,valle del cauca,76109,buenaventura,76109081,punta bonita(buenaventura - valle del cauca),2025,6,7097,5321,40.04,martes,2025-06-24 12:45:00,9.9917,buenaventura
76,valle del cauca,76109,buenaventura,76109105,pital(buenaventura - valle del cauca),2025,6,2601,570,33.4,jueves,2025-06-26 17:30:00,6.1,buenaventura
76,valle del cauca,76109,buenaventura,76109817,santa maria 1 naya(buenaventura - valle del cauca),2025,6,998,312,11.2,martes,2025-06-10 19:15:00,3.575,buenaventura
76,valle del cauca,76109,buenaventura,76109863,san antonio (buenaventura - valle del cauca),2025,6,7200,807,37.96,lunes,2025-06-16 05:45:00,10.5333,buenaventura
76,valle del cauca,76109,buenaventura,76109904,san antonio (rio cajambre)(buenaventura - valle del cauca),2025,6,4922,1470,29.73,viernes,2025-06-20 11:45:00,7.65,buenaventura
76,valle del cauca,76109,buenaventura,76109907,san pablo( cajambre)(buenaventura - valle del cauca),2025,6,3130,0,19.65,domingo,2025-06-08 19:45:00,5.8333,buenaventura
76,valle del cauca,76109,buenaventura,76109913,mayorquin(buenaventura - valle del cauca),2025,6,4908,945,34.46,viernes,2025-06-06 10:45:00,7.825,buenaventura
76,valle del cauca,76109,buenaventura,76109930,galvez(buenaventura - valle del cauca),2025,6,1717,246,12.77,lunes,2025-06-23 19:15:00,5.4833,buenaventura
76,valle del cauca,76109,buenaventura,76109957,humanes mar(buenaventura - valle del cauca),2025,6,8849,1658,35.74,jueves,2025-06-05 10:30:00,10.4667,buenaventura
86,putumayo,86573,puerto leguizamo,86573000,puerto leguizamo(puerto leguizamo - putumayo),2025,6,896654,237663,1853.81,miércoles,2025-06-18 15:00:00,24.0,puerto leguizamo
86,putumayo,86573,puerto leguizamo,86573009,piñuña negro(puerto leguizamo - putumayo),2025,6,4371,2279,32.0,sábado,2025-06-07 18:45:00,5.9167,puerto leguizamo
88,archipiélago de san andrés y providencia,88001,san andrés,88001000,san andrés(san andrés - archipiélago de san andrés y providencia ),2025,6,18517836,4491429,33001.76,martes,2025-06-03 16:00:00,24.0,san andrés
88,archipiélago de san andrés y providencia,88564,providencia,88564000,providencia(providencia - archipiélago de san andrés y providencia ),2025,6,1199591,241513,2183.73,sábado,2025-06-28 19:45:00,23.9917,providencia
91,amazonas,91001,leticia,91001000,leticia(leticia - amazonas),2025,6,3917316,911002,7857.56,martes,2025-06-10 14:30:00,24.0,leticia
91,amazonas,91540,puerto nariño,91540000,puerto nariño(puerto nariño - amazonas),2025,6,126077,41005,251.2,jueves,2025-06-05 18:15:00,24.0,puerto nariño
91,amazonas,91798,tarapaca (anm),91798000,tarapaca(tarapaca (anm) - amazonas),2025,6,24806,10749,103.76,lunes,2025-06-30 13:45:00,10.2333,tarapaca (anm)
94,guainía,94001,inírida,94001000,inírida(inírida - guainía),2025,6,2170582,574014,4138.64,lunes,2025-06-16 14:30:00,24.0,inírida
94,guainía,94001,inírida,94001905,chorro bocon(inírida - guainía),2025,6,6033,700,19.68,domingo,2025-06-08 20:00:00,16.3667,inírida
94,guainía,94001,inírida,94001916,venado(inírida - guainía),2025,6,2869,352,9.7,martes,2025-06-24 21:15:00,24.0,inírida
94,guainía,94001,inírida,94001966,laguna colorada alta(inírida - guainía),2025,6,8613,276,30.84,martes,2025-06-10 18:15:00,13.8917,inírida
94,guainía,94343,barrancominas,94343900,carpintero(barranco minas - guainía),2025,6,2317,1168,8.73,miércoles,2025-06-18 19:00:00,18.5667,barranco minas
94,guainía,94343,barrancominas,94343901,chatare(barranco minas - guainía),2025,6,952,40,4.92,domingo,2025-06-29 19:00:00,10.9833,barranco minas
95,guaviare,95001,san josé del guaviare,95001012,cachicamo(san josé del guaviare - guaviare),2025,6,10010,4327,47.35,viernes,2025-06-13 19:15:00,10.6333,san josé del guaviare
95,guaviare,95200,miraflores,95200000,miraflores(miraflores - guaviare),2025,6,116126,12320,241.04,martes,2025-06-10 18:30:00,24.0,miraflores
97,vaupés,97001,mitú,97001000,mitú(mitú - vaupés),2025,6,1422102,321703,3161.0,martes,2025-06-24 11:30:00,23.4833,mitú
97,vaupés,97161,carurú,97161000,carurú(carurú - vaupés),2025,6,34965,5984,96.18,viernes,2025-06-06 16:15:00,17.0583,carurú
97,vaupés,97666,taraira,97666000,taraira(taraira - vaupés),2025,6,44456,12414,137.72,jueves,2025-06-26 12:00:00,14.2083,taraira
99,vichada,99001,puerto carreño,99001000,puerto carreño(puerto carreño - vichada),2025,6,2463267,626345,4971.12,jueves,2025-06-05 14:15:00,23.9417,puerto carreño
99,vichada,99773,cumaribo,99773000,cumaribo(cumaribo - vichada),2025,6,362230,130624,749.92,viernes,2025-06-13 15:15:00,23.7667,cumaribo
05,antioquia,05873,vigía del fuerte,05873001,san antonio de padua(vigía del fuerte - antioquia),2025,7,3556,0,45.7,domingo,2025-07-06 19:15:00,4.0323,vigía del fuerte
05,antioquia,05873,vigía del fuerte,05873005,san miguel(vigía del fuerte - antioquia),2025,7,1914,839,20.03,viernes,2025-07-18 19:00:00,4.1452,vigía del fuerte
05,antioquia,05873,vigía del fuerte,05873013,loma murri(vigía del fuerte - antioquia),2025,7,3874,1491,32.62,lunes,2025-07-14 19:45:00,5.2016,vigía del fuerte
05,antioquia,05873,vigía del fuerte,05873910,puerto medellín(vigía del fuerte - antioquia),2025,7,712,289,13.05,viernes,2025-07-25 19:00:00,3.1774,vigía del fuerte
13,bolívar,13001,cartagena de indias,13001017,santa cruz del islote(cartagena de indias - bolívar),2025,7,13647,3612,56.19,martes,2025-07-22 20:30:00,10.0726,cartagena de indias
13,bolívar,13001,cartagena de indias,13001037,isla mucura(cartagena de indias - bolívar),2025,7,5580,1573,20.54,martes,2025-07-01 23:00:00,11.1613,cartagena de indias
18,caquetá,18150,cartagena del chairá,18150001,remolino del caguan(cartagena del chaira - caquetá),2025,7,15875,6152,89.12,viernes,2025-07-11 19:15:00,6.9677,cartagena del chaira
18,caquetá,18150,cartagena del chairá,18150002,santa fe del caguan(cartagena del chaira - caquetá),2025,7,2582,1035,38.28,martes,2025-07-15 19:00:00,3.0161,cartagena del chaira
18,caquetá,18753,san vicente del caguán,18753002,guacamayas(san vicente del caguán - caquetá),2025,7,0,0,,,,0.0,san vicente del caguán
18,caquetá,18753,san vicente del caguán,18753012,santa rosa(san vicente del caguán - caquetá),2025,7,2193,983,16.7,martes,2025-07-29 18:15:00,6.25,san vicente del caguán
18,caquetá,18753,san vicente del caguán,18753033,villa lobos(san vicente del caguán - caquetá),2025,7,5926,1892,50.83,miércoles,2025-07-30 19:00:00,4.6855,san vicente del caguán
19,cauca,19318,guapi,19318008,limones(guapi - cauca),2025,7,9185,5076,42.29,domingo,2025-07-06 20:15:00,8.9435,guapi
19,cauca,19318,guapi,19318013,san antonio de guajui(guapi - cauca),2025,7,10523,5536,63.52,martes,2025-07-22 19:15:00,7.1694,guapi
19,cauca,19418,lópez (micay),19418009,noanamito(lópez de micay - cauca),2025,7,7982,4528,40.0,jueves,2025-07-10 18:45:00,8.2097,lópez de micay
19,cauca,19418,lópez (micay),19418033,boca grande(lópez de micay - cauca),2025,7,4217,1195,37.8,jueves,2025-07-24 20:00:00,4.4919,lópez de micay
19,cauca,19809,timbiquí,19809003,coteje(timbiquí - cauca),2025,7,6565,4787,31.24,sábado,2025-07-19 19:00:00,8.5,timbiquí
19,cauca,19809,timbiquí,19809007,san jose(timbiquí - cauca),2025,7,3512,2158,36.29,jueves,2025-07-24 19:15:00,3.9839,timbiquí
19,cauca,19809,timbiquí,19809009,santa rosa de saija(timbiquí - cauca),2025,7,2913,753,23.02,miércoles,2025-07-30 19:45:00,5.1452,timbiquí
19,cauca,19809,timbiquí,19809010,comunidad de chete(timbiquí - cauca),2025,7,6058,2232,33.57,martes,2025-07-29 19:30:00,7.3387,timbiquí
19,cauca,19809,timbiquí,19809014,chacon(timbiquí - cauca),2025,7,3751,573,20.43,sábado,2025-07-12 20:15:00,7.3629,timbiquí
27,chocó,27001,quibdó,27001029,tagachi(quibdó - chocó),2025,7,1856,583,41.88,miércoles,2025-07-16 20:30:00,1.8306,quibdó
27,chocó,27006,acandí,27006000,acandí(acandí - chocó),2025,7,669559,181146,1437.22,miércoles,2025-07-16 21:15:00,21.371,acandí
27,chocó,27006,acandí,27006007,san francisco(acandí - chocó),2025,7,25406,9474,128.19,domingo,2025-07-13 21:00:00,9.4032,acandí
27,chocó,27025,alto baudó,27025000,ciudad baudo - pie de pato(alto baudo - chocó),2025,7,56670,18913,127.42,lunes,2025-07-21 12:00:00,23.9032,alto baudo
27,chocó,27025,alto baudó,27025033,miacora(alto baudo - chocó),2025,7,192,11,4.01,miércoles,2025-07-23 17:45:00,1.629,alto baudo
27,chocó,27025,alto baudó,27025035,puerto alegre(alto baudo - chocó),2025,7,1346,458,5.73,martes,2025-07-29 15:45:00,10.9597,alto baudo
27,chocó,27025,alto baudó,27025920,el morro(alto baudo - chocó),2025,7,489,149,3.68,viernes,2025-07-04 16:45:00,6.6048,alto baudo
27,chocó,27025,alto baudó,27025937,villa cecilia(alto baudo - chocó),2025,7,362,131,3.56,lunes,2025-07-28 16:00:00,2.371,alto baudo
27,chocó,27075,bahía solano,27075000,ciudad mutis(bahía solano - chocó),2025,7,932769,252157,1711.16,martes,2025-07-29 19:30:00,23.4758,bahía solano
27,chocó,27075,bahía solano,27075001,cupica(bahía solano - chocó),2025,7,66516,17552,158.46,domingo,2025-07-27 19:30:00,23.75,bahía solano
27,chocó,27075,bahía solano,27075002,el valle(bahía solano - chocó),2025,7,199609,61662,387.55,jueves,2025-07-17 19:15:00,23.129,bahía solano
27,chocó,27077,bajo baudó,27077000,pizarro(bajo baudó - chocó),2025,7,191269,66252,491.57,miércoles,2025-07-09 13:15:00,16.2581,bajo baudó
27,chocó,27077,bajo baudó,27077002,belen de docampado(bajo baudó - chocó),2025,7,4818,1185,35.05,sábado,2025-07-12 19:00:00,6.4113,bajo baudó
27,chocó,27077,bajo baudó,27077011,piliza - bellavista - villa luz(bajo baudó - chocó),2025,7,2869,497,22.4,martes,2025-07-01 19:30:00,4.9839,bajo baudó
27,chocó,27077,bajo baudó,27077019,virudo(bajo baudó - chocó),2025,7,2235,1026,34.35,sábado,2025-07-19 19:15:00,3.0081,bajo baudó
27,chocó,27077,bajo baudó,27077026,guineal(bajo baudó - chocó),2025,7,1956,2316,21.83,sábado,2025-07-12 19:45:00,4.5081,bajo baudó
27,chocó,27077,bajo baudó,27077029,firme de usarga(bajo baudó - chocó),2025,7,36,22,3.85,jueves,2025-07-31 19:45:00,0.3468,bajo baudó
27,chocó,27077,bajo baudó,27077905,buenavista(bajo baudó - chocó),2025,7,4103,1525,19.65,jueves,2025-07-10 19:45:00,8.4032,bajo baudó
27,chocó,27077,bajo baudó,27077916,terron(bajo baudó - chocó),2025,7,3,0,0.7,sábado,2025-07-19 12:45:00,0.0,bajo baudó
27,chocó,27099,bojayá,27099000,bellavista(bojayá - chocó),2025,7,84720,31076,433.93,miércoles,2025-07-02 05:15:00,10.25,bojayá
27,chocó,27099,bojayá,27099002,la loma de bojaya(bojayá - chocó),2025,7,11971,5425,68.47,sábado,2025-07-19 19:45:00,7.9032,bojayá
27,chocó,27099,bojayá,27099005,napipi(bojayá - chocó),2025,7,13220,4543,54.4,domingo,2025-07-06 16:30:00,9.4032,bojayá
27,chocó,27099,bojayá,27099012,pogue(bojayá - chocó),2025,7,5304,2461,22.61,lunes,2025-07-21 13:15:00,9.9839,bojayá
27,chocó,27099,bojayá,27099030,piedra candela(bojayá - chocó),2025,7,7024,3370,35.04,jueves,2025-07-17 19:15:00,8.2097,bojayá
27,chocó,27099,bojayá,27099905,chano(bojayá - chocó),2025,7,379,31,7.89,jueves,2025-07-24 19:45:00,2.3468,bojayá
27,chocó,27250,el litoral del san juan,27250000,santa genoveva de docordo(el litoral del san juan - chocó),2025,7,97007,44624,253.84,lunes,2025-07-14 21:00:00,16.7581,el litoral del san juan
27,chocó,27250,el litoral del san juan,27250023,papayo(el litoral del san juan - chocó),2025,7,0,0,,,,0.0,el litoral del san juan
27,chocó,27361,istmina,27361023,potedó(istmina - chocó),2025,7,3558,1266,17.62,domingo,2025-07-27 21:00:00,9.6129,istmina
27,chocó,27361,istmina,27361048,union choco(istmina - chocó),2025,7,1244,390,7.51,sábado,2025-07-19 18:30:00,7.5806,istmina
27,chocó,27372,juradó,27372000,jurado(jurado - chocó),2025,7,181370,57090,378.08,sábado,2025-07-12 19:00:00,22.0806,jurado
27,chocó,27372,juradó,27372901,santa teresita(jurado - chocó),2025,7,293,14,10.35,miércoles,2025-07-30 19:15:00,1.9677,jurado
27,chocó,27372,juradó,27372902,buenavista(jurado - chocó),2025,7,1770,398,13.63,domingo,2025-07-13 11:30:00,10.879,jurado
27,chocó,27372,juradó,27372905,dichardi(jurado - chocó),2025,7,1848,1411,8.1,viernes,2025-07-04 11:00:00,15.3145,jurado
27,chocó,27372,juradó,27372907,eyasake(jurado - chocó),2025,7,5091,2313,17.26,martes,2025-07-22 19:30:00,11.7097,jurado
27,chocó,27372,juradó,27372930,dos bocas(jurado - chocó),2025,7,1907,770,21.35,lunes,2025-07-07 19:15:00,6.0565,jurado
27,chocó,27425,medio atrato,27425000,bete(medio atrato - chocó),2025,7,7221,3008,92.0,lunes,2025-07-07 19:45:00,3.871,medio atrato
27,chocó,27425,medio atrato,27425008,san roque(medio atrato - chocó),2025,7,306,146,17.04,jueves,2025-07-31 20:15:00,0.7903,medio atrato
27,chocó,27491,novita,27491004,juntas de tamana(novita - chocó),2025,7,413,105,15.47,domingo,2025-07-27 18:30:00,1.2258,novita
27,chocó,27495,nuquí,27495000,nuquí(nuquí - chocó),2025,7,329001,106314,642.75,miércoles,2025-07-16 20:15:00,23.9274,nuquí
27,chocó,27495,nuquí,27495001,arusi(nuquí - chocó),2025,7,18818,6377,55.2,miércoles,2025-07-02 20:45:00,17.5484,nuquí
27,chocó,27495,nuquí,27495002,coqui(nuquí - chocó),2025,7,10834,2556,26.42,jueves,2025-07-17 19:15:00,24.0,nuquí
27,chocó,27495,nuquí,27495003,jurubira(nuquí - chocó),2025,7,22775,7862,59.56,lunes,2025-07-07 19:15:00,16.9839,nuquí
27,chocó,27495,nuquí,27495008,jovi(nuquí - chocó),2025,7,8227,3245,25.09,martes,2025-07-15 19:00:00,14.9597,nuquí
27,chocó,27495,nuquí,27495011,comunidad de puerto jagua(nuquí - chocó),2025,7,986,309,6.91,jueves,2025-07-17 19:00:00,6.9194,nuquí
27,chocó,27495,nuquí,27495012,comunidad indig. puerto indio(nuquí - chocó),2025,7,3020,1621,8.19,viernes,2025-07-11 09:45:00,15.3629,nuquí
27,chocó,27495,nuquí,27495910,comunidad indig. de rio nuquí(nuquí - chocó),2025,7,653,146,5.0,sábado,2025-07-05 19:00:00,6.7984,nuquí
27,chocó,27495,nuquí,27495912,comunidad indígena de pangui - el yucal(nuquí - chocó),2025,7,7659,1793,11.59,martes,2025-07-29 15:45:00,22.1129,nuquí
27,chocó,27615,riosucio,27615011,san jose tamboral(riosucio - chocó),2025,7,9,3,4.5,martes,2025-07-15 13:15:00,0.0726,riosucio
27,chocó,27800,unguía,27800001,balboa(unguía - chocó),2025,7,28494,9921,95.03,sábado,2025-07-19 21:00:00,13.1452,unguía
27,chocó,27800,unguía,27800005,titumate(unguía - chocó),2025,7,15983,3530,73.48,martes,2025-07-15 21:00:00,10.25,unguía
44,la guajira,44847,uribia,44847012,nazareth(uribia - la guajira),2025,7,39571,9036,272.64,domingo,2025-07-27 19:00:00,5.7016,uribia
47,magdalena,47189,ciénaga,47189018,palmor(ciénaga - magdalena),2025,7,96904,31656,174.27,sábado,2025-07-19 12:00:00,22.8387,ciénaga
50,meta,50325,mapiripán,50325000,mapiripan(mapiripan - meta),2025,7,187130,56328,371.8,viernes,2025-07-25 18:30:00,23.9677,mapiripan
52,nariño,52250,el charco,52250005,las mercedes(el charco - nariño),2025,7,161,891,9.54,domingo,2025-07-13 19:30:00,0.629,el charco
52,nariño,52250,el charco,52250007,san jose del tapaje(el charco - nariño),2025,7,7206,1930,56.0,martes,2025-07-01 20:30:00,6.3468,el charco
52,nariño,52250,el charco,52250016,alteron - uribe uribe(el charco - nariño),2025,7,932,453,7.66,jueves,2025-07-17 18:15:00,5.8952,el charco
52,nariño,52390,la tola,52390003,la vigia de la mar(la tola - nariño),2025,7,5924,2927,44.64,miércoles,2025-07-23 19:15:00,8.2661,la tola
52,nariño,52390,la tola,52390005,aguacatal(la tola - nariño),2025,7,2070,740,13.7,viernes,2025-07-11 17:00:00,6.4355,la tola
52,nariño,52390,la tola,52390009,mulatos(la tola - nariño),2025,7,4730,2093,27.23,domingo,2025-07-20 20:00:00,7.8952,la tola
52,nariño,52390,la tola,52390013,amarales(la tola - nariño),2025,7,6633,2714,48.29,jueves,2025-07-24 19:45:00,6.4758,la tola
52,nariño,52390,la tola,52390016,san pablo del mar(la tola - nariño),2025,7,5569,2191,22.37,miércoles,2025-07-30 20:30:00,10.371,la tola
52,nariño,52473,mosquera,52473010,el bajito de echandia(mosquera - nariño),2025,7,3362,1277,15.24,viernes,2025-07-25 12:45:00,9.6532,mosquera
52,nariño,52621,roberto payán,52621912,tamaje(roberto payan - nariño),2025,7,5917,3092,30.12,jueves,2025-07-17 19:45:00,9.0403,roberto payan
52,nariño,52696,santa bárbara,52696014,la ensenada(santa bárbara - nariño),2025,7,2524,516,19.33,lunes,2025-07-14 19:00:00,5.5484,santa bárbara
52,nariño,52696,santa bárbara,52696017,santa rita(santa bárbara - nariño),2025,7,4666,3178,32.76,martes,2025-07-01 19:45:00,5.8226,santa bárbara
52,nariño,52835,san andrés de tumaco,52835016,pital de la costa(san andrés de tumaco - nariño),2025,7,36819,19370,94.85,lunes,2025-07-14 19:00:00,17.9032,san andrés de tumaco
52,nariño,52835,san andrés de tumaco,52835055,bocas de curay(san andrés de tumaco - nariño),2025,7,5780,1891,50.4,viernes,2025-07-11 18:45:00,4.7984,san andrés de tumaco
52,nariño,52835,san andrés de tumaco,52835217,san juan de la costa(san andrés de tumaco - nariño),2025,7,0,0,,,,0.0,san andrés de tumaco
76,valle del cauca,76109,buenaventura,76109011,pastico(buenaventura - valle del cauca),2025,7,2299,773,19.87,martes,2025-07-01 16:15:00,4.6855,buenaventura
76,valle del cauca,76109,buenaventura,76109018,concepcion(buenaventura - valle del cauca),2025,7,4878,1615,51.98,jueves,2025-07-31 19:00:00,4.2258,buenaventura
76,valle del cauca,76109,buenaventura,76109028,puerto merizalde(buenaventura - valle del cauca),2025,7,95404,33465,284.06,miércoles,2025-07-02 20:30:00,18.9435,buenaventura
76,valle del cauca,76109,buenaventura,76109030,punta soldado(buenaventura - valle del cauca),2025,7,4231,1313,37.87,lunes,2025-07-28 22:00:00,4.9919,buenaventura
27,chocó,27425,medio atrato,27425000,bete,2026,1,22435,9698,96.0,domingo,2026-01-31 20:00:00,1.156,medio atrato
76,valle del cauca,76109,buenaventura,76109032,san francisco naya(buenaventura - valle del cauca),2025,7,8522,3195,33.92,sábado,2025-07-26 12:15:00,10.3548,buenaventura
76,valle del cauca,76109,buenaventura,76109034,san isidro - calima(buenaventura - valle del cauca),2025,7,9050,1666,32.25,sábado,2025-07-26 13:00:00,10.9194,buenaventura
76,valle del cauca,76109,buenaventura,76109038,silva(buenaventura - valle del cauca),2025,7,4646,1668,18.87,viernes,2025-07-04 16:30:00,10.0403,buenaventura
76,valle del cauca,76109,buenaventura,76109040,veneral(buenaventura - valle del cauca),2025,7,5223,411,30.14,lunes,2025-07-21 19:45:00,7.2097,buenaventura
76,valle del cauca,76109,buenaventura,76109069,papayal 1(buenaventura - valle del cauca),2025,7,4548,887,19.06,sábado,2025-07-12 19:30:00,9.6129,buenaventura
76,valle del cauca,76109,buenaventura,76109081,punta bonita(buenaventura - valle del cauca),2025,7,7253,4210,39.6,domingo,2025-07-20 20:00:00,8.3065,buenaventura
76,valle del cauca,76109,buenaventura,76109817,santa maria 1 naya(buenaventura - valle del cauca),2025,7,0,0,,,,0.0,buenaventura
76,valle del cauca,76109,buenaventura,76109863,san antonio (buenaventura - valle del cauca),2025,7,3886,938,28.08,miércoles,2025-07-23 21:00:00,11.5484,buenaventura
76,valle del cauca,76109,buenaventura,76109904,san antonio (rio cajambre)(buenaventura - valle del cauca),2025,7,3814,1153,30.8,lunes,2025-07-28 11:45:00,5.5403,buenaventura
76,valle del cauca,76109,buenaventura,76109907,san pablo( cajambre)(buenaventura - valle del cauca),2025,7,889,0,19.21,martes,2025-07-01 17:00:00,4.7177,buenaventura
76,valle del cauca,76109,buenaventura,76109913,mayorquin(buenaventura - valle del cauca),2025,7,3359,787,30.25,jueves,2025-07-10 19:45:00,7.2419,buenaventura
76,valle del cauca,76109,buenaventura,76109930,galvez(buenaventura - valle del cauca),2025,7,2830,488,12.25,miércoles,2025-07-23 18:30:00,9.0565,buenaventura
76,valle del cauca,76109,buenaventura,76109957,humanes mar(buenaventura - valle del cauca),2025,7,10220,1950,36.24,martes,2025-07-15 12:45:00,11.6694,buenaventura
86,putumayo,86573,puerto leguizamo,86573000,puerto leguizamo(puerto leguizamo - putumayo),2025,7,882056,232590,1963.28,miércoles,2025-07-30 15:30:00,24.0,puerto leguizamo
86,putumayo,86573,puerto leguizamo,86573009,piñuña negro(puerto leguizamo - putumayo),2025,7,4696,2574,35.2,sábado,2025-07-26 18:45:00,6.1048,puerto leguizamo
88,archipiélago de san andrés y providencia,88001,san andrés,88001000,san andrés(san andrés - archipiélago de san andrés y providencia ),2025,7,20489680,4772242,33230.12,jueves,2025-07-24 15:30:00,24.0,san andrés
88,archipiélago de san andrés y providencia,88564,providencia,88564000,providencia(providencia - archipiélago de san andrés y providencia ),2025,7,1356387,271563,2198.41,miércoles,2025-07-30 22:30:00,24.0,providencia
91,amazonas,91001,leticia,91001000,leticia(leticia - amazonas),2025,7,4091829,950415,8197.16,viernes,2025-07-25 14:45:00,24.0,leticia
91,amazonas,91540,puerto nariño,91540000,puerto nariño(puerto nariño - amazonas),2025,7,130501,43206,260.8,martes,2025-07-29 18:30:00,23.9919,puerto nariño
91,amazonas,91798,tarapaca (anm),91798000,tarapaca(tarapaca (anm) - amazonas),2025,7,26780,11516,101.27,martes,2025-07-01 14:00:00,10.25,tarapaca (anm)
94,guainía,94001,inírida,94001000,inírida(inírida - guainía),2025,7,2213924,573271,4132.48,miércoles,2025-07-30 14:45:00,24.0,inírida
94,guainía,94001,inírida,94001905,chorro bocon(inírida - guainía),2025,7,5987,673,20.61,sábado,2025-07-19 19:30:00,16.2177,inírida
94,guainía,94001,inírida,94001916,venado(inírida - guainía),2025,7,2811,578,13.24,lunes,2025-07-07 20:00:00,22.6774,inírida
94,guainía,94001,inírida,94001966,laguna colorada alta(inírida - guainía),2025,7,8841,221,31.29,jueves,2025-07-31 11:00:00,14.2661,inírida
94,guainía,94343,barrancominas,94343900,carpintero(barranco minas - guainía),2025,7,2038,975,6.61,miércoles,2025-07-02 18:00:00,16.4839,barranco minas
94,guainía,94343,barrancominas,94343901,chatare(barranco minas - guainía),2025,7,1716,123,5.04,martes,2025-07-01 19:00:00,18.9919,barranco minas
95,guaviare,95001,san josé del guaviare,95001012,cachicamo(san josé del guaviare - guaviare),2025,7,10141,4554,47.76,viernes,2025-07-18 19:30:00,10.3226,san josé del guaviare
95,guaviare,95200,miraflores,95200000,miraflores(miraflores - guaviare),2025,7,120927,13651,245.09,lunes,2025-07-28 18:15:00,23.9355,miraflores
97,vaupés,97001,mitú,97001000,mitú(mitú - vaupés),2025,7,1495017,329593,3166.42,lunes,2025-07-28 13:15:00,23.9597,mitú
97,vaupés,97161,carurú,97161000,carurú(carurú - vaupés),2025,7,34007,5616,95.39,viernes,2025-07-25 18:30:00,16.5323,carurú
97,vaupés,97666,taraira,97666000,taraira(taraira - vaupés),2025,7,46237,12352,146.87,martes,2025-07-29 19:00:00,14.4194,taraira
99,vichada,99001,puerto carreño,99001000,puerto carreño(puerto carreño - vichada),2025,7,2470450,642303,4835.6,lunes,2025-07-28 14:15:00,23.9194,puerto carreño
99,vichada,99001,puerto carreño,99001002,casuarito(puerto carreño - vichada),2025,7,38760,15285,78.01,jueves,2025-07-31 20:30:00,23.7823,puerto carreño
99,vichada,99773,cumaribo,99773000,cumaribo(cumaribo - vichada),2025,7,358606,130543,751.41,lunes,2025-07-28 15:00:00,23.1935,cumaribo
05,antioquia,05873,vigía del fuerte,05873001,san antonio de padua(vigía del fuerte - antioquia),2025,8,160,0,26.24,lunes,2025-08-11 22:30:00,0.2419,vigía del fuerte
05,antioquia,05873,vigía del fuerte,05873005,san miguel(vigía del fuerte - antioquia),2025,8,373,160,18.95,viernes,2025-08-01 19:30:00,0.8226,vigía del fuerte
05,antioquia,05873,vigía del fuerte,05873013,loma murri(vigía del fuerte - antioquia),2025,8,4052,1616,30.7,sábado,2025-08-16 19:30:00,5.4194,vigía del fuerte
05,antioquia,05873,vigía del fuerte,05873910,puerto medellín(vigía del fuerte - antioquia),2025,8,475,189,13.4,sábado,2025-08-16 19:00:00,2.121,vigía del fuerte
13,bolívar,13001,cartagena de indias,13001037,isla mucura(cartagena de indias - bolívar),2025,8,6235,1967,21.02,martes,2025-08-26 22:30:00,11.9758,cartagena de indias
18,caquetá,18150,cartagena del chairá,18150001,remolino del caguan(cartagena del chaira - caquetá),2025,8,8954,3540,88.96,viernes,2025-08-15 19:45:00,4.0806,cartagena del chaira
18,caquetá,18150,cartagena del chairá,18150002,santa fe del caguan(cartagena del chaira - caquetá),2025,8,274,101,34.36,miércoles,2025-08-20 20:45:00,0.3065,cartagena del chaira
18,caquetá,18753,san vicente del caguán,18753002,guacamayas(san vicente del caguán - caquetá),2025,8,0,0,,,,0.0,san vicente del caguán
18,caquetá,18753,san vicente del caguán,18753012,santa rosa(san vicente del caguán - caquetá),2025,8,1062,410,16.58,viernes,2025-08-01 19:00:00,2.5968,san vicente del caguán
18,caquetá,18753,san vicente del caguán,18753033,villa lobos(san vicente del caguán - caquetá),2025,8,2716,832,51.81,domingo,2025-08-03 18:45:00,2.0323,san vicente del caguán
19,cauca,19318,guapi,19318008,limones(guapi - cauca),2025,8,9992,4983,47.06,viernes,2025-08-29 20:15:00,9.4516,guapi
19,cauca,19318,guapi,19318013,san antonio de guajui(guapi - cauca),2025,8,6949,3574,64.9,miércoles,2025-08-20 20:15:00,4.7419,guapi
19,cauca,19418,lópez (micay),19418009,noanamito(lópez de micay - cauca),2025,8,7087,3828,40.0,viernes,2025-08-01 19:00:00,7.1452,lópez de micay
19,cauca,19418,lópez (micay),19418033,boca grande(lópez de micay - cauca),2025,8,0,0,,,,0.0,lópez de micay
19,cauca,19809,timbiquí,19809003,coteje(timbiquí - cauca),2025,8,6502,4610,31.48,sábado,2025-08-16 20:00:00,8.371,timbiquí
19,cauca,19809,timbiquí,19809007,san jose(timbiquí - cauca),2025,8,5336,3309,36.82,sábado,2025-08-16 19:15:00,5.6452,timbiquí
19,cauca,19809,timbiquí,19809009,santa rosa de saija(timbiquí - cauca),2025,8,3516,1035,25.68,viernes,2025-08-29 22:30:00,5.9597,timbiquí
19,cauca,19809,timbiquí,19809010,comunidad de chete(timbiquí - cauca),2025,8,5075,1893,33.22,sábado,2025-08-23 19:00:00,5.8871,timbiquí
19,cauca,19809,timbiquí,19809014,chacon(timbiquí - cauca),2025,8,2866,419,20.75,viernes,2025-08-01 19:15:00,5.5242,timbiquí
27,chocó,27001,quibdó,27001029,tagachi(quibdó - chocó),2025,8,0,0,,,,0.0,quibdó
27,chocó,27006,acandí,27006000,acandí(acandí - chocó),2025,8,651931,185607,1299.06,lunes,2025-08-25 21:45:00,21.0,acandí
27,chocó,27006,acandí,27006007,san francisco(acandí - chocó),2025,8,25896,9701,143.36,sábado,2025-08-16 20:30:00,9.2258,acandí
27,chocó,27025,alto baudó,27025000,ciudad baudo - pie de pato(alto baudo - chocó),2025,8,56830,18530,127.86,viernes,2025-08-08 11:45:00,23.9113,alto baudo
27,chocó,27025,alto baudó,27025033,miacora(alto baudo - chocó),2025,8,142,6,2.37,domingo,2025-08-03 18:45:00,1.6935,alto baudo
27,chocó,27025,alto baudó,27025035,puerto alegre(alto baudo - chocó),2025,8,1330,522,5.45,jueves,2025-08-21 11:45:00,10.7661,alto baudo
27,chocó,27025,alto baudó,27025920,el morro(alto baudo - chocó),2025,8,242,69,3.56,jueves,2025-08-21 19:15:00,3.121,alto baudo
27,chocó,27025,alto baudó,27025937,villa cecilia(alto baudo - chocó),2025,8,388,158,2.96,miércoles,2025-08-20 09:00:00,2.0323,alto baudo
27,chocó,27075,bahía solano,27075000,ciudad mutis(bahía solano - chocó),2025,8,946512,186205,1744.6,viernes,2025-08-08 19:30:00,23.7419,bahía solano
27,chocó,27075,bahía solano,27075001,cupica(bahía solano - chocó),2025,8,66958,16666,132.52,viernes,2025-08-01 20:30:00,23.879,bahía solano
27,chocó,27075,bahía solano,27075002,el valle(bahía solano - chocó),2025,8,202978,62164,388.54,viernes,2025-08-29 19:00:00,23.7903,bahía solano
27,chocó,27077,bajo baudó,27077000,pizarro(bajo baudó - chocó),2025,8,205584,71451,474.14,sábado,2025-08-30 12:00:00,18.129,bajo baudó
27,chocó,27077,bajo baudó,27077002,belen de docampado(bajo baudó - chocó),2025,8,24,7,14.07,domingo,2025-08-10 08:45:00,0.0806,bajo baudó
27,chocó,27077,bajo baudó,27077011,piliza - bellavista - villa luz(bajo baudó - chocó),2025,8,2634,496,22.4,viernes,2025-08-01 19:00:00,4.9032,bajo baudó
27,chocó,27077,bajo baudó,27077019,virudo(bajo baudó - chocó),2025,8,0,0,,,,0.0,bajo baudó
27,chocó,27077,bajo baudó,27077026,guineal(bajo baudó - chocó),2025,8,2340,2718,24.93,martes,2025-08-19 18:45:00,5.6371,bajo baudó
27,chocó,27077,bajo baudó,27077905,buenavista(bajo baudó - chocó),2025,8,4180,1565,20.06,lunes,2025-08-11 19:15:00,8.371,bajo baudó
27,chocó,27077,bajo baudó,27077911,playa nueva(bajo baudó - chocó),2025,8,2580,1056,16.28,sábado,2025-08-09 13:15:00,6.6613,bajo baudó
27,chocó,27077,bajo baudó,27077916,terron(bajo baudó - chocó),2025,8,0,0,,,,0.0,bajo baudó
27,chocó,27099,bojayá,27099000,bellavista(bojayá - chocó),2025,8,54151,19905,318.06,viernes,2025-08-08 19:00:00,6.6452,bojayá
27,chocó,27099,bojayá,27099002,la loma de bojaya(bojayá - chocó),2025,8,13206,5793,65.61,viernes,2025-08-01 19:00:00,8.3629,bojayá
27,chocó,27099,bojayá,27099005,napipi(bojayá - chocó),2025,8,13369,4600,54.4,viernes,2025-08-01 16:15:00,9.1048,bojayá
27,chocó,27099,bojayá,27099012,pogue(bojayá - chocó),2025,8,5381,2571,23.23,sábado,2025-08-23 13:15:00,9.9597,bojayá
27,chocó,27099,bojayá,27099030,piedra candela(bojayá - chocó),2025,8,8175,3997,34.17,viernes,2025-08-22 19:15:00,9.5726,bojayá
27,chocó,27099,bojayá,27099905,chano(bojayá - chocó),2025,8,544,57,7.26,miércoles,2025-08-06 19:30:00,3.5403,bojayá
27,chocó,27250,el litoral del san juan,27250000,santa genoveva de docordo(el litoral del san juan - chocó),2025,8,90346,42103,253.31,lunes,2025-08-25 19:15:00,15.5403,el litoral del san juan
27,chocó,27250,el litoral del san juan,27250023,papayo(el litoral del san juan - chocó),2025,8,0,0,,,,0.0,el litoral del san juan
27,chocó,27361,istmina,27361021,panamacito(istmina - chocó),2025,8,1507,614,9.29,sábado,2025-08-09 17:00:00,6.8387,istmina
27,chocó,27361,istmina,27361023,potedó(istmina - chocó),2025,8,3425,1163,18.45,lunes,2025-08-04 18:00:00,8.2984,istmina
27,chocó,27361,istmina,27361048,union choco(istmina - chocó),2025,8,1506,519,7.43,martes,2025-08-05 18:45:00,8.9355,istmina
27,chocó,27372,juradó,27372000,jurado(jurado - chocó),2025,8,204548,62052,382.56,miércoles,2025-08-13 20:15:00,24.0,jurado
27,chocó,27372,juradó,27372901,santa teresita(jurado - chocó),2025,8,1844,63,10.57,martes,2025-08-12 19:15:00,13.3871,jurado
27,chocó,27372,juradó,27372902,buenavista(jurado - chocó),2025,8,1581,359,15.51,miércoles,2025-08-27 10:45:00,9.6048,jurado
27,chocó,27372,juradó,27372905,dichardi(jurado - chocó),2025,8,1869,1556,7.94,sábado,2025-08-16 11:15:00,18.8387,jurado
27,chocó,27372,juradó,27372907,eyasake(jurado - chocó),2025,8,5530,2496,18.13,sábado,2025-08-30 08:45:00,12.7097,jurado
27,chocó,27372,juradó,27372930,dos bocas(jurado - chocó),2025,8,1959,863,19.66,jueves,2025-08-07 19:15:00,6.5403,jurado
27,chocó,27425,medio atrato,27425000,bete(medio atrato - chocó),2025,8,9185,3939,76.0,domingo,2025-08-24 19:30:00,5.3387,medio atrato
27,chocó,27425,medio atrato,27425008,san roque(medio atrato - chocó),2025,8,1627,658,29.83,sábado,2025-08-16 22:00:00,3.0484,medio atrato
27,chocó,27491,novita,27491004,juntas de tamana(novita - chocó),2025,8,2460,767,18.06,miércoles,2025-08-27 19:00:00,7.1048,novita
27,chocó,27495,nuquí,27495000,nuquí(nuquí - chocó),2025,8,325533,105951,606.14,viernes,2025-08-01 20:00:00,23.9677,nuquí
27,chocó,27495,nuquí,27495001,arusi(nuquí - chocó),2025,8,26857,8068,84.0,viernes,2025-08-29 18:45:00,23.2097,nuquí
27,chocó,27495,nuquí,27495002,coqui(nuquí - chocó),2025,8,9123,2657,29.15,jueves,2025-08-28 18:30:00,17.5887,nuquí
27,chocó,27495,nuquí,27495003,jurubira(nuquí - chocó),2025,8,25861,8812,57.47,viernes,2025-08-01 20:00:00,23.6855,nuquí
27,chocó,27495,nuquí,27495008,jovi(nuquí - chocó),2025,8,9013,3612,25.99,domingo,2025-08-10 13:00:00,15.5484,nuquí
27,chocó,27495,nuquí,27495010,termales(nuquí - chocó),2025,8,4744,2103,32.03,jueves,2025-08-14 14:15:00,6.2581,nuquí
27,chocó,27495,nuquí,27495011,comunidad de puerto jagua(nuquí - chocó),2025,8,1355,455,5.21,viernes,2025-08-29 20:00:00,10.1452,nuquí
27,chocó,27495,nuquí,27495012,comunidad indig. puerto indio(nuquí - chocó),2025,8,2954,1616,8.34,miércoles,2025-08-06 12:30:00,15.4355,nuquí
27,chocó,27495,nuquí,27495910,comunidad indig. de rio nuquí(nuquí - chocó),2025,8,723,185,4.5,martes,2025-08-19 19:15:00,8.3629,nuquí
27,chocó,27495,nuquí,27495912,comunidad indígena de pangui - el yucal(nuquí - chocó),2025,8,7185,1678,11.62,miércoles,2025-08-06 15:00:00,21.5645,nuquí
27,chocó,27615,riosucio,27615011,san jose tamboral(riosucio - chocó),2025,8,0,0,,,,0.0,riosucio
27,chocó,27800,unguía,27800000,unguía(unguía - chocó),2025,8,487102,151044,979.97,viernes,2025-08-29 21:00:00,22.4274,unguía
27,chocó,27800,unguía,27800001,balboa(unguía - chocó),2025,8,30132,10099,89.37,miércoles,2025-08-13 20:15:00,14.6613,unguía
27,chocó,27800,unguía,27800005,titumate(unguía - chocó),2025,8,16785,4012,65.74,jueves,2025-08-07 20:15:00,12.1774,unguía
44,la guajira,44847,uribia,44847012,nazareth(uribia - la guajira),2025,8,39083,8753,276.48,domingo,2025-08-31 19:00:00,5.4113,uribia
47,magdalena,47189,ciénaga,47189018,palmor(ciénaga - magdalena),2025,8,100268,32349,178.11,lunes,2025-08-25 19:45:00,23.6129,ciénaga
50,meta,50325,mapiripán,50325000,mapiripan(mapiripan - meta),2025,8,200648,61230,417.56,miércoles,2025-08-20 18:45:00,24.0,mapiripan
52,nariño,52250,el charco,52250005,las mercedes(el charco - nariño),2025,8,0,0,,,,0.0,el charco
52,nariño,52250,el charco,52250007,san jose del tapaje(el charco - nariño),2025,8,3786,1614,32.0,viernes,2025-08-01 18:45:00,5.2258,el charco
52,nariño,52250,el charco,52250016,alteron - uribe uribe(el charco - nariño),2025,8,1104,487,12.24,sábado,2025-08-30 17:45:00,5.8952,el charco
52,nariño,52390,la tola,52390003,la vigia de la mar(la tola - nariño),2025,8,5861,3124,31.76,miércoles,2025-08-06 20:00:00,8.0484,la tola
52,nariño,52390,la tola,52390005,aguacatal(la tola - nariño),2025,8,3023,1140,12.72,sábado,2025-08-02 18:30:00,9.3952,la tola
52,nariño,52390,la tola,52390009,mulatos(la tola - nariño),2025,8,4491,2277,25.25,lunes,2025-08-04 17:30:00,7.9435,la tola
52,nariño,52390,la tola,52390013,amarales(la tola - nariño),2025,8,9328,3741,47.46,domingo,2025-08-03 20:45:00,9.1532,la tola
52,nariño,52390,la tola,52390016,san pablo del mar(la tola - nariño),2025,8,6012,2092,24.86,viernes,2025-08-01 18:45:00,10.1613,la tola
52,nariño,52473,mosquera,52473010,el bajito de echandia(mosquera - nariño),2025,8,3231,1154,16.78,jueves,2025-08-14 19:30:00,8.629,mosquera
52,nariño,52621,roberto payán,52621912,tamaje(roberto payan - nariño),2025,8,5632,2896,28.46,sábado,2025-08-09 20:45:00,8.4919,roberto payan
52,nariño,52696,santa bárbara,52696014,la ensenada(santa bárbara - nariño),2025,8,2670,2769,22.59,sábado,2025-08-09 19:15:00,4.9032,santa bárbara
52,nariño,52696,santa bárbara,52696017,santa rita(santa bárbara - nariño),2025,8,5124,2557,34.4,viernes,2025-08-29 20:00:00,6.5403,santa bárbara
52,nariño,52835,san andrés de tumaco,52835016,pital de la costa(san andrés de tumaco - nariño),2025,8,40260,22459,87.21,miércoles,2025-08-27 17:30:00,22.1371,san andrés de tumaco
52,nariño,52835,san andrés de tumaco,52835055,bocas de curay(san andrés de tumaco - nariño),2025,8,8762,3014,50.4,miércoles,2025-08-13 17:45:00,7.371,san andrés de tumaco
52,nariño,52835,san andrés de tumaco,52835217,san juan de la costa(san andrés de tumaco - nariño),2025,8,0,0,,,,0.0,san andrés de tumaco
76,valle del cauca,76109,buenaventura,76109011,pastico(buenaventura - valle del cauca),2025,8,4725,1711,17.88,domingo,2025-08-31 15:00:00,10.4032,buenaventura
76,valle del cauca,76109,buenaventura,76109018,concepcion(buenaventura - valle del cauca),2025,8,6753,2202,54.8,viernes,2025-08-15 19:15:00,5.25,buenaventura
76,valle del cauca,76109,buenaventura,76109028,puerto merizalde(buenaventura - valle del cauca),2025,8,117892,40037,231.97,sábado,2025-08-23 19:45:00,23.6774,buenaventura
76,valle del cauca,76109,buenaventura,76109030,punta soldado(buenaventura - valle del cauca),2025,8,7939,2295,36.36,jueves,2025-08-07 20:30:00,10.2984,buenaventura
76,valle del cauca,76109,buenaventura,76109032,san francisco naya(buenaventura - valle del cauca),2025,8,8742,3128,33.95,lunes,2025-08-18 11:45:00,10.4355,buenaventura
76,valle del cauca,76109,buenaventura,76109034,san isidro - calima(buenaventura - valle del cauca),2025,8,7114,1290,32.01,viernes,2025-08-22 19:15:00,8.3952,buenaventura
76,valle del cauca,76109,buenaventura,76109038,silva(buenaventura - valle del cauca),2025,8,4914,1799,19.76,sábado,2025-08-23 19:15:00,10.5645,buenaventura
76,valle del cauca,76109,buenaventura,76109040,veneral(buenaventura - valle del cauca),2025,8,4909,753,29.79,lunes,2025-08-04 10:30:00,10.25,buenaventura
76,valle del cauca,76109,buenaventura,76109069,papayal 1(buenaventura - valle del cauca),2025,8,4038,905,19.3,martes,2025-08-12 19:00:00,8.7419,buenaventura
76,valle del cauca,76109,buenaventura,76109081,punta bonita(buenaventura - valle del cauca),2025,8,7945,5046,38.0,jueves,2025-08-14 19:00:00,9.6774,buenaventura
76,valle del cauca,76109,buenaventura,76109105,pital(buenaventura - valle del cauca),2025,8,5641,921,29.17,jueves,2025-08-14 18:45:00,7.9839,buenaventura
76,valle del cauca,76109,buenaventura,76109817,santa maria 1 naya(buenaventura - valle del cauca),2025,8,0,0,,,,0.0,buenaventura
76,valle del cauca,76109,buenaventura,76109863,san antonio (buenaventura - valle del cauca),2025,8,3313,812,14.45,miércoles,2025-08-27 19:30:00,10.2984,buenaventura
76,valle del cauca,76109,buenaventura,76109904,san antonio (rio cajambre)(buenaventura - valle del cauca),2025,8,5097,1499,29.34,lunes,2025-08-04 11:15:00,7.621,buenaventura
76,valle del cauca,76109,buenaventura,76109907,san pablo( cajambre)(buenaventura - valle del cauca),2025,8,961,0,6.25,sábado,2025-08-02 13:30:00,6.0645,buenaventura
76,valle del cauca,76109,buenaventura,76109913,mayorquin(buenaventura - valle del cauca),2025,8,5354,897,32.2,domingo,2025-08-17 10:30:00,8.0161,buenaventura
76,valle del cauca,76109,buenaventura,76109930,galvez(buenaventura - valle del cauca),2025,8,3986,664,12.59,jueves,2025-08-28 20:30:00,11.9355,buenaventura
76,valle del cauca,76109,buenaventura,76109957,humanes mar(buenaventura - valle del cauca),2025,8,9371,1871,34.34,domingo,2025-08-24 08:30:00,10.9435,buenaventura
86,putumayo,86573,puerto leguizamo,86573000,puerto leguizamo(puerto leguizamo - putumayo),2025,8,893794,237856,2062.02,miércoles,2025-08-20 14:45:00,23.6935,puerto leguizamo
86,putumayo,86573,puerto leguizamo,86573009,piñuña negro(puerto leguizamo - putumayo),2025,8,5252,3428,38.4,sábado,2025-08-30 18:15:00,6.2742,puerto leguizamo
88,archipiélago de san andrés y providencia,88001,san andrés,88001000,san andrés(san andrés - archipiélago de san andrés y providencia ),2025,8,20284234,4699373,33603.4,martes,2025-08-26 15:45:00,24.0,san andrés
88,archipiélago de san andrés y providencia,88564,providencia,88564000,providencia(providencia - archipiélago de san andrés y providencia ),2025,8,1296665,257657,2147.79,jueves,2025-08-21 22:45:00,24.0,providencia
91,amazonas,91001,leticia,91001000,leticia(leticia - amazonas),2025,8,4190978,966438,8275.56,viernes,2025-08-22 15:15:00,24.0,leticia
91,amazonas,91540,puerto nariño,91540000,puerto nariño(puerto nariño - amazonas),2025,8,135552,44405,284.8,jueves,2025-08-21 14:00:00,24.0,puerto nariño
91,amazonas,91798,tarapaca (anm),91798000,tarapaca(tarapaca (anm) - amazonas),2025,8,27060,11589,100.27,jueves,2025-08-21 14:30:00,10.2581,tarapaca (anm)
94,guainía,94001,inírida,94001000,inírida(inírida - guainía),2025,8,2333143,587787,4610.32,miércoles,2025-08-20 14:45:00,24.0,inírida
94,guainía,94001,inírida,94001905,chorro bocon(inírida - guainía),2025,8,6954,1009,21.46,domingo,2025-08-31 18:45:00,16.9032,inírida
94,guainía,94001,inírida,94001916,venado(inírida - guainía),2025,8,2669,579,8.75,sábado,2025-08-09 18:15:00,23.7339,inírida
94,guainía,94001,inírida,94001966,laguna colorada alta(inírida - guainía),2025,8,9381,334,34.85,martes,2025-08-19 11:00:00,15.1129,inírida
94,guainía,94343,barrancominas,94343900,carpintero(barranco minas - guainía),2025,8,2202,1064,6.63,domingo,2025-08-31 18:15:00,17.1129,barranco minas
94,guainía,94343,barrancominas,94343901,chatare(barranco minas - guainía),2025,8,693,35,5.09,domingo,2025-08-10 19:45:00,6.9113,barranco minas
95,guaviare,95001,san josé del guaviare,95001012,cachicamo(san josé del guaviare - guaviare),2025,8,11475,5117,45.98,domingo,2025-08-24 18:15:00,11.5806,san josé del guaviare
95,guaviare,95200,miraflores,95200000,miraflores(miraflores - guaviare),2025,8,125695,16755,249.14,miércoles,2025-08-20 18:15:00,24.0,miraflores
97,vaupés,97001,mitú,97001000,mitú(mitú - vaupés),2025,8,1536344,340391,3257.67,miércoles,2025-08-20 11:30:00,24.0,mitú
97,vaupés,97161,carurú,97161000,carurú(carurú - vaupés),2025,8,38680,7410,102.08,viernes,2025-08-29 11:45:00,17.2419,carurú
97,vaupés,97666,taraira,97666000,taraira(taraira - vaupés),2025,8,47380,12844,145.82,miércoles,2025-08-20 12:45:00,14.0242,taraira
99,vichada,99001,puerto carreño,99001000,puerto carreño(puerto carreño - vichada),2025,8,2546302,640431,5099.6,miércoles,2025-08-20 13:30:00,23.4758,puerto carreño
99,vichada,99001,puerto carreño,99001002,casuarito(puerto carreño - vichada),2025,8,39570,15568,77.22,lunes,2025-08-04 20:15:00,23.3306,puerto carreño
99,vichada,99773,cumaribo,99773000,cumaribo(cumaribo - vichada),2025,8,379696,136546,797.52,miércoles,2025-08-20 14:30:00,23.7823,cumaribo
05,antioquia,05873,vigía del fuerte,05873001,san antonio de padua(vigía del fuerte - antioquia),2025,9,0,0,,,,0.0,vigía del fuerte
05,antioquia,05873,vigía del fuerte,05873005,san miguel(vigía del fuerte - antioquia),2025,9,1209,550,17.35,jueves,2025-09-04 18:30:00,2.9417,vigía del fuerte
05,antioquia,05873,vigía del fuerte,05873013,loma murri(vigía del fuerte - antioquia),2025,9,3895,1588,31.95,miércoles,2025-09-03 18:45:00,5.2583,vigía del fuerte
05,antioquia,05873,vigía del fuerte,05873910,puerto medellín(vigía del fuerte - antioquia),2025,9,619,232,11.5,viernes,2025-09-05 18:30:00,2.8417,vigía del fuerte
13,bolívar,13001,cartagena de indias,13001037,isla mucura(cartagena de indias - bolívar),2025,9,6329,2193,21.02,miércoles,2025-09-10 22:30:00,11.9333,cartagena de indias
18,caquetá,18150,cartagena del chairá,18150001,remolino del caguan(cartagena del chaira - caquetá),2025,9,12890,4199,89.62,viernes,2025-09-19 19:30:00,5.9667,cartagena del chaira
18,caquetá,18150,cartagena del chairá,18150002,santa fe del caguan(cartagena del chaira - caquetá),2025,9,0,0,,,,0.0,cartagena del chaira
18,caquetá,18753,san vicente del caguán,18753002,guacamayas(san vicente del caguán - caquetá),2025,9,0,0,,,,0.0,san vicente del caguán
18,caquetá,18753,san vicente del caguán,18753012,santa rosa(san vicente del caguán - caquetá),2025,9,0,0,,,,0.0,san vicente del caguán
18,caquetá,18753,san vicente del caguán,18753033,villa lobos(san vicente del caguán - caquetá),2025,9,0,0,,,,0.0,san vicente del caguán
19,cauca,19318,guapi,19318008,limones(guapi - cauca),2025,9,8124,3831,52.66,domingo,2025-09-28 23:45:00,8.3917,guapi
19,cauca,19318,guapi,19318013,san antonio de guajui(guapi - cauca),2025,9,6717,3458,62.41,miércoles,2025-09-10 19:45:00,4.5583,guapi
19,cauca,19418,lópez (micay),19418009,noanamito(lópez de micay - cauca),2025,9,6188,3533,44.0,martes,2025-09-16 17:45:00,6.0,lópez de micay
19,cauca,19418,lópez (micay),19418033,boca grande(lópez de micay - cauca),2025,9,0,0,0.04,martes,2025-09-16 18:15:00,0.0,lópez de micay
19,cauca,19809,timbiquí,19809003,coteje(timbiquí - cauca),2025,9,6880,4627,33.4,martes,2025-09-23 21:00:00,8.7833,timbiquí
19,cauca,19809,timbiquí,19809007,san jose(timbiquí - cauca),2025,9,5566,3433,40.08,sábado,2025-09-27 19:15:00,6.2,timbiquí
19,cauca,19809,timbiquí,19809009,santa rosa de saija(timbiquí - cauca),2025,9,3236,1077,25.39,domingo,2025-09-07 19:30:00,5.625,timbiquí
19,cauca,19809,timbiquí,19809010,comunidad de chete(timbiquí - cauca),2025,9,4616,1704,34.5,sábado,2025-09-13 19:15:00,5.8083,timbiquí
19,cauca,19809,timbiquí,19809014,chacon(timbiquí - cauca),2025,9,2148,301,20.05,jueves,2025-09-04 20:15:00,4.575,timbiquí
27,chocó,27001,quibdó,27001029,tagachi(quibdó - chocó),2025,9,0,0,0.02,miércoles,2025-09-03 19:00:00,0.0,quibdó
27,chocó,27006,acandí,27006000,acandí(acandí - chocó),2025,9,624006,169905,1268.43,martes,2025-09-30 20:45:00,20.8333,acandí
27,chocó,27006,acandí,27006007,san francisco(acandí - chocó),2025,9,22564,8856,105.98,domingo,2025-09-07 20:30:00,9.425,acandí
27,chocó,27025,alto baudó,27025000,ciudad baudo - pie de pato(alto baudo - chocó),2025,9,54169,17218,128.22,domingo,2025-09-14 12:15:00,23.9667,alto baudo
27,chocó,27025,alto baudó,27025033,miacora(alto baudo - chocó),2025,9,111,3,2.52,sábado,2025-09-13 19:15:00,1.2583,alto baudo
27,chocó,27025,alto baudó,27025035,puerto alegre(alto baudo - chocó),2025,9,1156,428,6.11,miércoles,2025-09-10 16:45:00,9.6417,alto baudo
27,chocó,27025,alto baudó,27025920,el morro(alto baudo - chocó),2025,9,158,46,3.5,sábado,2025-09-13 20:00:00,1.675,alto baudo
27,chocó,27025,alto baudó,27025937,villa cecilia(alto baudo - chocó),2025,9,216,95,2.46,domingo,2025-09-28 18:15:00,0.8917,alto baudo
27,chocó,27075,bahía solano,27075000,ciudad mutis(bahía solano - chocó),2025,9,864947,206413,1643.84,miércoles,2025-09-10 18:45:00,23.575,bahía solano
27,chocó,27075,bahía solano,27075001,cupica(bahía solano - chocó),2025,9,59647,14271,129.36,jueves,2025-09-11 19:30:00,23.85,bahía solano
27,chocó,27077,bajo baudó,27077000,pizarro(bajo baudó - chocó),2025,9,206832,72557,464.11,viernes,2025-09-12 19:15:00,18.6333,bajo baudó
27,chocó,27077,bajo baudó,27077002,belen de docampado(bajo baudó - chocó),2025,9,4591,1527,34.32,martes,2025-09-30 11:00:00,6.6417,bajo baudó
27,chocó,27077,bajo baudó,27077011,piliza - bellavista - villa luz(bajo baudó - chocó),2025,9,3170,522,22.4,sábado,2025-09-06 19:15:00,6.0667,bajo baudó
27,chocó,27077,bajo baudó,27077019,virudo(bajo baudó - chocó),2025,9,1465,710,30.71,martes,2025-09-02 19:15:00,2.4,bajo baudó
27,chocó,27077,bajo baudó,27077026,guineal(bajo baudó - chocó),2025,9,3205,3961,23.98,lunes,2025-09-15 18:30:00,8.4417,bajo baudó
27,chocó,27077,bajo baudó,27077905,buenavista(bajo baudó - chocó),2025,9,3736,1417,20.86,viernes,2025-09-12 20:45:00,7.675,bajo baudó
27,chocó,27077,bajo baudó,27077911,playa nueva(bajo baudó - chocó),2025,9,2223,868,16.22,domingo,2025-09-21 12:30:00,6.375,bajo baudó
27,chocó,27077,bajo baudó,27077916,terron(bajo baudó - chocó),2025,9,14,0,1.22,jueves,2025-09-18 22:45:00,0.0,bajo baudó
27,chocó,27099,bojayá,27099000,bellavista(bojayá - chocó),2025,9,54527,16713,289.38,jueves,2025-09-25 19:15:00,10.7,bojayá
27,chocó,27099,bojayá,27099002,la loma de bojaya(bojayá - chocó),2025,9,12851,5770,70.15,lunes,2025-09-29 19:00:00,9.0,bojayá
27,chocó,27099,bojayá,27099005,napipi(bojayá - chocó),2025,9,12499,4467,54.4,miércoles,2025-09-03 16:00:00,9.1333,bojayá
27,chocó,27099,bojayá,27099012,pogue(bojayá - chocó),2025,9,5317,2491,24.59,domingo,2025-09-07 12:15:00,10.45,bojayá
27,chocó,27099,bojayá,27099030,piedra candela(bojayá - chocó),2025,9,7596,3678,35.46,jueves,2025-09-04 18:45:00,9.1417,bojayá
27,chocó,27099,bojayá,27099905,chano(bojayá - chocó),2025,9,1047,11,11.11,martes,2025-09-23 21:15:00,4.4,bojayá
27,chocó,27250,el litoral del san juan,27250000,santa genoveva de docordo(el litoral del san juan - chocó),2025,9,63508,29401,293.96,jueves,2025-09-11 19:00:00,10.6417,el litoral del san juan
27,chocó,27250,el litoral del san juan,27250023,papayo(el litoral del san juan - chocó),2025,9,0,0,,,,0.0,el litoral del san juan
27,chocó,27361,istmina,27361021,panamacito(istmina - chocó),2025,9,1370,526,8.88,lunes,2025-09-29 19:15:00,6.45,istmina
27,chocó,27361,istmina,27361023,potedó(istmina - chocó),2025,9,1581,540,17.18,jueves,2025-09-11 16:30:00,4.2667,istmina
27,chocó,27361,istmina,27361048,union choco(istmina - chocó),2025,9,1439,516,7.57,miércoles,2025-09-03 18:00:00,8.8,istmina
27,chocó,27372,juradó,27372000,jurado(jurado - chocó),2025,9,189754,57296,362.08,lunes,2025-09-15 20:00:00,23.8667,jurado
27,chocó,27372,juradó,27372901,santa teresita(jurado - chocó),2025,9,1509,80,11.69,sábado,2025-09-06 12:00:00,10.1333,jurado
27,chocó,27372,juradó,27372902,buenavista(jurado - chocó),2025,9,1873,390,13.49,sábado,2025-09-06 11:30:00,12.6583,jurado
27,chocó,27372,juradó,27372905,dichardi(jurado - chocó),2025,9,1649,1074,7.09,sábado,2025-09-20 11:15:00,17.1167,jurado
27,chocó,27372,juradó,27372907,eyasake(jurado - chocó),2025,9,5246,2294,17.89,sábado,2025-09-20 08:00:00,12.6833,jurado
27,chocó,27372,juradó,27372930,dos bocas(jurado - chocó),2025,9,1910,856,20.3,martes,2025-09-30 19:15:00,6.8333,jurado
27,chocó,27425,medio atrato,27425000,bete(medio atrato - chocó),2025,9,16684,7638,68.0,martes,2025-09-02 19:00:00,11.2167,medio atrato
27,chocó,27425,medio atrato,27425008,san roque(medio atrato - chocó),2025,9,2243,1083,24.1,jueves,2025-09-25 19:30:00,5.1167,medio atrato
27,chocó,27491,novita,27491004,juntas de tamana(novita - chocó),2025,9,2957,873,18.57,martes,2025-09-23 18:45:00,8.1417,novita
27,chocó,27495,nuquí,27495000,nuquí(nuquí - chocó),2025,9,309512,98516,582.21,viernes,2025-09-19 19:30:00,23.9333,nuquí
27,chocó,27495,nuquí,27495001,arusi(nuquí - chocó),2025,9,31769,7826,86.4,sábado,2025-09-06 19:15:00,23.9167,nuquí
27,chocó,27495,nuquí,27495002,coqui(nuquí - chocó),2025,9,9946,2848,29.99,sábado,2025-09-20 18:45:00,19.8667,nuquí
27,chocó,27495,nuquí,27495003,jurubira(nuquí - chocó),2025,9,24156,7075,53.94,lunes,2025-09-01 19:30:00,23.2833,nuquí
27,chocó,27495,nuquí,27495008,jovi(nuquí - chocó),2025,9,8870,3488,26.07,domingo,2025-09-21 12:00:00,15.3583,nuquí
27,chocó,27495,nuquí,27495010,termales(nuquí - chocó),2025,9,0,0,,,,0.0,nuquí
27,chocó,27495,nuquí,27495011,comunidad de puerto jagua(nuquí - chocó),2025,9,1429,485,5.83,martes,2025-09-30 19:15:00,10.7,nuquí
27,chocó,27495,nuquí,27495012,comunidad indig. puerto indio(nuquí - chocó),2025,9,2854,1625,9.6,lunes,2025-09-15 13:45:00,15.2417,nuquí
27,chocó,27495,nuquí,27495910,comunidad indig. de rio nuquí(nuquí - chocó),2025,9,818,194,5.09,martes,2025-09-23 19:15:00,9.1333,nuquí
27,chocó,27495,nuquí,27495912,comunidad indígena de pangui - el yucal(nuquí - chocó),2025,9,7762,1824,11.59,viernes,2025-09-12 08:45:00,22.9417,nuquí
27,chocó,27615,riosucio,27615011,san jose tamboral(riosucio - chocó),2025,9,0,0,,,,0.0,riosucio
27,chocó,27800,unguía,27800000,unguía(unguía - chocó),2025,9,472962,145855,1014.29,sábado,2025-09-20 19:30:00,22.275,unguía
27,chocó,27800,unguía,27800001,balboa(unguía - chocó),2025,9,30429,9723,89.12,sábado,2025-09-20 20:30:00,16.0,unguía
27,chocó,27800,unguía,27800005,titumate(unguía - chocó),2025,9,17132,4202,77.26,jueves,2025-09-25 19:00:00,12.5167,unguía
44,la guajira,44847,uribia,44847012,nazareth(uribia - la guajira),2025,9,37720,8513,284.64,martes,2025-09-09 19:15:00,5.4583,uribia
47,magdalena,47189,ciénaga,47189018,palmor(ciénaga - magdalena),2025,9,92251,28865,197.95,domingo,2025-09-28 08:30:00,21.8667,ciénaga
50,meta,50325,mapiripán,50325000,mapiripan(mapiripan - meta),2025,9,206523,61901,410.52,jueves,2025-09-18 18:45:00,23.9833,mapiripan
52,nariño,52250,el charco,52250005,las mercedes(el charco - nariño),2025,9,0,0,,,,0.0,el charco
52,nariño,52250,el charco,52250007,san jose del tapaje(el charco - nariño),2025,9,3016,1252,32.0,lunes,2025-09-01 18:30:00,4.175,el charco
52,nariño,52250,el charco,52250016,alteron - uribe uribe(el charco - nariño),2025,9,984,475,12.72,lunes,2025-09-01 18:30:00,6.6667,el charco
52,nariño,52390,la tola,52390003,la vigia de la mar(la tola - nariño),2025,9,5745,2928,32.88,jueves,2025-09-25 18:30:00,8.2667,la tola
52,nariño,52390,la tola,52390005,aguacatal(la tola - nariño),2025,9,2161,773,13.78,sábado,2025-09-06 18:30:00,6.5917,la tola
52,nariño,52390,la tola,52390009,mulatos(la tola - nariño),2025,9,4325,2152,25.6,lunes,2025-09-29 17:30:00,7.8417,la tola
52,nariño,52390,la tola,52390013,amarales(la tola - nariño),2025,9,9668,4020,46.37,sábado,2025-09-06 19:00:00,9.7167,la tola
52,nariño,52473,mosquera,52473010,el bajito de echandia(mosquera - nariño),2025,9,3157,1253,25.7,lunes,2025-09-29 18:00:00,8.75,mosquera
52,nariño,52621,roberto payán,52621912,tamaje(roberto payan - nariño),2025,9,4812,2410,28.01,jueves,2025-09-25 18:15:00,7.2417,roberto payan
52,nariño,52696,santa bárbara,52696014,la ensenada(santa bárbara - nariño),2025,9,3311,3237,21.79,martes,2025-09-16 18:30:00,6.4583,santa bárbara
52,nariño,52696,santa bárbara,52696017,santa rita(santa bárbara - nariño),2025,9,5094,2408,35.76,viernes,2025-09-12 19:15:00,6.3583,santa bárbara
52,nariño,52835,san andrés de tumaco,52835016,pital de la costa(san andrés de tumaco - nariño),2025,9,39354,22690,93.23,martes,2025-09-02 19:15:00,21.9917,san andrés de tumaco
52,nariño,52835,san andrés de tumaco,52835055,bocas de curay(san andrés de tumaco - nariño),2025,9,8781,3093,52.8,miércoles,2025-09-24 19:15:00,7.575,san andrés de tumaco
52,nariño,52835,san andrés de tumaco,52835217,san juan de la costa(san andrés de tumaco - nariño),2025,9,0,0,,,,0.0,san andrés de tumaco
76,valle del cauca,76109,buenaventura,76109011,pastico(buenaventura - valle del cauca),2025,9,5099,1771,17.92,miércoles,2025-09-10 16:30:00,11.5,buenaventura
76,valle del cauca,76109,buenaventura,76109018,concepcion(buenaventura - valle del cauca),2025,9,2182,861,50.98,martes,2025-09-16 19:30:00,2.0167,buenaventura
76,valle del cauca,76109,buenaventura,76109028,puerto merizalde(buenaventura - valle del cauca),2025,9,113891,38448,234.96,lunes,2025-09-15 19:45:00,23.45,buenaventura
76,valle del cauca,76109,buenaventura,76109032,san francisco naya(buenaventura - valle del cauca),2025,9,8136,2751,34.11,sábado,2025-09-20 11:45:00,10.2917,buenaventura
76,valle del cauca,76109,buenaventura,76109034,san isidro - calima(buenaventura - valle del cauca),2025,9,7604,1447,32.05,lunes,2025-09-15 10:00:00,9.4,buenaventura
76,valle del cauca,76109,buenaventura,76109038,silva(buenaventura - valle del cauca),2025,9,5047,1833,20.0,sábado,2025-09-20 15:45:00,10.6667,buenaventura
76,valle del cauca,76109,buenaventura,76109040,veneral(buenaventura - valle del cauca),2025,9,7196,1001,33.2,sábado,2025-09-20 18:15:00,10.6083,buenaventura
76,valle del cauca,76109,buenaventura,76109069,papayal 1(buenaventura - valle del cauca),2025,9,4575,991,19.08,sábado,2025-09-27 18:30:00,10.2833,buenaventura
76,valle del cauca,76109,buenaventura,76109081,punta bonita(buenaventura - valle del cauca),2025,9,3713,4369,36.04,sábado,2025-09-06 12:30:00,7.2167,buenaventura
76,valle del cauca,76109,buenaventura,76109105,pital(buenaventura - valle del cauca),2025,9,3051,533,24.45,miércoles,2025-09-10 18:30:00,5.5667,buenaventura
76,valle del cauca,76109,buenaventura,76109817,santa maria 1 naya(buenaventura - valle del cauca),2025,9,377,106,10.94,sábado,2025-09-27 18:45:00,1.45,buenaventura
76,valle del cauca,76109,buenaventura,76109863,san antonio (buenaventura - valle del cauca),2025,9,3656,886,17.87,sábado,2025-09-13 19:45:00,11.0667,buenaventura
76,valle del cauca,76109,buenaventura,76109904,san antonio (rio cajambre)(buenaventura - valle del cauca),2025,9,4668,1464,29.42,martes,2025-09-23 11:45:00,7.3583,buenaventura
76,valle del cauca,76109,buenaventura,76109907,san pablo( cajambre)(buenaventura - valle del cauca),2025,9,2109,0,19.84,jueves,2025-09-11 19:00:00,6.8,buenaventura
76,valle del cauca,76109,buenaventura,76109913,mayorquin(buenaventura - valle del cauca),2025,9,4921,991,28.61,domingo,2025-09-28 18:30:00,9.625,buenaventura
76,valle del cauca,76109,buenaventura,76109930,galvez(buenaventura - valle del cauca),2025,9,4767,537,23.1,lunes,2025-09-29 18:30:00,11.5583,buenaventura
76,valle del cauca,76109,buenaventura,76109957,humanes mar(buenaventura - valle del cauca),2025,9,8743,1977,34.57,jueves,2025-09-11 18:30:00,11.0,buenaventura
86,putumayo,86573,puerto leguizamo,86573000,puerto leguizamo(puerto leguizamo - putumayo),2025,9,990366,256699,2099.86,lunes,2025-09-22 11:45:00,24.0,puerto leguizamo
86,putumayo,86573,puerto leguizamo,86573009,piñuña negro(puerto leguizamo - putumayo),2025,9,1982,1636,35.2,lunes,2025-09-01 19:15:00,2.425,puerto leguizamo
88,archipiélago de san andrés y providencia,88001,san andrés,88001000,san andrés(san andrés - archipiélago de san andrés y providencia ),2025,9,19454466,4458478,34045.4,viernes,2025-09-26 15:45:00,23.775,san andrés
88,archipiélago de san andrés y providencia,88564,providencia,88564000,providencia(providencia - archipiélago de san andrés y providencia ),2025,9,1226979,245718,2127.02,jueves,2025-09-04 14:30:00,24.0,providencia
91,amazonas,91001,leticia,91001000,leticia(leticia - amazonas),2025,9,4272628,991015,8954.2,martes,2025-09-23 15:15:00,24.0,leticia
91,amazonas,91540,puerto nariño,91540000,puerto nariño(puerto nariño - amazonas),2025,9,137182,43936,286.4,lunes,2025-09-22 18:45:00,24.0,puerto nariño
91,amazonas,91798,tarapaca (anm),91798000,tarapaca(tarapaca (anm) - amazonas),2025,9,27181,11516,103.93,lunes,2025-09-08 14:30:00,10.2583,tarapaca (anm)
94,guainía,94001,inírida,94001000,inírida(inírida - guainía),2025,9,2441083,602772,4861.12,miércoles,2025-09-24 14:30:00,24.0,inírida
94,guainía,94001,inírida,94001905,chorro bocon(inírida - guainía),2025,9,6826,914,21.54,lunes,2025-09-22 20:30:00,16.85,inírida
94,guainía,94001,inírida,94001916,venado(inírida - guainía),2025,9,3248,772,10.64,domingo,2025-09-28 18:30:00,23.6417,inírida
94,guainía,94001,inírida,94001966,laguna colorada alta(inírida - guainía),2025,9,9689,806,38.49,lunes,2025-09-22 10:45:00,14.3,inírida
94,guainía,94343,barrancominas,94343900,carpintero(barranco minas - guainía),2025,9,2332,1195,6.85,miércoles,2025-09-24 19:00:00,19.0583,barranco minas
94,guainía,94343,barrancominas,94343901,chatare(barranco minas - guainía),2025,9,140,5,3.89,jueves,2025-09-04 19:45:00,1.4167,barranco minas
95,guaviare,95001,san josé del guaviare,95001012,cachicamo(san josé del guaviare - guaviare),2025,9,11740,5086,46.69,miércoles,2025-09-17 19:00:00,11.8833,san josé del guaviare
95,guaviare,95200,miraflores,95200000,miraflores(miraflores - guaviare),2025,9,123471,17089,256.86,viernes,2025-09-19 18:45:00,24.0,miraflores
97,vaupés,97001,mitú,97001000,mitú(mitú - vaupés),2025,9,1568892,342085,3304.07,lunes,2025-09-22 13:15:00,24.0,mitú
97,vaupés,97161,carurú,97161000,carurú(carurú - vaupés),2025,9,38918,7098,103.49,sábado,2025-09-13 18:45:00,16.65,carurú
97,vaupés,97666,taraira,97666000,taraira(taraira - vaupés),2025,9,48869,12412,155.5,lunes,2025-09-22 12:45:00,14.1833,taraira
99,vichada,99001,puerto carreño,99001000,puerto carreño(puerto carreño - vichada),2025,9,2635606,672497,5557.2,lunes,2025-09-22 13:30:00,24.0,puerto carreño
99,vichada,99001,puerto carreño,99001002,casuarito(puerto carreño - vichada),2025,9,28258,12898,85.25,lunes,2025-09-22 22:30:00,15.5917,puerto carreño
99,vichada,99773,cumaribo,99773000,cumaribo(cumaribo - vichada),2025,9,387733,133580,792.92,miércoles,2025-09-24 17:45:00,23.4167,cumaribo
05,antioquia,05873,vigía del fuerte,05873001,san antonio de padua(vigía del fuerte - antioquia),2025,10,0,0,,,,0.0,vigía del fuerte
05,antioquia,05873,vigía del fuerte,05873005,san miguel(vigía del fuerte - antioquia),2025,10,1374,609,17.48,jueves,2025-10-30 19:15:00,3.1371,vigía del fuerte
05,antioquia,05873,vigía del fuerte,05873013,loma murri(vigía del fuerte - antioquia),2025,10,3895,1643,31.37,domingo,2025-10-26 18:00:00,5.1452,vigía del fuerte
05,antioquia,05873,vigía del fuerte,05873910,puerto medellín(vigía del fuerte - antioquia),2025,10,602,232,11.7,viernes,2025-10-24 18:15:00,3.0,vigía del fuerte
13,bolívar,13001,cartagena de indias,13001037,isla mucura(cartagena de indias - bolívar),2025,10,6540,2474,22.59,miércoles,2025-10-08 23:00:00,11.8226,cartagena de indias
18,caquetá,18150,cartagena del chairá,18150001,remolino del caguan(cartagena del chaira - caquetá),2025,10,13559,4331,97.19,lunes,2025-10-27 19:15:00,6.0484,cartagena del chaira
18,caquetá,18150,cartagena del chairá,18150002,santa fe del caguan(cartagena del chaira - caquetá),2025,10,449,190,37.52,domingo,2025-10-19 18:30:00,0.5806,cartagena del chaira
18,caquetá,18753,san vicente del caguán,18753012,santa rosa(san vicente del caguán - caquetá),2025,10,0,0,,,,0.0,san vicente del caguán
18,caquetá,18753,san vicente del caguán,18753033,villa lobos(san vicente del caguán - caquetá),2025,10,987,292,52.63,lunes,2025-10-20 18:15:00,0.7258,san vicente del caguán
19,cauca,19318,guapi,19318008,limones(guapi - cauca),2025,10,8568,4243,72.5,viernes,2025-10-31 18:15:00,7.8871,guapi
19,cauca,19318,guapi,19318013,san antonio de guajui(guapi - cauca),2025,10,8472,4278,66.4,sábado,2025-10-25 19:30:00,5.2984,guapi
19,cauca,19418,lópez (micay),19418009,noanamito(lópez de micay - cauca),2025,10,237,129,44.0,viernes,2025-10-31 18:30:00,0.2177,lópez de micay
19,cauca,19418,lópez (micay),19418033,boca grande(lópez de micay - cauca),2025,10,0,0,,,,0.0,lópez de micay
19,cauca,19809,timbiquí,19809003,coteje(timbiquí - cauca),2025,10,5825,3831,33.24,viernes,2025-10-24 19:15:00,6.9677,timbiquí
19,cauca,19809,timbiquí,19809007,san jose(timbiquí - cauca),2025,10,5495,3281,38.76,sábado,2025-10-18 18:45:00,5.9274,timbiquí
19,cauca,19809,timbiquí,19809009,santa rosa de saija(timbiquí - cauca),2025,10,3061,1228,24.38,domingo,2025-10-19 19:15:00,5.1048,timbiquí
19,cauca,19809,timbiquí,19809010,comunidad de chete(timbiquí - cauca),2025,10,4690,1688,34.08,sábado,2025-10-11 18:45:00,5.5806,timbiquí
19,cauca,19809,timbiquí,19809014,chacon(timbiquí - cauca),2025,10,2356,343,20.8,sábado,2025-10-18 20:00:00,4.7984,timbiquí
27,chocó,27001,quibdó,27001029,tagachi(quibdó - chocó),2025,10,640,329,28.49,jueves,2025-10-30 19:30:00,1.0645,quibdó
27,chocó,27006,acandí,27006000,acandí(acandí - chocó),2025,10,624836,170352,1236.93,jueves,2025-10-02 21:30:00,20.6935,acandí
27,chocó,27006,acandí,27006007,san francisco(acandí - chocó),2025,10,25056,10428,121.22,jueves,2025-10-09 19:15:00,9.2661,acandí
27,chocó,27025,alto baudó,27025000,ciudad baudo - pie de pato(alto baudo - chocó),2025,10,54501,17515,133.32,sábado,2025-10-25 12:15:00,22.9597,alto baudo
27,chocó,27025,alto baudó,27025033,miacora(alto baudo - chocó),2025,10,273,7,5.64,martes,2025-10-14 14:15:00,2.4274,alto baudo
27,chocó,27025,alto baudó,27025035,puerto alegre(alto baudo - chocó),2025,10,1488,514,5.26,sábado,2025-10-25 12:00:00,12.2903,alto baudo
27,chocó,27025,alto baudó,27025920,el morro(alto baudo - chocó),2025,10,90,25,1.81,domingo,2025-10-12 19:00:00,0.0081,alto baudo
27,chocó,27025,alto baudó,27025937,villa cecilia(alto baudo - chocó),2025,10,361,142,3.24,miércoles,2025-10-29 19:30:00,2.379,alto baudo
27,chocó,27075,bahía solano,27075000,ciudad mutis(bahía solano - chocó),2025,10,903648,238444,1642.08,miércoles,2025-10-22 19:30:00,23.8145,bahía solano
27,chocó,27075,bahía solano,27075001,cupica(bahía solano - chocó),2025,10,49140,17037,128.37,sábado,2025-10-11 19:30:00,20.1613,bahía solano
27,chocó,27077,bajo baudó,27077000,pizarro(bajo baudó - chocó),2025,10,192801,68287,519.55,miércoles,2025-10-22 19:45:00,16.4516,bajo baudó
27,chocó,27077,bajo baudó,27077002,belen de docampado(bajo baudó - chocó),2025,10,8554,1984,39.28,sábado,2025-10-25 11:45:00,10.2419,bajo baudó
27,chocó,27077,bajo baudó,27077011,piliza - bellavista - villa luz(bajo baudó - chocó),2025,10,2594,358,22.4,miércoles,2025-10-01 18:45:00,5.129,bajo baudó
27,chocó,27077,bajo baudó,27077019,virudo(bajo baudó - chocó),2025,10,6458,2942,29.18,viernes,2025-10-31 13:15:00,9.3226,bajo baudó
27,chocó,27077,bajo baudó,27077026,guineal(bajo baudó - chocó),2025,10,3126,3867,20.74,viernes,2025-10-17 19:15:00,7.4355,bajo baudó
27,chocó,27077,bajo baudó,27077905,buenavista(bajo baudó - chocó),2025,10,4807,1818,20.77,jueves,2025-10-02 19:45:00,9.8226,bajo baudó
27,chocó,27077,bajo baudó,27077916,terron(bajo baudó - chocó),2025,10,0,562,,,,0.0,bajo baudó
27,chocó,27099,bojayá,27099000,bellavista(bojayá - chocó),2025,10,86815,32785,325.12,miércoles,2025-10-29 18:45:00,11.3629,bojayá
27,chocó,27099,bojayá,27099002,la loma de bojaya(bojayá - chocó),2025,10,14356,6506,76.28,sábado,2025-10-11 19:45:00,8.9597,bojayá
27,chocó,27099,bojayá,27099005,napipi(bojayá - chocó),2025,10,10047,3756,54.4,jueves,2025-10-02 15:30:00,7.0726,bojayá
27,chocó,27099,bojayá,27099030,piedra candela(bojayá - chocó),2025,10,7069,3375,37.8,sábado,2025-10-18 18:15:00,8.1774,bojayá
27,chocó,27250,el litoral del san juan,27250000,santa genoveva de docordo(el litoral del san juan - chocó),2025,10,66778,30497,301.49,viernes,2025-10-10 19:15:00,10.371,el litoral del san juan
27,chocó,27250,el litoral del san juan,27250023,papayo(el litoral del san juan - chocó),2025,10,0,0,0.28,viernes,2025-10-31 11:30:00,0.0,el litoral del san juan
27,chocó,27361,istmina,27361021,panamacito(istmina - chocó),2025,10,1450,566,8.67,martes,2025-10-14 17:45:00,6.9839,istmina
27,chocó,27361,istmina,27361023,potedó(istmina - chocó),2025,10,1105,329,18.24,miércoles,2025-10-29 19:15:00,2.75,istmina
27,chocó,27372,juradó,27372901,santa teresita(jurado - chocó),2025,10,1884,124,16.38,jueves,2025-10-16 11:00:00,11.6532,jurado
27,chocó,27372,juradó,27372902,buenavista(jurado - chocó),2025,10,1969,397,7.86,lunes,2025-10-13 07:00:00,13.5242,jurado
27,chocó,27372,juradó,27372905,dichardi(jurado - chocó),2025,10,1654,1066,7.32,miércoles,2025-10-29 12:00:00,14.6855,jurado
27,chocó,27372,juradó,27372907,eyasake(jurado - chocó),2025,10,4619,2019,18.2,miércoles,2025-10-29 18:15:00,11.1452,jurado
27,chocó,27372,juradó,27372930,dos bocas(jurado - chocó),2025,10,2124,914,21.64,viernes,2025-10-31 18:15:00,6.8468,jurado
27,chocó,27425,medio atrato,27425000,bete(medio atrato - chocó),2025,10,16782,8152,64.0,miércoles,2025-10-01 19:30:00,11.5726,medio atrato
27,chocó,27425,medio atrato,27425008,san roque(medio atrato - chocó),2025,10,2381,1223,24.36,sábado,2025-10-04 19:15:00,5.3065,medio atrato
27,chocó,27491,novita,27491004,juntas de tamana(novita - chocó),2025,10,2404,687,21.48,lunes,2025-10-20 18:45:00,5.8065,novita
27,chocó,27495,nuquí,27495000,nuquí(nuquí - chocó),2025,10,308889,94868,555.1,martes,2025-10-07 19:30:00,24.0,nuquí
27,chocó,27495,nuquí,27495001,arusi(nuquí - chocó),2025,10,33428,7921,81.6,jueves,2025-10-09 19:00:00,23.9758,nuquí
27,chocó,27495,nuquí,27495002,coqui(nuquí - chocó),2025,10,10607,2428,28.56,miércoles,2025-10-22 19:45:00,21.2661,nuquí
27,chocó,27495,nuquí,27495003,jurubira(nuquí - chocó),2025,10,23248,6548,53.64,martes,2025-10-28 19:15:00,22.7742,nuquí
27,chocó,27495,nuquí,27495008,jovi(nuquí - chocó),2025,10,8792,3425,23.96,lunes,2025-10-13 11:30:00,16.0887,nuquí
27,chocó,27495,nuquí,27495010,termales(nuquí - chocó),2025,10,0,0,,,,0.0,nuquí
27,chocó,27495,nuquí,27495011,comunidad de puerto jagua(nuquí - chocó),2025,10,1583,585,6.48,domingo,2025-10-12 19:45:00,10.8226,nuquí
27,chocó,27495,nuquí,27495012,comunidad indig. puerto indio(nuquí - chocó),2025,10,3154,1757,8.79,jueves,2025-10-30 18:45:00,16.879,nuquí
27,chocó,27495,nuquí,27495910,comunidad indig. de rio nuquí(nuquí - chocó),2025,10,641,146,3.92,martes,2025-10-28 19:00:00,7.6694,nuquí
27,chocó,27495,nuquí,27495912,comunidad indígena de pangui - el yucal(nuquí - chocó),2025,10,8094,1974,11.63,lunes,2025-10-06 17:15:00,23.1452,nuquí
27,chocó,27615,riosucio,27615011,san jose tamboral(riosucio - chocó),2025,10,0,0,,,,0.0,riosucio
27,chocó,27800,unguía,27800000,unguía(unguía - chocó),2025,10,467070,143017,1076.59,viernes,2025-10-03 18:30:00,21.5726,unguía
27,chocó,27800,unguía,27800001,balboa(unguía - chocó),2025,10,31415,9868,84.39,sábado,2025-10-11 18:45:00,16.2258,unguía
27,chocó,27800,unguía,27800005,titumate(unguía - chocó),2025,10,18640,4460,68.64,viernes,2025-10-24 21:00:00,12.9677,unguía
44,la guajira,44847,uribia,44847012,nazareth(uribia - la guajira),2025,10,31567,7014,264.96,jueves,2025-10-02 18:00:00,4.7419,uribia
47,magdalena,47189,ciénaga,47189018,palmor(ciénaga - magdalena),2025,10,70223,22422,195.07,lunes,2025-10-06 11:45:00,22.2984,ciénaga
50,meta,50325,mapiripán,50325000,mapiripan(mapiripan - meta),2025,10,219419,65114,421.08,martes,2025-10-28 18:00:00,24.0,mapiripan
52,nariño,52250,el charco,52250005,las mercedes(el charco - nariño),2025,10,0,0,,,,0.0,el charco
52,nariño,52250,el charco,52250016,alteron - uribe uribe(el charco - nariño),2025,10,237,92,6.22,sábado,2025-10-04 18:30:00,1.621,el charco
52,nariño,52390,la tola,52390003,la vigia de la mar(la tola - nariño),2025,10,5023,2573,31.32,viernes,2025-10-03 19:00:00,7.0242,la tola
52,nariño,52390,la tola,52390005,aguacatal(la tola - nariño),2025,10,1840,653,13.68,miércoles,2025-10-22 19:30:00,5.6613,la tola
52,nariño,52390,la tola,52390009,mulatos(la tola - nariño),2025,10,4772,2268,27.36,lunes,2025-10-20 16:30:00,7.9113,la tola
52,nariño,52390,la tola,52390013,amarales(la tola - nariño),2025,10,8697,3166,47.49,miércoles,2025-10-15 19:15:00,8.4274,la tola
52,nariño,52473,mosquera,52473010,el bajito de echandia(mosquera - nariño),2025,10,2947,1065,16.39,miércoles,2025-10-08 17:00:00,8.0806,mosquera
52,nariño,52621,roberto payán,52621912,tamaje(roberto payan - nariño),2025,10,5399,2850,27.29,lunes,2025-10-27 18:30:00,7.9919,roberto payan
52,nariño,52696,santa bárbara,52696014,la ensenada(santa bárbara - nariño),2025,10,2774,2273,24.03,sábado,2025-10-04 20:00:00,5.1532,santa bárbara
52,nariño,52835,san andrés de tumaco,52835016,pital de la costa(san andrés de tumaco - nariño),2025,10,37606,20597,98.81,viernes,2025-10-24 19:15:00,19.4435,san andrés de tumaco
52,nariño,52835,san andrés de tumaco,52835055,bocas de curay(san andrés de tumaco - nariño),2025,10,8011,2650,52.8,domingo,2025-10-19 18:45:00,6.4355,san andrés de tumaco
52,nariño,52835,san andrés de tumaco,52835217,san juan de la costa(san andrés de tumaco - nariño),2025,10,0,0,,,,0.0,san andrés de tumaco
76,valle del cauca,76109,buenaventura,76109011,pastico(buenaventura - valle del cauca),2025,10,3979,1490,18.5,viernes,2025-10-10 18:45:00,8.9435,buenaventura
76,valle del cauca,76109,buenaventura,76109018,concepcion(buenaventura - valle del cauca),2025,10,1954,559,50.04,lunes,2025-10-27 18:45:00,1.6452,buenaventura
76,valle del cauca,76109,buenaventura,76109028,puerto merizalde(buenaventura - valle del cauca),2025,10,118692,40176,227.04,viernes,2025-10-17 19:00:00,23.7177,buenaventura
76,valle del cauca,76109,buenaventura,76109032,san francisco naya(buenaventura - valle del cauca),2025,10,8602,2843,34.5,viernes,2025-10-03 21:30:00,10.1774,buenaventura
76,valle del cauca,76109,buenaventura,76109034,san isidro - calima(buenaventura - valle del cauca),2025,10,7847,1446,33.86,miércoles,2025-10-15 20:00:00,8.7097,buenaventura
76,valle del cauca,76109,buenaventura,76109038,silva(buenaventura - valle del cauca),2025,10,5681,1928,20.8,domingo,2025-10-26 07:00:00,10.7581,buenaventura
76,valle del cauca,76109,buenaventura,76109040,veneral(buenaventura - valle del cauca),2025,10,4281,878,19.37,viernes,2025-10-17 12:00:00,9.5645,buenaventura
76,valle del cauca,76109,buenaventura,76109069,papayal 1(buenaventura - valle del cauca),2025,10,4076,888,18.52,sábado,2025-10-18 19:30:00,9.2419,buenaventura
76,valle del cauca,76109,buenaventura,76109081,punta bonita(buenaventura - valle del cauca),2025,10,3111,1825,22.65,lunes,2025-10-27 11:15:00,5.6694,buenaventura
76,valle del cauca,76109,buenaventura,76109105,pital(buenaventura - valle del cauca),2025,10,2198,580,15.23,miércoles,2025-10-29 19:00:00,5.9435,buenaventura
76,valle del cauca,76109,buenaventura,76109817,santa maria 1 naya(buenaventura - valle del cauca),2025,10,2098,510,11.14,domingo,2025-10-26 19:15:00,7.5565,buenaventura
76,valle del cauca,76109,buenaventura,76109863,san antonio (buenaventura - valle del cauca),2025,10,3503,997,16.57,miércoles,2025-10-29 18:15:00,9.8226,buenaventura
76,valle del cauca,76109,buenaventura,76109904,san antonio (rio cajambre)(buenaventura - valle del cauca),2025,10,4947,1552,28.93,martes,2025-10-07 11:30:00,7.5645,buenaventura
76,valle del cauca,76109,buenaventura,76109907,san pablo( cajambre)(buenaventura - valle del cauca),2025,10,3356,0,20.11,domingo,2025-10-12 17:30:00,6.5726,buenaventura
76,valle del cauca,76109,buenaventura,76109913,mayorquin(buenaventura - valle del cauca),2025,10,3677,901,27.78,domingo,2025-10-26 12:30:00,6.9677,buenaventura
76,valle del cauca,76109,buenaventura,76109930,galvez(buenaventura - valle del cauca),2025,10,4492,600,23.48,sábado,2025-10-04 09:00:00,11.7097,buenaventura
76,valle del cauca,76109,buenaventura,76109957,humanes mar(buenaventura - valle del cauca),2025,10,8077,1775,32.58,viernes,2025-10-03 11:00:00,10.5726,buenaventura
86,putumayo,86573,puerto leguizamo,86573000,puerto leguizamo(puerto leguizamo - putumayo),2025,10,956114,257024,2172.19,martes,2025-10-21 15:15:00,23.2097,puerto leguizamo
86,putumayo,86573,puerto leguizamo,86573009,piñuña negro(puerto leguizamo - putumayo),2025,10,4868,2362,38.4,sábado,2025-10-04 19:15:00,6.1774,puerto leguizamo
88,archipiélago de san andrés y providencia,88001,san andrés,88001000,san andrés(san andrés - archipiélago de san andrés y providencia ),2025,10,19200978,4468539,33372.68,miércoles,2025-10-01 15:45:00,24.0,san andrés
88,archipiélago de san andrés y providencia,88564,providencia,88564000,providencia(providencia - archipiélago de san andrés y providencia ),2025,10,1193224,248013,2112.58,jueves,2025-10-02 14:00:00,24.0,providencia
91,amazonas,91001,leticia,91001000,leticia(leticia - amazonas),2025,10,4297064,987763,8005.36,miércoles,2025-10-08 15:15:00,23.9516,leticia
91,amazonas,91540,puerto nariño,91540000,puerto nariño(puerto nariño - amazonas),2025,10,136406,42990,268.8,miércoles,2025-10-08 17:45:00,23.9919,puerto nariño
91,amazonas,91798,tarapaca (anm),91798000,tarapaca(tarapaca (anm) - amazonas),2025,10,28378,11677,112.74,martes,2025-10-28 16:00:00,10.2177,tarapaca (anm)
94,guainía,94001,inírida,94001000,inírida(inírida - guainía),2025,10,2535041,633845,4869.04,jueves,2025-10-02 15:15:00,24.0,inírida
94,guainía,94001,inírida,94001905,chorro bocon(inírida - guainía),2025,10,7098,1100,22.02,martes,2025-10-21 19:45:00,16.3468,inírida
94,guainía,94001,inírida,94001916,venado(inírida - guainía),2025,10,3815,815,9.91,sábado,2025-10-25 19:45:00,23.9435,inírida
94,guainía,94001,inírida,94001966,laguna colorada alta(inírida - guainía),2025,10,8572,402,32.6,jueves,2025-10-30 19:45:00,14.3065,inírida
94,guainía,94343,barrancominas,94343900,carpintero(barranco minas - guainía),2025,10,2461,1278,7.36,sábado,2025-10-25 18:00:00,21.0,barranco minas
95,guaviare,95001,san josé del guaviare,95001012,cachicamo(san josé del guaviare - guaviare),2025,10,11992,5263,54.09,sábado,2025-10-25 18:45:00,10.6855,san josé del guaviare
95,guaviare,95200,miraflores,95200000,miraflores(miraflores - guaviare),2025,10,131363,17272,256.13,lunes,2025-10-27 17:45:00,24.0,miraflores
97,vaupés,97001,mitú,97001000,mitú(mitú - vaupés),2025,10,1609333,353416,3275.93,lunes,2025-10-06 12:30:00,23.871,mitú
97,vaupés,97161,carurú,97161000,carurú(carurú - vaupés),2025,10,42909,8069,109.3,martes,2025-10-21 14:30:00,17.0242,carurú
97,vaupés,97666,taraira,97666000,taraira(taraira - vaupés),2025,10,52529,13454,154.26,lunes,2025-10-27 12:00:00,14.1935,taraira
99,vichada,99001,puerto carreño,99001000,puerto carreño(puerto carreño - vichada),2025,10,2763608,712956,5208.72,miércoles,2025-10-01 13:30:00,24.0,puerto carreño
99,vichada,99001,puerto carreño,99001002,casuarito(puerto carreño - vichada),2025,10,11301,5544,88.55,miércoles,2025-10-29 17:00:00,5.7339,puerto carreño
99,vichada,99773,cumaribo,99773000,cumaribo(cumaribo - vichada),2025,10,415422,138942,813.16,miércoles,2025-10-15 13:45:00,23.8226,cumaribo
05,antioquia,05873,vigía del fuerte,05873001,san antonio de padua(vigía del fuerte - antioquia),2025,11,454,0,36.26,jueves,2025-11-27 20:15:00,0.6333,vigía del fuerte
05,antioquia,05873,vigía del fuerte,05873005,san miguel(vigía del fuerte - antioquia),2025,11,0,327,,,,0.0,vigía del fuerte
05,antioquia,05873,vigía del fuerte,05873013,loma murri(vigía del fuerte - antioquia),2025,11,4345,1997,32.32,sábado,2025-11-08 19:15:00,6.0083,vigía del fuerte
05,antioquia,05873,vigía del fuerte,05873910,puerto medellín(vigía del fuerte - antioquia),2025,11,530,212,10.57,martes,2025-11-11 18:15:00,2.525,vigía del fuerte
13,bolívar,13001,cartagena de indias,13001017,santa cruz del islote(cartagena de indias - bolívar),2025,11,1528,502,40.99,jueves,2025-11-27 22:15:00,1.4583,cartagena de indias
13,bolívar,13001,cartagena de indias,13001037,isla mucura(cartagena de indias - bolívar),2025,11,6347,2435,21.63,sábado,2025-11-22 22:30:00,12.1,cartagena de indias
18,caquetá,18150,cartagena del chairá,18150001,remolino del caguan(cartagena del chaira - caquetá),2025,11,13352,4066,94.03,sábado,2025-11-08 19:15:00,6.225,cartagena del chaira
18,caquetá,18150,cartagena del chairá,18150002,santa fe del caguan(cartagena del chaira - caquetá),2025,11,191,66,30.88,domingo,2025-11-30 19:15:00,0.25,cartagena del chaira
18,caquetá,18753,san vicente del caguán,18753012,santa rosa(san vicente del caguán - caquetá),2025,11,0,0,,,,0.0,san vicente del caguán
18,caquetá,18753,san vicente del caguán,18753033,villa lobos(san vicente del caguán - caquetá),2025,11,1618,465,52.32,lunes,2025-11-17 18:15:00,1.2167,san vicente del caguán
19,cauca,19318,guapi,19318008,limones(guapi - cauca),2025,11,9070,4653,47.33,domingo,2025-11-16 19:00:00,8.65,guapi
19,cauca,19318,guapi,19318013,san antonio de guajui(guapi - cauca),2025,11,11324,5863,64.4,miércoles,2025-11-05 19:30:00,7.4667,guapi
19,cauca,19418,lópez (micay),19418009,noanamito(lópez de micay - cauca),2025,11,7594,4303,48.0,jueves,2025-11-27 18:45:00,7.6,lópez de micay
19,cauca,19418,lópez (micay),19418033,boca grande(lópez de micay - cauca),2025,11,0,0,,,,0.0,lópez de micay
19,cauca,19809,timbiquí,19809003,coteje(timbiquí - cauca),2025,11,6091,4007,33.92,domingo,2025-11-02 19:30:00,7.5167,timbiquí
19,cauca,19809,timbiquí,19809007,san jose(timbiquí - cauca),2025,11,6993,4414,40.78,miércoles,2025-11-19 18:45:00,7.9917,timbiquí
19,cauca,19809,timbiquí,19809010,comunidad de chete(timbiquí - cauca),2025,11,5194,1870,32.96,sábado,2025-11-01 19:00:00,6.4083,timbiquí
19,cauca,19809,timbiquí,19809014,chacon(timbiquí - cauca),2025,11,1907,286,19.76,viernes,2025-11-07 18:15:00,4.1833,timbiquí
27,chocó,27001,quibdó,27001029,tagachi(quibdó - chocó),2025,11,7275,3597,45.58,sábado,2025-11-08 18:30:00,8.775,quibdó
27,chocó,27006,acandí,27006000,acandí(acandí - chocó),2025,11,605065,162389,1267.55,sábado,2025-11-08 19:00:00,20.3083,acandí
27,chocó,27006,acandí,27006007,san francisco(acandí - chocó),2025,11,25121,10070,121.15,sábado,2025-11-22 19:30:00,9.225,acandí
27,chocó,27025,alto baudó,27025000,ciudad baudo - pie de pato(alto baudo - chocó),2025,11,55555,17286,125.4,sábado,2025-11-15 11:45:00,23.6,alto baudo
27,chocó,27025,alto baudó,27025033,miacora(alto baudo - chocó),2025,11,207,8,3.49,martes,2025-11-18 18:15:00,2.3583,alto baudo
27,chocó,27025,alto baudó,27025035,puerto alegre(alto baudo - chocó),2025,11,757,258,5.5,sábado,2025-11-08 19:30:00,5.7667,alto baudo
27,chocó,27025,alto baudó,27025937,villa cecilia(alto baudo - chocó),2025,11,398,144,3.49,jueves,2025-11-27 12:45:00,2.2,alto baudo
27,chocó,27075,bahía solano,27075000,ciudad mutis(bahía solano - chocó),2025,11,753202,221483,1547.04,sábado,2025-11-01 18:45:00,23.4583,bahía solano
27,chocó,27075,bahía solano,27075001,cupica(bahía solano - chocó),2025,11,56531,18057,124.04,martes,2025-11-18 18:45:00,23.45,bahía solano
27,chocó,27077,bajo baudó,27077000,pizarro(bajo baudó - chocó),2025,11,198366,68113,481.01,martes,2025-11-25 12:00:00,17.9,bajo baudó
27,chocó,27077,bajo baudó,27077002,belen de docampado(bajo baudó - chocó),2025,11,7938,2396,40.72,lunes,2025-11-10 19:15:00,8.7333,bajo baudó
27,chocó,27077,bajo baudó,27077011,piliza - bellavista - villa luz(bajo baudó - chocó),2025,11,3074,487,22.4,sábado,2025-11-01 18:30:00,5.9833,bajo baudó
27,chocó,27077,bajo baudó,27077019,virudo(bajo baudó - chocó),2025,11,6332,2717,29.77,domingo,2025-11-16 11:45:00,9.2083,bajo baudó
27,chocó,27077,bajo baudó,27077026,guineal(bajo baudó - chocó),2025,11,3326,4197,20.97,sábado,2025-11-22 11:30:00,8.0167,bajo baudó
27,chocó,27077,bajo baudó,27077905,buenavista(bajo baudó - chocó),2025,11,4282,1735,22.46,jueves,2025-11-06 18:45:00,8.6583,bajo baudó
27,chocó,27077,bajo baudó,27077916,terron(bajo baudó - chocó),2025,11,0,0,,,,0.0,bajo baudó
27,chocó,27099,bojayá,27099000,bellavista(bojayá - chocó),2025,11,52700,16315,317.52,sábado,2025-11-08 19:30:00,8.2,bojayá
27,chocó,27099,bojayá,27099002,la loma de bojaya(bojayá - chocó),2025,11,9680,4497,74.17,miércoles,2025-11-12 18:45:00,5.925,bojayá
27,chocó,27099,bojayá,27099005,napipi(bojayá - chocó),2025,11,12881,4556,57.6,domingo,2025-11-16 16:00:00,9.1083,bojayá
27,chocó,27099,bojayá,27099012,pogue(bojayá - chocó),2025,11,3941,1909,22.21,miércoles,2025-11-12 16:15:00,7.8333,bojayá
27,chocó,27099,bojayá,27099030,piedra candela(bojayá - chocó),2025,11,5827,2872,38.37,martes,2025-11-18 19:15:00,6.5833,bojayá
27,chocó,27250,el litoral del san juan,27250000,santa genoveva de docordo(el litoral del san juan - chocó),2025,11,69762,32153,261.76,lunes,2025-11-24 10:30:00,11.4917,el litoral del san juan
27,chocó,27250,el litoral del san juan,27250023,papayo(el litoral del san juan - chocó),2025,11,1661,369,19.22,sábado,2025-11-29 18:30:00,3.675,el litoral del san juan
27,chocó,27361,istmina,27361021,panamacito(istmina - chocó),2025,11,1519,547,10.29,viernes,2025-11-21 14:45:00,7.275,istmina
27,chocó,27372,juradó,27372901,santa teresita(jurado - chocó),2025,11,2111,131,10.75,domingo,2025-11-09 18:45:00,14.6583,jurado
27,chocó,27372,juradó,27372902,buenavista(jurado - chocó),2025,11,2107,377,14.45,lunes,2025-11-10 10:45:00,13.8833,jurado
27,chocó,27372,juradó,27372905,dichardi(jurado - chocó),2025,11,1356,890,6.62,lunes,2025-11-17 11:30:00,11.1833,jurado
27,chocó,27372,juradó,27372907,eyasake(jurado - chocó),2025,11,4184,1593,19.27,sábado,2025-11-08 19:30:00,10.6667,jurado
27,chocó,27425,medio atrato,27425000,bete(medio atrato - chocó),2025,11,16243,7943,64.0,martes,2025-11-04 19:00:00,11.6917,medio atrato
27,chocó,27425,medio atrato,27425008,san roque(medio atrato - chocó),2025,11,2625,1351,22.97,lunes,2025-11-03 19:00:00,5.9083,medio atrato
27,chocó,27491,novita,27491004,juntas de tamana(novita - chocó),2025,11,1693,486,21.07,lunes,2025-11-03 19:45:00,3.8167,novita
27,chocó,27495,nuquí,27495000,nuquí(nuquí - chocó),2025,11,293149,87268,544.19,viernes,2025-11-07 19:30:00,23.9667,nuquí
27,chocó,27495,nuquí,27495001,arusi(nuquí - chocó),2025,11,30675,5927,76.8,viernes,2025-11-07 18:45:00,23.975,nuquí
27,chocó,27495,nuquí,27495003,jurubira(nuquí - chocó),2025,11,23400,8272,51.13,viernes,2025-11-21 19:45:00,23.825,nuquí
27,chocó,27495,nuquí,27495008,jovi(nuquí - chocó),2025,11,7774,2972,23.6,jueves,2025-11-06 14:00:00,15.35,nuquí
27,chocó,27495,nuquí,27495011,comunidad de puerto jagua(nuquí - chocó),2025,11,1273,465,6.19,domingo,2025-11-23 18:30:00,9.5417,nuquí
27,chocó,27495,nuquí,27495012,comunidad indig. puerto indio(nuquí - chocó),2025,11,2855,1742,8.22,martes,2025-11-18 18:30:00,16.05,nuquí
27,chocó,27495,nuquí,27495910,comunidad indig. de rio nuquí(nuquí - chocó),2025,11,782,194,4.17,viernes,2025-11-28 21:00:00,8.8,nuquí
27,chocó,27495,nuquí,27495912,comunidad indígena de pangui - el yucal(nuquí - chocó),2025,11,7710,2071,11.76,martes,2025-11-11 12:15:00,22.6833,nuquí
27,chocó,27615,riosucio,27615011,san jose tamboral(riosucio - chocó),2025,11,11,3,3.52,lunes,2025-11-17 20:00:00,0.1083,riosucio
27,chocó,27800,unguía,27800000,unguía(unguía - chocó),2025,11,480483,142322,984.72,viernes,2025-11-21 18:45:00,22.6583,unguía
27,chocó,27800,unguía,27800001,balboa(unguía - chocó),2025,11,32184,10188,89.54,domingo,2025-11-09 18:45:00,16.3333,unguía
27,chocó,27800,unguía,27800005,titumate(unguía - chocó),2025,11,18390,4291,66.26,sábado,2025-11-01 18:45:00,13.4,unguía
44,la guajira,44847,uribia,44847012,nazareth(uribia - la guajira),2025,11,33934,7288,260.64,domingo,2025-11-09 18:00:00,5.2083,uribia
47,magdalena,47189,ciénaga,47189018,palmor(ciénaga - magdalena),2025,11,84128,31409,204.48,domingo,2025-11-16 18:45:00,23.1083,ciénaga
50,meta,50325,mapiripán,50325000,mapiripan(mapiripan - meta),2025,11,214910,63666,420.64,martes,2025-11-18 18:15:00,23.925,mapiripan
52,nariño,52250,el charco,52250005,las mercedes(el charco - nariño),2025,11,125,541,10.14,sábado,2025-11-15 18:15:00,0.4833,el charco
52,nariño,52250,el charco,52250007,san jose del tapaje(el charco - nariño),2025,11,0,0,,,,0.0,el charco
52,nariño,52250,el charco,52250016,alteron - uribe uribe(el charco - nariño),2025,11,10,7,2.86,sábado,2025-11-29 13:45:00,0.125,el charco
52,nariño,52390,la tola,52390003,la vigia de la mar(la tola - nariño),2025,11,6524,3239,29.92,jueves,2025-11-27 19:00:00,10.325,la tola
52,nariño,52390,la tola,52390005,aguacatal(la tola - nariño),2025,11,3065,1081,14.0,sábado,2025-11-22 18:45:00,9.4083,la tola
52,nariño,52390,la tola,52390009,mulatos(la tola - nariño),2025,11,4603,2197,25.92,sábado,2025-11-01 21:00:00,7.9833,la tola
52,nariño,52390,la tola,52390013,amarales(la tola - nariño),2025,11,1257,453,48.38,miércoles,2025-11-05 19:00:00,1.25,la tola
52,nariño,52473,mosquera,52473010,el bajito de echandia(mosquera - nariño),2025,11,3081,1061,19.44,sábado,2025-11-22 14:30:00,8.8917,mosquera
52,nariño,52621,roberto payán,52621912,tamaje(roberto payan - nariño),2025,11,5186,2636,31.32,domingo,2025-11-16 19:30:00,7.825,roberto payan
52,nariño,52696,santa bárbara,52696014,la ensenada(santa bárbara - nariño),2025,11,3048,2585,21.86,jueves,2025-11-06 18:30:00,6.1083,santa bárbara
52,nariño,52835,san andrés de tumaco,52835016,pital de la costa(san andrés de tumaco - nariño),2025,11,40247,22441,89.26,miércoles,2025-11-12 12:30:00,22.275,san andrés de tumaco
52,nariño,52835,san andrés de tumaco,52835055,bocas de curay(san andrés de tumaco - nariño),2025,11,8402,2785,52.8,jueves,2025-11-27 19:45:00,6.8083,san andrés de tumaco
52,nariño,52835,san andrés de tumaco,52835217,san juan de la costa(san andrés de tumaco - nariño),2025,11,2987,987,83.77,miércoles,2025-11-26 18:45:00,1.5833,san andrés de tumaco
76,valle del cauca,76109,buenaventura,76109011,pastico(buenaventura - valle del cauca),2025,11,3844,1447,16.94,jueves,2025-11-20 19:00:00,9.4,buenaventura
76,valle del cauca,76109,buenaventura,76109018,concepcion(buenaventura - valle del cauca),2025,11,7251,2297,48.12,domingo,2025-11-02 20:45:00,7.7583,buenaventura
76,valle del cauca,76109,buenaventura,76109028,puerto merizalde(buenaventura - valle del cauca),2025,11,107490,35900,251.86,lunes,2025-11-10 19:00:00,21.9417,buenaventura
76,valle del cauca,76109,buenaventura,76109032,san francisco naya(buenaventura - valle del cauca),2025,11,8078,2577,34.69,sábado,2025-11-15 12:15:00,9.8083,buenaventura
76,valle del cauca,76109,buenaventura,76109034,san isidro - calima(buenaventura - valle del cauca),2025,11,6050,1191,34.32,martes,2025-11-04 19:45:00,7.8833,buenaventura
76,valle del cauca,76109,buenaventura,76109038,silva(buenaventura - valle del cauca),2025,11,5670,1924,22.16,sábado,2025-11-15 08:45:00,10.7667,buenaventura
76,valle del cauca,76109,buenaventura,76109040,veneral(buenaventura - valle del cauca),2025,11,6405,982,33.6,viernes,2025-11-14 11:15:00,10.2083,buenaventura
76,valle del cauca,76109,buenaventura,76109069,papayal 1(buenaventura - valle del cauca),2025,11,4353,944,16.26,miércoles,2025-11-19 19:30:00,11.175,buenaventura
76,valle del cauca,76109,buenaventura,76109081,punta bonita(buenaventura - valle del cauca),2025,11,5630,1731,22.04,viernes,2025-11-14 19:30:00,11.0167,buenaventura
76,valle del cauca,76109,buenaventura,76109105,pital(buenaventura - valle del cauca),2025,11,3036,801,15.74,domingo,2025-11-02 19:15:00,8.625,buenaventura
76,valle del cauca,76109,buenaventura,76109817,santa maria 1 naya(buenaventura - valle del cauca),2025,11,2070,450,11.53,lunes,2025-11-03 19:00:00,7.5917,buenaventura
76,valle del cauca,76109,buenaventura,76109863,san antonio (buenaventura - valle del cauca),2025,11,3438,937,17.89,lunes,2025-11-17 13:30:00,10.0167,buenaventura
76,valle del cauca,76109,buenaventura,76109904,san antonio (rio cajambre)(buenaventura - valle del cauca),2025,11,5160,1657,29.85,miércoles,2025-11-19 12:00:00,8.2667,buenaventura
76,valle del cauca,76109,buenaventura,76109907,san pablo( cajambre)(buenaventura - valle del cauca),2025,11,2870,0,19.99,viernes,2025-11-28 15:00:00,6.275,buenaventura
76,valle del cauca,76109,buenaventura,76109913,mayorquin(buenaventura - valle del cauca),2025,11,3939,1161,28.06,lunes,2025-11-10 20:00:00,8.6083,buenaventura
76,valle del cauca,76109,buenaventura,76109930,galvez(buenaventura - valle del cauca),2025,11,3436,564,13.03,sábado,2025-11-01 18:00:00,10.6333,buenaventura
76,valle del cauca,76109,buenaventura,76109957,humanes mar(buenaventura - valle del cauca),2025,11,8064,1807,29.71,sábado,2025-11-08 08:30:00,11.35,buenaventura
86,putumayo,86573,puerto leguizamo,86573000,puerto leguizamo(puerto leguizamo - putumayo),2025,11,802031,231355,1885.75,miércoles,2025-11-26 21:00:00,23.75,puerto leguizamo
86,putumayo,86573,puerto leguizamo,86573009,piñuña negro(puerto leguizamo - putumayo),2025,11,4657,2187,38.4,sábado,2025-11-01 21:45:00,5.95,puerto leguizamo
88,archipiélago de san andrés y providencia,88001,san andrés,88001000,san andrés(san andrés - archipiélago de san andrés y providencia ),2025,11,18248052,4221003,31656.72,viernes,2025-11-21 15:45:00,24.0,san andrés
88,archipiélago de san andrés y providencia,88564,providencia,88564000,providencia(providencia - archipiélago de san andrés y providencia ),2025,11,1140068,233748,1948.86,jueves,2025-11-20 14:15:00,24.0,providencia
91,amazonas,91001,leticia,91001000,leticia(leticia - amazonas),2025,11,4209949,955585,8255.4,martes,2025-11-18 15:30:00,24.0,leticia
91,amazonas,91540,puerto nariño,91540000,puerto nariño(puerto nariño - amazonas),2025,11,136580,41674,278.4,jueves,2025-11-20 14:15:00,23.9917,puerto nariño
91,amazonas,91798,tarapaca (anm),91798000,tarapaca(tarapaca (anm) - amazonas),2025,11,28243,11158,105.59,viernes,2025-11-14 14:00:00,10.275,tarapaca (anm)
94,guainía,94001,inírida,94001000,inírida(inírida - guainía),2025,11,2499483,611611,4810.96,jueves,2025-11-27 14:45:00,24.0,inírida
94,guainía,94001,inírida,94001905,chorro bocon(inírida - guainía),2025,11,6451,856,22.32,sábado,2025-11-15 19:00:00,15.375,inírida
27,chocó,27425,medio atrato,27425008,san roque,2025,12,3062,1566,246.0,domingo,2025-12-06 19:30:00,24.0,medio atrato
94,guainía,94001,inírida,94001916,venado(inírida - guainía),2025,11,3236,717,11.49,viernes,2025-11-07 21:30:00,20.0917,inírida
94,guainía,94001,inírida,94001966,laguna colorada alta(inírida - guainía),2025,11,9240,452,32.14,martes,2025-11-11 19:30:00,15.1917,inírida
94,guainía,94343,barrancominas,94343900,carpintero(barranco minas - guainía),2025,11,2852,1493,7.58,domingo,2025-11-23 18:00:00,22.9417,barranco minas
94,guainía,94343,barrancominas,94343901,chatare(barranco minas - guainía),2025,11,0,0,0.11,miércoles,2025-11-19 06:00:00,0.0,barranco minas
95,guaviare,95001,san josé del guaviare,95001012,cachicamo(san josé del guaviare - guaviare),2025,11,11804,5106,54.63,sábado,2025-11-08 19:45:00,10.575,san josé del guaviare
95,guaviare,95200,miraflores,95200000,miraflores(miraflores - guaviare),2025,11,134302,18771,269.74,sábado,2025-11-22 18:15:00,24.0,miraflores
97,vaupés,97001,mitú,97001000,mitú(mitú - vaupés),2025,11,1560070,333111,3231.79,martes,2025-11-18 11:45:00,23.9917,mitú
97,vaupés,97161,carurú,97161000,carurú(carurú - vaupés),2025,11,40640,7582,106.04,viernes,2025-11-07 18:45:00,17.05,carurú
97,vaupés,97666,taraira,97666000,taraira(taraira - vaupés),2025,11,49902,12875,150.92,martes,2025-11-04 12:30:00,14.2833,taraira
99,vichada,99001,puerto carreño,99001000,puerto carreño(puerto carreño - vichada),2025,11,2817887,720573,5522.0,miércoles,2025-11-19 13:30:00,23.95,puerto carreño
99,vichada,99001,puerto carreño,99001002,casuarito(puerto carreño - vichada),2025,11,14567,7108,85.05,viernes,2025-11-21 16:30:00,7.625,puerto carreño
99,vichada,99773,cumaribo,99773000,cumaribo(cumaribo - vichada),2025,11,400807,131759,830.07,viernes,2025-11-21 13:30:00,23.8667,cumaribo
05,antioquia,05873,vigía del fuerte,05873001,san antonio de padua,2025,12,4392,0,3968.0,lunes,2025-12-28 19:15:00,24.0,vigía del fuerte
05,antioquia,05873,vigía del fuerte,05873001,san antonio de padua,2026,1,5582,0,45504.0,sábado,2026-01-09 19:15:00,24.0,vigía del fuerte
05,antioquia,05873,vigía del fuerte,05873005,san miguel,2025,12,1016,525,186624.0,miércoles,2025-12-30 20:15:00,24.0,vigía del fuerte
05,antioquia,05873,vigía del fuerte,05873005,san miguel,2026,1,2045,929,184448.0,viernes,2026-01-30 18:45:00,24.0,vigía del fuerte
88,archipiélago de san andrés y providencia,88564,providencia,88564000,providencia,2025,12,1187727,240074,18879919.0,viernes,2025-12-05 14:15:00,2.4,providencia
88,archipiélago de san andrés y providencia,88564,providencia,88564000,providencia,2026,1,1158666,234829,19081479.0,jueves,2026-01-15 15:15:00,2.4,providencia
88,archipiélago de san andrés y providencia,88001,san andrés,88001000,san andrés,2025,12,19276566,4397680,314570801.0,viernes,2025-12-12 15:45:00,2.4,san andrés
88,archipiélago de san andrés y providencia,88001,san andrés,88001000,san andrés,2026,1,18695425,4229272,302885195.0,martes,2026-01-20 16:00:00,2.4,san andrés
13,bolívar,13001,cartagena de indias,13001037,isla mucura,2025,12,6558,2357,20416.0,domingo,2025-12-13 22:15:00,1.213,cartagena de indias
13,bolívar,13001,cartagena de indias,13001037,isla mucura,2026,1,6580,2246,20352.0,lunes,2026-01-04 23:30:00,1.217,cartagena de indias
18,caquetá,18150,cartagena del chairá,18150001,remolino del caguan,2025,12,13878,4989,99184.0,domingo,2025-12-06 19:15:00,24.0,cartagena del chaira
18,caquetá,18150,cartagena del chairá,18150001,remolino del caguan,2026,1,14522,5296,1011796.0,domingo,2026-01-24 19:00:00,24.0,cartagena del chaira
18,caquetá,18150,cartagena del chairá,18150002,santa fe del caguan,2025,12,3674,1381,382.0,martes,2025-12-23 18:45:00,24.0,cartagena del chaira
18,caquetá,18150,cartagena del chairá,18150002,santa fe del caguan,2026,1,2707,1020,372.0,sábado,2026-01-10 18:45:00,24.0,cartagena del chaira
18,caquetá,18753,san vicente del caguán,18753002,guacamayas,2025,12,10738,3685,33216.0,jueves,2025-12-31 20:45:00,1.777,san vicente del caguán
18,caquetá,18753,san vicente del caguán,18753002,guacamayas,2026,1,10433,2795,30432.0,viernes,2026-01-01 19:45:00,1.744,san vicente del caguán
18,caquetá,18753,san vicente del caguán,18753012,santa rosa,2025,12,838,318,14246.0,miércoles,2025-12-30 19:15:00,24.0,san vicente del caguán
18,caquetá,18753,san vicente del caguán,18753033,villa lobos,2025,12,2887,930,507148.0,domingo,2025-12-06 19:00:00,24.0,san vicente del caguán
18,caquetá,18753,san vicente del caguán,18753033,villa lobos,2026,1,724,240,53782.0,domingo,2026-01-17 19:00:00,24.0,san vicente del caguán
19,cauca,19318,guapi,19318008,limones,2025,12,8650,4314,527112.0,jueves,2025-12-31 19:15:00,24.0,guapi
19,cauca,19318,guapi,19318008,limones,2026,1,7791,3730,473904.0,domingo,2026-01-10 19:15:00,24.0,guapi
19,cauca,19318,guapi,19318013,san antonio de guajui,2025,12,9557,4918,641276.0,jueves,2025-12-24 19:30:00,24.0,guapi
19,cauca,19318,guapi,19318013,san antonio de guajui,2026,1,7679,3836,67342.0,jueves,2026-01-21 19:45:00,24.0,guapi
19,cauca,19418,lópez (micay),19418009,noanamito,2025,12,8552,4843,44.0,martes,2025-12-02 18:45:00,24.0,lópez de micay
19,cauca,19418,lópez (micay),19418009,noanamito,2026,1,7750,4330,52.0,sábado,2026-01-02 19:15:00,24.0,lópez de micay
19,cauca,19809,timbiquí,19809014,chacon,2025,12,2481,316,19808.0,jueves,2025-12-24 19:30:00,24.0,timbiquí
19,cauca,19809,timbiquí,19809014,chacon,2026,1,0,0,,,,0.0,timbiquí
19,cauca,19809,timbiquí,19809010,comunidad de chete,2025,12,5070,2259,32352.0,martes,2025-12-15 19:15:00,24.0,timbiquí
19,cauca,19809,timbiquí,19809010,comunidad de chete,2026,1,4862,2512,33632.0,domingo,2026-01-17 19:15:00,24.0,timbiquí
19,cauca,19809,timbiquí,19809003,coteje,2025,12,6527,4445,3328.0,sábado,2025-12-19 20:00:00,24.0,timbiquí
19,cauca,19809,timbiquí,19809003,coteje,2026,1,6018,4013,296.0,martes,2026-01-19 19:30:00,24.0,timbiquí
19,cauca,19809,timbiquí,19809007,san jose,2025,12,8113,4521,43896.0,jueves,2025-12-31 19:45:00,24.0,timbiquí
19,cauca,19809,timbiquí,19809007,san jose,2026,1,8074,4112,44328.0,lunes,2026-01-04 19:00:00,24.0,timbiquí
27,chocó,27006,acandí,27006000,acandí,2025,12,605166,161504,1210176.0,jueves,2025-12-31 19:00:00,2.048,acandí
27,chocó,27006,acandí,27006000,acandí,2026,1,558694,151487,11105601.0,martes,2026-01-19 19:15:00,2.037,acandí
27,chocó,27025,alto baudó,27025000,ciudad baudo - pie de pato,2025,12,54426,17392,121.0,sábado,2025-12-06 12:00:00,2.388,alto baudo
27,chocó,27025,alto baudó,27025000,ciudad baudo - pie de pato,2026,1,53771,16773,122672.0,martes,2026-01-20 12:15:00,2.348,alto baudo
27,chocó,27025,alto baudó,27025033,miacora,2025,12,149,6,33632.0,lunes,2025-12-28 19:00:00,24.0,alto baudo
27,chocó,27025,alto baudó,27025035,puerto alegre,2025,12,1237,442,59196.0,miércoles,2025-12-31 12:00:00,24.0,alto baudo
27,chocó,27025,alto baudó,27025035,puerto alegre,2026,1,1346,452,57212.0,sábado,2026-01-09 19:30:00,24.0,alto baudo
27,chocó,27025,alto baudó,27025937,villa cecilia,2025,12,540,212,33804.0,sábado,2025-12-06 09:30:00,1.067,alto baudo
27,chocó,27025,alto baudó,27025937,villa cecilia,2026,1,497,170,34664.0,jueves,2026-01-08 12:30:00,1.044,alto baudo
27,chocó,27075,bahía solano,27075001,cupica,2025,12,64834,20724,1491496.0,jueves,2025-12-31 19:30:00,2.173,bahía solano
27,chocó,27075,bahía solano,27075001,cupica,2026,1,75297,19333,1479856.0,viernes,2026-01-29 20:15:00,2.39,bahía solano
27,chocó,27077,bajo baudó,27077002,belen de docampado,2025,12,9639,2877,419068.0,lunes,2025-12-22 18:15:00,1.049,bajo baudó
27,chocó,27077,bajo baudó,27077002,belen de docampado,2026,1,8259,1781,377732.0,viernes,2026-01-02 12:45:00,24.0,bajo baudó
27,chocó,27077,bajo baudó,27077905,buenavista,2025,12,3205,1244,20512.0,miércoles,2025-12-31 18:00:00,24.0,bajo baudó
27,chocó,27077,bajo baudó,27077905,buenavista,2026,1,3957,1470,21344.0,miércoles,2026-01-28 18:00:00,24.0,bajo baudó
27,chocó,27077,bajo baudó,27077029,firme de usarga,2025,12,797,437,852.0,lunes,2025-12-15 18:45:00,24.0,bajo baudó
27,chocó,27077,bajo baudó,27077029,firme de usarga,2026,1,1158,452,70288.0,domingo,2026-01-24 19:30:00,24.0,bajo baudó
27,chocó,27077,bajo baudó,27077026,guineal,2025,12,3989,3217,35116.0,miércoles,2025-12-03 11:45:00,24.0,bajo baudó
27,chocó,27077,bajo baudó,27077026,guineal,2026,1,3524,1669,23552.0,lunes,2026-01-19 18:30:00,24.0,bajo baudó
27,chocó,27077,bajo baudó,27077011,piliza - bellavista - villa luz,2025,12,3734,925,32.0,viernes,2025-12-26 18:45:00,24.0,bajo baudó
27,chocó,27077,bajo baudó,27077011,piliza - bellavista - villa luz,2026,1,3628,1033,384.0,jueves,2026-01-08 18:45:00,24.0,bajo baudó
27,chocó,27077,bajo baudó,27077000,pizarro,2025,12,242586,83096,451968.0,jueves,2025-12-31 19:15:00,2.343,bajo baudó
27,chocó,27077,bajo baudó,27077000,pizarro,2026,1,214175,72095,49896.0,miércoles,2026-01-07 13:30:00,1.937,bajo baudó
27,chocó,27077,bajo baudó,27077911,playa nueva,2025,12,282,0,2342.0,lunes,2025-12-29 13:45:00,24.0,bajo baudó
27,chocó,27077,bajo baudó,27077911,playa nueva,2026,1,401,0,3164.0,lunes,2026-01-19 13:45:00,24.0,bajo baudó
27,chocó,27077,bajo baudó,27077924,puerto samaria,2025,12,0,0,,,,0.0,bajo baudó
27,chocó,27077,bajo baudó,27077924,puerto samaria,2026,1,0,0,,,,0.0,bajo baudó
27,chocó,27077,bajo baudó,27077916,terron,2025,12,1,0,2716.0,miércoles,2025-12-24 11:00:00,0.0,bajo baudó
27,chocó,27077,bajo baudó,27077916,terron,2026,1,9,0,41368.0,domingo,2026-01-03 21:15:00,3.0,bajo baudó
27,chocó,27077,bajo baudó,27077019,virudo,2025,12,7252,3035,350712.0,martes,2025-12-30 18:45:00,24.0,bajo baudó
27,chocó,27077,bajo baudó,27077019,virudo,2026,1,5941,2357,381816.0,lunes,2026-01-04 20:00:00,24.0,bajo baudó
27,chocó,27099,bojayá,27099000,bellavista,2025,12,66003,21920,31303.0,sábado,2025-12-19 19:00:00,24.0,bojayá
27,chocó,27099,bojayá,27099000,bellavista,2026,1,87096,32192,318142.0,jueves,2026-01-28 20:30:00,1.181,bojayá
27,chocó,27099,bojayá,27099002,la loma de bojaya,2025,12,14129,6943,64504.0,lunes,2025-12-01 18:45:00,24.0,bojayá
27,chocó,27099,bojayá,27099002,la loma de bojaya,2026,1,10409,4680,70904.0,viernes,2026-01-08 19:00:00,24.0,bojayá
27,chocó,27099,bojayá,27099005,napipi,2025,12,13208,5439,576.0,martes,2025-12-30 16:00:00,24.0,bojayá
27,chocó,27099,bojayá,27099005,napipi,2026,1,13857,6062,544.0,jueves,2026-01-01 02:15:00,24.0,bojayá
27,chocó,27099,bojayá,27099030,piedra candela,2025,12,7615,3857,556244.0,martes,2025-12-29 20:45:00,24.0,bojayá
27,chocó,27099,bojayá,27099030,piedra candela,2026,1,6598,3195,3746.0,sábado,2026-01-30 19:15:00,24.0,bojayá
27,chocó,27099,bojayá,27099012,pogue,2025,12,4738,2396,216808.0,jueves,2025-12-31 19:30:00,24.0,bojayá
27,chocó,27099,bojayá,27099012,pogue,2026,1,4753,2288,230432.0,jueves,2026-01-29 13:45:00,24.0,bojayá
27,chocó,27250,el litoral del san juan,27250023,papayo,2025,12,3822,804,193404.0,miércoles,2025-12-31 18:45:00,24.0,el litoral del san juan
27,chocó,27250,el litoral del san juan,27250023,papayo,2026,1,2981,653,255388.0,martes,2026-01-27 18:45:00,24.0,el litoral del san juan
27,chocó,27250,el litoral del san juan,27250000,santa genoveva de docordo,2025,12,78925,35873,246972.0,jueves,2025-12-17 19:30:00,1.331,el litoral del san juan
27,chocó,27250,el litoral del san juan,27250000,santa genoveva de docordo,2026,1,62056,27117,297792.0,miércoles,2026-01-21 18:45:00,24.0,el litoral del san juan
27,chocó,27361,istmina,27361021,panamacito,2025,12,1637,629,98824.0,viernes,2025-12-05 17:15:00,24.0,istmina
27,chocó,27361,istmina,27361021,panamacito,2026,1,1665,607,104988.0,miércoles,2026-01-28 16:00:00,24.0,istmina
27,chocó,27372,juradó,27372902,buenavista,2025,12,2175,515,138048.0,lunes,2025-12-01 12:15:00,1.381,jurado
27,chocó,27372,juradó,27372902,buenavista,2026,1,2234,568,132384.0,lunes,2026-01-05 11:30:00,1.481,jurado
27,chocó,27372,juradó,27372905,dichardi,2025,12,1426,814,67196.0,viernes,2025-12-26 11:15:00,1.202,jurado
27,chocó,27372,juradó,27372905,dichardi,2026,1,1079,543,63624.0,domingo,2026-01-04 11:30:00,24.0,jurado
27,chocó,27372,juradó,27372907,eyasake,2025,12,4039,1616,20188.0,miércoles,2025-12-31 11:15:00,24.0,jurado
27,chocó,27372,juradó,27372907,eyasake,2026,1,2031,448,14632.0,sábado,2026-01-16 19:15:00,24.0,jurado
27,chocó,27425,medio atrato,27425008,san roque,2026,1,2937,1392,25392.0,sábado,2026-01-02 19:30:00,24.0,medio atrato
27,chocó,27491,novita,27491004,juntas de tamana,2025,12,1472,626,153884.0,jueves,2025-12-31 19:45:00,24.0,novita
27,chocó,27491,novita,27491004,juntas de tamana,2026,1,1928,675,195284.0,jueves,2026-01-07 19:15:00,24.0,novita
27,chocó,27495,nuquí,27495001,arusi,2025,12,31994,6505,792.0,jueves,2025-12-31 20:15:00,2.4,nuquí
27,chocó,27495,nuquí,27495001,arusi,2026,1,32288,6622,768.0,domingo,2026-01-17 19:30:00,2.383,nuquí
27,chocó,27495,nuquí,27495011,comunidad de puerto jagua,2025,12,1317,519,6264.0,miércoles,2025-12-30 20:45:00,24.0,nuquí
27,chocó,27495,nuquí,27495011,comunidad de puerto jagua,2026,1,1611,647,5976.0,miércoles,2026-01-13 19:00:00,1.148,nuquí
27,chocó,27495,nuquí,27495910,comunidad indig. de rio nuquí,2025,12,1001,290,53596.0,viernes,2025-12-25 19:45:00,24.0,nuquí
27,chocó,27495,nuquí,27495910,comunidad indig. de rio nuquí,2026,1,832,197,50696.0,viernes,2026-01-01 19:30:00,24.0,nuquí
27,chocó,27495,nuquí,27495012,comunidad indig. puerto indio,2025,12,2950,1586,78632.0,lunes,2025-12-01 13:15:00,1.591,nuquí
27,chocó,27495,nuquí,27495012,comunidad indig. puerto indio,2026,1,2729,1426,798.0,martes,2026-01-13 18:45:00,1.611,nuquí
27,chocó,27495,nuquí,27495912,comunidad indígena de pangui - el yucal,2025,12,6904,2124,12144.0,miércoles,2025-12-10 17:30:00,2.093,nuquí
27,chocó,27495,nuquí,27495912,comunidad indígena de pangui - el yucal,2026,1,7377,2257,11656.0,viernes,2026-01-23 13:30:00,2.232,nuquí
27,chocó,27495,nuquí,27495902,comunidad indígena la loma,2025,12,840,296,33856.0,sábado,2025-12-06 18:30:00,1.307,nuquí
27,chocó,27495,nuquí,27495902,comunidad indígena la loma,2026,1,882,281,32632.0,viernes,2026-01-29 19:15:00,24.0,nuquí
27,chocó,27495,nuquí,27495002,coqui,2025,12,6347,1422,17358.0,miércoles,2025-12-30 19:00:00,2.38,nuquí
27,chocó,27495,nuquí,27495002,coqui,2026,1,6218,1458,15048.0,viernes,2026-01-02 18:45:00,2.28,nuquí
27,chocó,27495,nuquí,27495008,jovi,2025,12,10825,3929,250404.0,domingo,2025-12-28 18:30:00,2.205,nuquí
27,chocó,27495,nuquí,27495008,jovi,2026,1,10446,3623,265976.0,miércoles,2026-01-14 18:45:00,1.938,nuquí
27,chocó,27495,nuquí,27495003,jurubira,2025,12,18612,6802,56572.0,jueves,2025-12-31 19:45:00,1.879,nuquí
27,chocó,27495,nuquí,27495003,jurubira,2026,1,24583,8636,523808.0,viernes,2026-01-15 19:00:00,2.371,nuquí
27,chocó,27495,nuquí,27495000,nuquí,2025,12,314750,93952,589248.0,miércoles,2025-12-30 20:00:00,2.392,nuquí
27,chocó,27495,nuquí,27495000,nuquí,2026,1,317111,91238,55264.0,sábado,2026-01-09 19:30:00,2.39,nuquí
27,chocó,27001,quibdó,27001029,tagachi,2025,12,9857,4861,44256.0,miércoles,2025-12-30 20:00:00,1.076,quibdó
27,chocó,27001,quibdó,27001029,tagachi,2026,1,11485,5248,4692.0,viernes,2026-01-29 20:00:00,1.114,quibdó
27,chocó,27800,unguía,27800001,balboa,2025,12,33173,10719,963576.0,jueves,2025-12-31 19:45:00,1.627,unguía
27,chocó,27800,unguía,27800001,balboa,2026,1,30879,9534,843856.0,domingo,2026-01-03 20:15:00,1.605,unguía
27,chocó,27800,unguía,27800005,titumate,2025,12,19426,4300,66528.0,jueves,2025-12-24 20:45:00,1.315,unguía
27,chocó,27800,unguía,27800005,titumate,2026,1,17332,3900,65912.0,domingo,2026-01-03 20:00:00,1.11,unguía
27,chocó,27800,unguía,27800000,unguía,2025,12,481570,142770,1055472.0,sábado,2025-12-13 18:45:00,2.206,unguía
27,chocó,27800,unguía,27800000,unguía,2026,1,460398,136429,908688.0,viernes,2026-01-08 19:45:00,2.247,unguía
94,guainía,94343,barrancominas,94343000,barranco minas,2026,1,109817,24279,244672.0,miércoles,2026-01-27 19:00:00,2.379,barranco minas
94,guainía,94343,barrancominas,94343900,carpintero,2025,12,2911,1685,79468.0,martes,2025-12-30 18:45:00,2.364,barranco minas
94,guainía,94343,barrancominas,94343900,carpintero,2026,1,2740,1478,81832.0,miércoles,2026-01-21 18:30:00,2.281,barranco minas
94,guainía,94343,barrancominas,94343901,chatare,2025,12,312,18,46456.0,miércoles,2025-12-30 19:30:00,24.0,barranco minas
94,guainía,94343,barrancominas,94343901,chatare,2026,1,414,15,46644.0,viernes,2026-01-01 19:45:00,24.0,barranco minas
94,guainía,94001,inírida,94001905,chorro bocon,2025,12,6477,782,210692.0,miércoles,2025-12-24 18:15:00,1.738,inírida
94,guainía,94001,inírida,94001905,chorro bocon,2026,1,6230,738,210636.0,lunes,2026-01-04 19:00:00,1.601,inírida
94,guainía,94001,inírida,94001000,inírida,2025,12,2592787,644466,49033599.0,martes,2025-12-23 14:45:00,2.4,inírida
94,guainía,94001,inírida,94001000,inírida,2026,1,2358608,587323,47458398.0,martes,2026-01-27 15:30:00,2.382,inírida
94,guainía,94001,inírida,94001966,laguna colorada alta,2025,12,9716,311,31502.0,martes,2025-12-23 18:30:00,1.645,inírida
94,guainía,94001,inírida,94001966,laguna colorada alta,2026,1,8924,168,301236.0,viernes,2026-01-02 18:30:00,1.535,inírida
94,guainía,94001,inírida,94001916,venado,2025,12,4039,774,100608.0,jueves,2025-12-24 20:45:00,2.377,inírida
94,guainía,94001,inírida,94001916,venado,2026,1,3408,693,102364.0,sábado,2026-01-24 18:45:00,2.352,inírida
95,guaviare,95200,miraflores,95200000,miraflores,2025,12,134362,18974,256128.0,miércoles,2025-12-03 18:15:00,2.4,miraflores
95,guaviare,95200,miraflores,95200000,miraflores,2026,1,125050,15804,251712.0,miércoles,2026-01-21 18:30:00,2.4,miraflores
95,guaviare,95001,san josé del guaviare,95001012,cachicamo,2025,12,14074,6085,566836.0,miércoles,2025-12-23 21:15:00,1.186,san josé del guaviare
95,guaviare,95001,san josé del guaviare,95001012,cachicamo,2026,1,12643,5642,506772.0,sábado,2026-01-02 19:15:00,1.119,san josé del guaviare
44,la guajira,44847,uribia,44847003,cabo de la vela,2025,12,0,0,,,,0.0,uribia
44,la guajira,44847,uribia,44847003,cabo de la vela,2026,1,1006,0,399864.0,domingo,2026-01-31 19:00:00,24.0,uribia
47,magdalena,47189,ciénaga,47189018,palmor,2025,12,110803,41138,207616.0,martes,2025-12-09 18:15:00,2.337,ciénaga
47,magdalena,47189,ciénaga,47189018,palmor,2026,1,101561,32741,21248.0,domingo,2026-01-17 19:00:00,2.295,ciénaga
50,meta,50325,mapiripán,50325000,mapiripan,2025,12,231265,71228,43032.0,sábado,2025-12-13 18:15:00,2.397,mapiripan
50,meta,50325,mapiripán,50325000,mapiripan,2026,1,216611,66806,41536.0,miércoles,2026-01-27 19:15:00,2.393,mapiripan
52,nariño,52250,el charco,52250005,las mercedes,2025,12,565,1634,10432.0,jueves,2025-12-31 20:15:00,24.0,el charco
52,nariño,52250,el charco,52250005,las mercedes,2026,1,1276,4046,11136.0,jueves,2026-01-14 20:15:00,24.0,el charco
52,nariño,52250,el charco,52250007,san jose del tapaje,2025,12,3518,740,56.0,domingo,2025-12-27 20:30:00,24.0,el charco
52,nariño,52250,el charco,52250007,san jose del tapaje,2026,1,7456,1712,56.0,sábado,2026-01-02 19:30:00,24.0,el charco
52,nariño,52390,la tola,52390005,aguacatal,2025,12,3209,1170,14016.0,miércoles,2025-12-24 18:45:00,24.0,la tola
52,nariño,52390,la tola,52390005,aguacatal,2026,1,2798,991,14288.0,martes,2026-01-05 19:00:00,24.0,la tola
52,nariño,52390,la tola,52390013,amarales,2025,12,3458,1463,44416.0,viernes,2025-12-18 19:30:00,24.0,la tola
52,nariño,52390,la tola,52390013,amarales,2026,1,9447,3902,45344.0,miércoles,2026-01-13 20:00:00,24.0,la tola
52,nariño,52390,la tola,52390003,la vigia de la mar,2025,12,6699,3142,304.0,miércoles,2025-12-31 18:45:00,1.023,la tola
52,nariño,52390,la tola,52390003,la vigia de la mar,2026,1,6551,2887,2904.0,domingo,2026-01-10 19:00:00,1.03,la tola
52,nariño,52390,la tola,52390009,mulatos,2025,12,5488,2234,29088.0,lunes,2025-12-08 18:45:00,24.0,la tola
52,nariño,52390,la tola,52390009,mulatos,2026,1,5566,2132,30368.0,viernes,2026-01-30 18:15:00,24.0,la tola
52,nariño,52621,roberto payán,52621912,tamaje,2025,12,5240,2334,29688.0,lunes,2025-12-29 17:30:00,24.0,roberto payan
52,nariño,52621,roberto payán,52621912,tamaje,2026,1,6095,2471,29904.0,jueves,2026-01-29 16:15:00,24.0,roberto payan
52,nariño,52835,san andrés de tumaco,52835055,bocas de curay,2025,12,8411,2801,528.0,jueves,2025-12-24 19:00:00,24.0,san andrés de tumaco
52,nariño,52835,san andrés de tumaco,52835055,bocas de curay,2026,1,8831,2971,528.0,jueves,2026-01-07 19:00:00,24.0,san andrés de tumaco
52,nariño,52835,san andrés de tumaco,52835016,pital de la costa,2025,12,42585,22996,8863.0,jueves,2025-12-31 19:30:00,2.331,san andrés de tumaco
52,nariño,52835,san andrés de tumaco,52835016,pital de la costa,2026,1,40915,21212,9324.0,jueves,2026-01-28 19:30:00,1.963,san andrés de tumaco
52,nariño,52835,san andrés de tumaco,52835217,san juan de la costa,2025,12,18049,6125,91664.0,miércoles,2025-12-09 19:45:00,24.0,san andrés de tumaco
52,nariño,52835,san andrés de tumaco,52835217,san juan de la costa,2026,1,8017,2723,86944.0,lunes,2026-01-05 18:30:00,24.0,san andrés de tumaco
52,nariño,52696,santa bárbara,52696014,la ensenada,2025,12,2926,2122,22432.0,miércoles,2025-12-16 19:00:00,24.0,santa bárbara
52,nariño,52696,santa bárbara,52696014,la ensenada,2026,1,2791,1790,24448.0,martes,2026-01-26 19:00:00,24.0,santa bárbara
86,putumayo,86573,puerto leguizamo,86573009,piñuña negro,2025,12,4529,2093,352.0,martes,2025-12-22 19:30:00,24.0,puerto leguizamo
86,putumayo,86573,puerto leguizamo,86573009,piñuña negro,2026,1,4324,1979,352.0,lunes,2026-01-05 18:45:00,24.0,puerto leguizamo
86,putumayo,86573,puerto leguizamo,86573000,puerto leguizamo,2025,12,1006874,253334,1990296.0,lunes,2025-12-01 15:15:00,2.4,puerto leguizamo
86,putumayo,86573,puerto leguizamo,86573000,puerto leguizamo,2026,1,938468,253994,20913201.0,viernes,2026-01-23 15:45:00,2.4,puerto leguizamo
76,valle del cauca,76109,buenaventura,76109018,concepcion,2025,12,9220,2475,648.0,jueves,2025-12-10 19:00:00,24.0,buenaventura
76,valle del cauca,76109,buenaventura,76109018,concepcion,2026,1,3915,988,589216.0,domingo,2026-01-31 19:00:00,24.0,buenaventura
76,valle del cauca,76109,buenaventura,76109930,galvez,2025,12,3351,601,124148.0,lunes,2025-12-29 10:45:00,1.151,buenaventura
76,valle del cauca,76109,buenaventura,76109930,galvez,2026,1,2043,299,12154.0,sábado,2026-01-30 19:30:00,24.0,buenaventura
76,valle del cauca,76109,buenaventura,76109957,humanes mar,2025,12,8309,1855,274836.0,domingo,2025-12-21 09:15:00,1.19,buenaventura
76,valle del cauca,76109,buenaventura,76109957,humanes mar,2026,1,7298,1582,302588.0,martes,2026-01-12 19:00:00,1.026,buenaventura
76,valle del cauca,76109,buenaventura,76109913,mayorquin,2025,12,4123,1353,287528.0,lunes,2025-12-01 13:15:00,24.0,buenaventura
76,valle del cauca,76109,buenaventura,76109913,mayorquin,2026,1,3296,969,276704.0,miércoles,2026-01-20 19:30:00,24.0,buenaventura
76,valle del cauca,76109,buenaventura,76109069,papayal 1,2025,12,4789,1039,184952.0,jueves,2025-12-10 19:15:00,1.123,buenaventura
76,valle del cauca,76109,buenaventura,76109069,papayal 1,2026,1,3177,605,182548.0,lunes,2026-01-11 19:00:00,24.0,buenaventura
76,valle del cauca,76109,buenaventura,76109011,pastico,2025,12,3719,1454,166472.0,sábado,2025-12-05 19:15:00,24.0,buenaventura
76,valle del cauca,76109,buenaventura,76109011,pastico,2026,1,2916,1116,164436.0,martes,2026-01-27 12:15:00,24.0,buenaventura
76,valle del cauca,76109,buenaventura,76109105,pital,2025,12,3008,821,145088.0,domingo,2025-12-14 18:00:00,24.0,buenaventura
76,valle del cauca,76109,buenaventura,76109105,pital,2026,1,1547,432,141688.0,jueves,2026-01-08 18:45:00,24.0,buenaventura
76,valle del cauca,76109,buenaventura,76109028,puerto merizalde,2025,12,110435,42870,22616.0,viernes,2025-12-26 13:30:00,2.252,buenaventura
76,valle del cauca,76109,buenaventura,76109028,puerto merizalde,2026,1,113438,38965,228272.0,sábado,2026-01-23 20:15:00,2.328,buenaventura
76,valle del cauca,76109,buenaventura,76109081,punta bonita,2025,12,5182,1867,209708.0,viernes,2025-12-19 14:15:00,24.0,buenaventura
76,valle del cauca,76109,buenaventura,76109030,punta soldado,2025,12,3548,1475,284408.0,miércoles,2025-12-30 21:00:00,24.0,buenaventura
76,valle del cauca,76109,buenaventura,76109030,punta soldado,2026,1,2661,894,29542.0,domingo,2026-01-24 20:00:00,24.0,buenaventura
76,valle del cauca,76109,buenaventura,76109032,san francisco naya,2025,12,7273,2424,36512.0,jueves,2025-12-31 21:45:00,24.0,buenaventura
76,valle del cauca,76109,buenaventura,76109032,san francisco naya,2026,1,5932,2034,36.0,miércoles,2026-01-20 19:45:00,24.0,buenaventura
76,valle del cauca,76109,buenaventura,76109034,san isidro - calima,2025,12,7210,1537,306696.0,miércoles,2025-12-31 18:30:00,24.0,buenaventura
76,valle del cauca,76109,buenaventura,76109034,san isidro - calima,2026,1,7046,1634,45546.0,jueves,2026-01-22 10:45:00,24.0,buenaventura
76,valle del cauca,76109,buenaventura,76109907,san pablo( cajambre),2025,12,2668,0,200668.0,miércoles,2025-12-03 17:45:00,24.0,buenaventura
76,valle del cauca,76109,buenaventura,76109907,san pablo( cajambre),2026,1,1003,0,195652.0,jueves,2026-01-29 16:00:00,24.0,buenaventura
76,valle del cauca,76109,buenaventura,76109817,santa maria 1 naya,2025,12,1720,354,122328.0,sábado,2025-12-26 19:30:00,24.0,buenaventura
76,valle del cauca,76109,buenaventura,76109817,santa maria 1 naya,2026,1,1643,282,232704.0,viernes,2026-01-08 19:45:00,24.0,buenaventura
76,valle del cauca,76109,buenaventura,76109038,silva,2025,12,5490,1416,204776.0,lunes,2025-12-28 19:30:00,1.067,buenaventura
76,valle del cauca,76109,buenaventura,76109038,silva,2026,1,4561,1069,211672.0,sábado,2026-01-10 18:30:00,24.0,buenaventura
76,valle del cauca,76109,buenaventura,76109040,veneral,2025,12,9207,886,358992.0,domingo,2025-12-13 19:45:00,1.024,buenaventura
76,valle del cauca,76109,buenaventura,76109040,veneral,2026,1,4599,485,361876.0,jueves,2026-01-07 19:30:00,24.0,buenaventura
97,vaupés,97161,carurú,97161000,carurú,2025,12,42001,8083,10956.0,martes,2025-12-23 18:45:00,1.713,carurú
97,vaupés,97161,carurú,97161000,carurú,2026,1,37933,6314,99616.0,miércoles,2026-01-21 16:30:00,1.694,carurú
97,vaupés,97001,mitú,97001000,mitú,2025,12,1618735,350404,34555601.0,miércoles,2025-12-03 12:30:00,2.4,mitú
97,vaupés,97001,mitú,97001000,mitú,2026,1,1419878,303046,3261448.0,lunes,2026-01-26 11:30:00,2.323,mitú
97,vaupés,97666,taraira,97666000,taraira,2025,12,41722,11023,153472.0,viernes,2025-12-05 11:45:00,1.156,taraira
97,vaupés,97666,taraira,97666000,taraira,2026,1,47588,12029,14784.0,lunes,2026-01-05 12:00:00,1.41,taraira
99,vichada,99773,cumaribo,99773000,cumaribo,2025,12,425095,140699,82754.0,miércoles,2025-12-03 17:45:00,2.383,cumaribo
99,vichada,99773,cumaribo,99773000,cumaribo,2026,1,399154,134223,771076.0,miércoles,2026-01-28 15:30:00,2.4,cumaribo
99,vichada,99001,puerto carreño,99001002,casuarito,2025,12,17392,8779,768.0,viernes,2025-12-25 20:30:00,24.0,puerto carreño
99,vichada,99001,puerto carreño,99001002,casuarito,2026,1,14401,6824,8342.0,sábado,2026-01-16 20:45:00,24.0,puerto carreño
99,vichada,99001,puerto carreño,99001000,puerto carreño,2025,12,2944761,748801,54788799.0,martes,2025-12-02 13:45:00,2.4,puerto carreño
99,vichada,99001,puerto carreño,99001000,puerto carreño,2026,1,3025396,753682,50899199.0,martes,2026-01-06 15:15:00,2.4,puerto carreño
